tid,ts,entry,side,risk,r,oos
0,1750499400000,2446.7086,short,3.6700629000001754,1.081638996994129,False
1,1750514400000,2416.3792000000003,long,3.6245687999999063,1.619553461632039,False
2,1750520100000,2412.947,long,3.6194205000001602,1.6750350643049228,False
3,1750551000000,2252.8779999999997,long,12.205745127448154,2.4261699150203233,False
4,1750593900000,2284.0549,short,3.590452624277532,2.245541285290225,False
5,1750602600000,2190.3894999999998,short,8.554560786313232,0.5521061987257598,False
6,1750687500000,2299.8791,long,5.937070452693206,-1.2905320626972747,False
7,1750701900000,2300.5170000000003,short,7.919920214012109,-1.2178541832968726,False
8,1750703700000,2307.7753,short,7.818514206356667,-1.2213760094715678,False
9,1750772100000,2429.187,short,4.548983999865868,2.286397402138934,False
10,1750774800000,2438.0096,short,4.892296400359555,2.3006654216763467,False
11,1750865400000,2395.4592000000002,long,6.096018008988722,2.342818102146822,False
12,1750903500000,2472.451,short,4.353530399059764,2.2728325498281077,False
13,1750945800000,2425.9208,long,3.7841420519257554,2.2435697955613465,False
14,1750972800000,2418.0828,long,3.9196322728171253,2.2532337085016763,False
15,1751031000000,2430.5371999999998,short,3.6458057999998346,-1.5000000000000226,False
16,1751189700000,2455.5537999999997,short,3.6833307000001696,0.9662260749098819,False
17,1751292600000,2464.8283999999994,short,3.6972426000002088,1.9641889269439456,False
18,1751329800000,2478.2585,long,3.7173877499999435,1.3566612554448692,False
19,1751378700000,2451.58,short,3.6773699999998826,-1.500000000000016,False
20,1751396400000,2406.321,long,3.609481500000129,1.8921613005238278,False
21,1751471700000,2498.5248,short,3.747787199999948,-1.500000000000007,False
22,1751549400000,2604.5033000000003,short,4.379512019791491,-1.4460262847030616,False
23,1751809500000,2546.2041,short,3.819306150000102,-1.4999999999999867,False
24,1751811300000,2559.1378000000004,short,3.838706699999875,-1.5000000000000164,False
25,1751838000000,2598.3152,short,3.897472799999832,2.160986589818701,False
26,1751882400000,2564.563,long,3.846844499999861,-1.5000000000000182,False
27,1751893200000,2547.0338,long,3.820550699999785,-1.5000000000000282,False
28,1751896500000,2565.2708000000002,short,3.847906200000125,2.096672842049308,False
29,1751941800000,2528.2176,long,3.7923264000000927,-1.4999999999999878,False
30,1752066300000,2666.8203000000003,short,4.00023044999989,1.8475501595600292,False
31,1752154800000,2771.6545,long,4.157481749999988,1.7264533112286473,False
32,1752162000000,2760.3242999999998,long,4.155610146447998,2.2343038251689755,False
33,1752171900000,2807.7164,long,5.1104428412663765,-1.4120557386917534,False
34,1752214200000,3003.0771999999997,long,6.1459075960042355,2.3045478456622495,False
35,1752238800000,2998.0915999999997,short,4.573935373460245,2.2378107598637684,False
36,1752245400000,2982.6974999999998,long,5.896119736340552,-1.379405986485006,False
37,1752411300000,2983.043,long,4.474564499999815,0.35162087282464094,False
38,1752442500000,2943.2952,long,4.414942800000063,2.0301405616674018,False
39,1752467100000,3048.9035000000003,short,4.857768124110407,-1.4707259726232311,False
40,1752478500000,3048.95,short,4.573425000000043,2.176452627556002,False
41,1752491400000,3081.5463,short,4.979979708299652,2.2524852324306233,False
42,1752544500000,2974.1623,long,5.118506664513916,-1.435795412842709,False
43,1752584700000,3020.6906,short,5.6878742751446225,-1.398306615162023,False
44,1752591300000,2968.4535,long,8.033619262586853,2.352198447400918,False
45,1752626700000,3146.5627999999997,short,6.126172322777165,2.2945495076394735,False
46,1752674100000,3197.4620999999997,short,5.492759043079786,-1.4365923493442356,False
47,1752676200000,3241.4082,short,7.281517629767677,-1.333866684612774,False
48,1752736200000,3425.1196999999997,short,7.335092008351239,-1.3502123452678294,False
49,1752738000000,3467.8274,short,7.579418180182529,2.3169871450520274,False
50,1752774300000,3424.5662,short,7.381391785543201,-1.3479593990702918,False
51,1752844800000,3610.742,long,6.557100451939277,2.1288798100988866,False
52,1752862500000,3573.3382,long,7.5069997160817366,2.309599662440638,False
53,1752981900000,3641.0200999999997,short,5.461530149999817,-1.5000000000000169,False
54,1753002000000,3721.8054,short,5.6049547558127415,2.2343917614221036,False
55,1753010400000,3728.66,short,5.5929900000001,1.7796198548498385,False
56,1753095000000,3819.8473,short,5.779696288168907,2.235636814839573,False
57,1753097400000,3836.3902,short,6.733268827170377,2.2720934483103563,False
58,1753106100000,3819.4546,long,6.351869299766804,0.24662245570095515,False
59,1753148400000,3768.176,short,7.034938485946441,-1.401728032966558,False
60,1753154400000,3717.1454,long,6.747996317925299,2.2796593107127077,False
61,1753301400000,3576.7093000000004,long,6.473590968730605,-1.414380826338494,False
62,1753355700000,3652.6324999999997,short,6.9508969456096565,-1.394118111149715,False
63,1753367100000,3650.7749999999996,short,7.572748734452034,-1.3615703288217085,False
64,1753584900000,3784.1569,long,5.676235349999843,-1.5000000000000138,False
65,1753596600000,3778.21,long,5.667315000000144,-1.4999999999999873,False
66,1753614900000,3836.1526999999996,short,5.754229050000049,2.116733527913325,False
67,1753662000000,3875.0074,long,5.812511099999938,1.4937772832812553,False
68,1753677900000,3896.3423000000003,long,5.844513449999795,1.3341497653143293,False
69,1753710000000,3861.9058000000005,short,6.577612750522803,1.3272069897182277,False
70,1753775100000,3871.3985000000002,long,5.807097750000139,0.07207487810930546,False
71,1753794300000,3844.1499999999996,long,5.766224999999849,2.1301461120286076,False
72,1753819500000,3743.0085,long,5.9159891564181635,2.2469225584404704,False
73,1753876500000,3743.6925,long,5.694246959609245,2.237019309028531,False
74,1753900800000,3783.5521,long,7.378006549703969,-1.384611216577716,False
75,1753998900000,3717.2637999999997,long,6.269402890248784,-1.4446911290924178,False
76,1754086800000,3499.683,long,6.959564860327191,-1.3771445920365488,False
77,1754095800000,3512.6504999999997,short,6.334909498856632,-1.4158682733313697,False
78,1754158800000,3412.8935,short,7.449193887523506,2.3167375664249428,False
79,1754268300000,3540.6331,short,5.310949650000111,-1.4999999999999896,False
80,1754314500000,3594.7909,short,5.3921863499999745,-1.5000000000000024,False
81,1754316600000,3643.9609,long,6.716323925595589,1.5159662725903174,False
82,1754403300000,3585.0146999999997,long,7.994170336591196,-1.3363402219105727,False
83,1754487300000,3577.2277999999997,long,5.365841700000146,2.111065636247142,False
84,1754502300000,3676.2137999999995,short,5.514320700000098,-1.4999999999999911,False
85,1754562600000,3810.207,short,5.947760433751682,2.2437551802941984,False
86,1754577900000,3805.2631,long,6.433514983077657,2.2634100108566377,False
87,1754603100000,3883.1327,short,5.824699050000163,1.8375303205273157,False
88,1754615100000,3905.7417,short,8.066079225089197,-1.3631635883129585,False
89,1754661000000,3984.3443,long,6.917947954335887,2.2696227652303547,False
90,1754739600000,4188.2256,long,6.282338400000299,-1.4999999999999762,False
91,1754752800000,4175.2175,long,6.863658840193239,2.256676863042776,False
92,1754774100000,4270.864,long,6.50510505526654,2.0290272957847955,False
93,1754826900000,4178.6865,long,6.268029750000096,-1.4999999999999925,False
94,1754875500000,4297.4520999999995,short,6.446178150000378,-1.4999999999999707,False
95,1754878800000,4315.235000000001,short,8.181519467114413,2.2890252529572255,False
96,1754885400000,4341.3934,short,6.737536851977893,2.2422563470668564,False
97,1755001800000,4369.8483,short,8.113213434748104,2.284556472714776,False
98,1755004500000,4414.428,short,10.468461750577262,-1.3162662365191746,False
99,1755021900000,4511.2124,short,7.972565728652626,2.27366320687519,False
100,1755058500000,4658.219999999999,long,8.06311532887048,0.5811058516332617,False
101,1755201900000,4506.676100000001,long,8.958235439082273,2.298769472821014,False
102,1755206700000,4486.3429,long,8.98841850165536,-1.3743436261206936,False
103,1755261000000,4666.183300000001,short,7.894077747583651,2.263560306893187,False
104,1755456900000,4431.641100000001,long,6.908958763240662,2.2434263974144013,False
105,1755475200000,4477.3675,short,6.716051250000419,2.002965860138853,False
106,1755481200000,4397.5309,long,8.573274485278489,-1.3847011058217467,False
107,1755576900000,4203.2225,long,8.637688738795987,2.30535429663626,False
108,1755611400000,4306.592000000001,short,8.5415191309703,2.298321964326647,False
109,1755645600000,4124.473,short,7.484104964686594,1.9124813010421373,False
110,1755711900000,4355.5216,short,10.136396062895074,2.3281234642776574,False
111,1755780600000,4240.417,long,6.838691603688858,2.2519749539392784,False
112,1755784800000,4278.679,short,8.93638298674432,-1.359094865871354,False
113,1755805200000,4236.1708,short,6.637693477433459,2.1372858772438095,False
114,1755871200000,4435.8502,short,14.985746619732708,-1.2220034633188894,False
115,1755878700000,4736.6914,short,18.765019611442767,-1.1893160051819878,False
116,1755960600000,4734.9098,short,7.10236470000018,-1.4999999999999873,False
117,1756096500000,4698.596100000001,long,7.162625863736139,2.2376048287660804,False
118,1756103700000,4655.5651,long,8.171974070620308,-1.4272742173220037,False
119,1756137600000,4593.209,long,9.12245255360176,2.2985976261093737,False
120,1756212300000,4528.741599999999,short,9.409841065154978,2.3074891353151497,False
121,1756215600000,4478.6024,long,12.158739325531315,-1.2762582295803286,False
122,1756302900000,4591.0712,long,9.895552976452564,-1.3479647280140563,False
123,1756326000000,4521.0888,long,12.238648413648662,2.352235683314282,False
124,1756458000000,4321.4316,long,7.529974580934322,2.270441105554826,False
125,1756641000000,4477.2896,short,6.715934400000151,1.4284349347816987,False
126,1756649100000,4454.1129,long,6.681169350000346,-1.4999999999999742,False
127,1756685100000,4387.8375,short,6.581756249999671,1.5981465391584213,False
128,1756686900000,4364.7969,long,6.560212731581487,2.2338624780268206,False
129,1756690500000,4420.280000000001,short,7.623465634389504,-1.4348691473134036,False
130,1756817400000,4284.7885,short,7.103610043331173,-1.45238848351718,False
131,1756844100000,4306.5049,short,8.240217010957167,-1.3919652444474668,False
132,1756906200000,4386.4033,short,6.57960495000043,1.92326043321185,False
133,1756958700000,4408.0584,short,6.61208760000045,1.8509942341883385,False
134,1756989000000,4393.623,long,6.590434499999901,-1.5000000000000075,False
135,1757041800000,4303.029500000001,long,6.454544250000254,-1.4999999999999805,False
136,1757289000000,4299.953600000001,long,6.449930400000085,1.3490749750205855,False
137,1757294100000,4286.1091,long,6.429163650000191,-1.4999999999999851,False
138,1757317200000,4289.8539,long,6.434780849999697,0.981176401281159,False
139,1757321400000,4301.5415,short,6.452312250000432,-1.4999999999999665,False
140,1757400300000,4368.349400000001,short,6.552524099999573,-1.5000000000000326,False
141,1757422800000,4334.1338,long,6.501200699999572,-1.5000000000000329,False
142,1757495100000,4307.068,long,6.460602000000108,1.1838373511250213,False
143,1757521500000,4363.0252,long,6.544537800000398,2.0042450683634923,False
144,1757558100000,4377.9594,short,6.566939100000127,-1.4999999999999902,False
145,1757593200000,4455.2882,short,6.682932300000175,-1.499999999999987,False
146,1757596200000,4387.1025,long,10.46682421528294,2.3323425554966177,False
147,1757640600000,4507.6016,long,6.7614024000004065,-1.4999999999999698,False
148,1757694000000,4546.0556,long,6.819083399999727,1.0960977691362146,False
149,1757709900000,4679.2902,short,7.018935299999612,-1.5000000000000278,False
150,1757858700000,4631.3092,short,6.946963800000049,-1.4999999999999964,False
151,1757909100000,4647.585800000001,short,6.971378700000059,-1.4999999999999958,False
152,1757917800000,4638.2948,long,6.957442199999605,-1.5000000000000284,False
153,1757925300000,4548.4736,long,6.822710399999778,-1.5000000000000164,False
154,1758030600000,4439.428400000001,long,6.65914260000045,1.8695408624287564,False
155,1758115800000,4490.0761999999995,long,6.735114299999623,-1.500000000000028,False
156,1758159000000,4621.709000000001,short,6.93256349999956,-1.500000000000032,False
157,1758204900000,4614.4484999999995,short,6.921672749999743,-1.5000000000000184,False
158,1758253500000,4544.9301,long,6.817395150000266,-1.4999999999999805,False
159,1758553500000,4174.2469,long,6.805747216611962,-1.4600060912280721,False
160,1758597900000,4175.616,short,6.263423999999759,-1.5000000000000193,False
161,1758641100000,4199.0163,short,6.298524449999604,2.232750016179235,False
162,1758776400000,3979.1169,long,12.005481193401465,2.367423326532317,False
163,1758846000000,3907.2078,short,7.351365662384978,2.2874023423978707,False
164,1759019400000,4028.2634,short,6.042395099999794,1.1808152621244612,False
165,1759075200000,4024.7790000000005,short,6.037168500000007,-1.4999999999999996,False
166,1759097700000,4107.1368,short,6.1607051999999385,-1.5000000000000049,False
167,1759118400000,4120.8795,short,6.181319250000342,1.0132055843784538,False
168,1759127100000,4097.0485,long,6.145572750000156,1.0437546966325355,False
169,1759153500000,4154.289500000001,short,6.231434250000348,-1.4999999999999722,False
170,1759245000000,4114.7809,long,6.99785635954504,-1.4410044328490104,False
171,1759269600000,4166.7601,short,6.250140150000334,2.0656535540269783,False
172,1759272900000,4141.0105,short,6.211515750000217,1.8996692244790139,False
173,1759356300000,4323.1206,short,6.484680900000058,1.6100029184676476,False
174,1759411200000,4394.5614000000005,short,6.591842099999667,-1.5000000000000253,False
175,1759418100000,4397.85,short,8.80729888940823,-1.3745061387625532,False
176,1759496700000,4448.4356,long,6.672653399999945,1.5399130579364153,False
177,1759509300000,4581.7219000000005,short,9.349279054690669,2.303975392190261,False
178,1759590000000,4479.3423,short,6.719013449999693,0.8782287676960641,False
179,1759591800000,4442.0776000000005,long,6.663116400000035,1.5625372582911137,False
180,1759631700000,4536.813,short,6.805219500000021,1.44548820051347,False
181,1759634100000,4535.3444,long,6.803016599999864,2.1577374989071423,False
182,1759683600000,4535.069600000001,short,6.8026043999998365,1.5707868918650634,False
183,1759710900000,4500.533600000001,long,6.7508004000001165,-1.4999999999999916,False
184,1759730700000,4534.9826,long,6.802473900000223,1.2626974298390288,False
185,1759758600000,4627.4792,short,7.649850824785062,-1.4536832782092208,False
186,1759843200000,4746.243,short,7.119364500000302,-1.499999999999979,False
187,1759931700000,4475.4310000000005,short,6.713146500000221,-1.4999999999999836,False
188,1759934400000,4456.774799999999,long,7.908572369280591,-1.4226529067349307,False
189,1759942200000,4489.4475,short,6.734171250000145,-1.4999999999999893,False
190,1760018400000,4335.9203,long,7.674085167816884,2.2739967589526517,False
191,1760022000000,4356.5183,short,8.87586163018841,2.3036689402556,False
192,1760104200000,4343.718199999999,long,6.515577299999677,1.9126631475964633,False
193,1760108700000,4263.8355,short,9.366787411171572,-1.3414059148162112,False
194,1760131800000,3723.9352,short,55.62398219558054,0.08658023158188174,False
195,1760189700000,3791.5077,long,7.131172433184929,2.2873276667743005,False
196,1760280900000,4013.2387,short,14.31535474709608,2.3878619839773187,False
197,1760285100000,4093.7455,short,16.138120543790137,2.3985322859897646,False
198,1760355300000,4068.1549,long,10.405489986836528,2.3436150568537575,False
199,1760365200000,4097.8634999999995,long,13.187209879281909,-1.2330589755630217,False
200,1760449200000,3917.3328,long,10.68565475745936,2.353361056896734,False
201,1760470500000,4066.6016,long,10.845114818028833,-1.2812281152551548,False
202,1760537400000,4092.0060000000003,short,10.809494319110854,2.3485773384323645,False
203,1760622600000,4016.3095000000003,long,7.291793854128173,-1.4130989143768315,False
204,1760685000000,3789.4014,short,9.479536278428895,0.282006853128801,False
205,1760691600000,3706.4527,long,10.715132211772016,2.3616366974575067,False
206,1760700000000,3789.1825,long,11.42227442331341,0.9730960446733672,False
207,1760896800000,4000.6003,short,6.00090044999979,2.005444908064654,False
208,1760914800000,4006.7855,long,6.010178250000081,-1.4999999999999933,False
209,1760916900000,3978.3095000000003,long,5.967464249999921,-1.5000000000000067,False
210,1760921400000,3932.3484,long,6.137980030564449,2.2437366442758564,False
211,1760973300000,4017.5675,long,6.0263512500000616,2.1138573673197563,False
212,1760977500000,3961.7715,long,7.745809968293088,-1.3836046374960034,False
213,1761053400000,3871.313,long,6.131501176056645,2.2474476224440467,False
214,1761056700000,3912.6947,long,9.791475058302694,2.3401591312155654,False
215,1761060000000,4063.1245,short,12.003879160681663,-1.2538632165659813,False
216,1761126000000,3830.0348,long,5.745052199999918,2.0070945415712034,False
217,1761135300000,3853.4408000000003,short,7.044708261998949,0.8190078744812492,False
218,1761138000000,3847.6516,short,5.771477400000094,0.4987285110048469,False
219,1761226800000,3834.6573,long,6.2368890869561255,2.254066025767926,False
220,1761245100000,3861.9809999999998,long,6.8273134616979405,-1.4242497090912316,False
221,1761310500000,3952.7066999999997,long,7.36558722630798,2.2853419379309257,False
222,1761486000000,4092.9022999999997,short,6.1393534500002716,-1.4999999999999778,False
223,1761519600000,4167.3629,short,6.58904258160328,2.247012537958984,False
224,1761572100000,4139.900100000001,long,6.20985015000042,-1.4999999999999662,False
225,1761574200000,4140.0432,long,6.825705977285907,-1.4549027471052378,False
226,1761594900000,4187.1332999999995,long,6.280699949999871,-1.5000000000000102,False
227,1761662400000,4101.3994999999995,long,7.774965241154405,-1.3956351610059772,False
228,1761745500000,3986.1659999999997,long,5.979248999999982,-1.5000000000000013,False
229,1761929400000,3827.566,long,6.963090781812298,-1.412270152716987,False
230,1762016400000,3876.0407,long,5.814061049999964,-1.500000000000003,False
231,1762089600000,3854.2917,long,5.7814375500001915,1.175332112116561,False
232,1762108500000,3863.1566000000003,short,5.794734900000094,0.9353639156254938,False
233,1762126800000,3903.7719,short,5.855657850000171,-1.4999999999999853,False
234,1762166700000,3696.609,long,5.544913499999893,-1.5000000000000098,False
235,1762176300000,3710.7079999999996,short,5.566061999999874,-1.500000000000011,False
236,1762203900000,3611.7271,short,8.383744816290346,2.16845700563763,False
237,1762216200000,3594.8048,short,6.691706698682083,-1.4029022372619815,False
238,1762234200000,3517.0944,long,8.059080964099849,2.3254344674948757,False
239,1762240500000,3517.0603,short,10.604394427951775,2.3673357418419103,False
240,1762305900000,3168.8216,long,11.052354753108375,2.385315964940094,False
241,1762449000000,3293.1814999999997,short,10.182363246477053,-1.2425651162911069,False
242,1762477500000,3295.6794,long,7.125537058792361,2.3149933472911552,False
243,1762521000000,3236.5125,short,7.0979733744120495,-1.3419827388689054,False
244,1762536300000,3378.7955,short,10.262744475677664,-1.2469219253198516,False
245,1762612500000,3406.9397,short,5.37515126934386,2.2464674365961463,False
246,1762725300000,3575.5932,long,5.363389799999823,-1.5000000000000164,False
247,1762729800000,3579.5293,long,5.817478102615041,2.253877591845829,False
248,1762788000000,3539.9081,short,7.725693626760403,-1.343649541809916,False
249,1762872900000,3529.2218,short,7.862169839153921,2.3204454051641115,False
250,1763047500000,3404.7512,long,10.873673943900485,-1.2348390629675268,False
251,1763113500000,3152.9984999999997,long,8.911489709410944,2.358474908110157,False
252,1763128200000,3124.0708,short,10.992107495281743,-1.2131577680627426,False
253,1763259000000,3162.2181,short,5.02919011646236,-1.4715796221814497,False
254,1763298300000,3155.8718,long,5.074013157543959,2.25121295889366,False
255,1763304000000,3172.334,short,4.922021229791881,-1.483388914618843,False
256,1763414400000,2984.703,long,9.454094374932538,2.373718078892298,False
257,1763427000000,3035.8833,short,7.04833093506204,-1.323042787856833,False
258,1763432400000,3018.4584000000004,short,8.719680680232614,-1.2596246219350786,False
259,1763476200000,3082.6996,short,7.059433288034597,-1.3275085415027252,False
260,1763645700000,3011.0188,long,6.054539112672046,-1.372986953750698,False
261,1763648100000,3005.5109,short,8.283100286696936,0.22217903548215814,False
262,1763651100000,2965.5437,long,9.445331352206267,2.3744122957927867,False
263,1763729100000,2738.2408,short,11.219877907959926,2.4023789448526047,False
264,1763736000000,2755.5424000000003,long,9.952555022784509,0.12446684466088345,False
265,1763871600000,2847.2751,short,4.616866127018966,2.2533153423411902,False
266,1763907000000,2835.8990999999996,short,4.253848649999782,2.1972730149826574,False
267,1763909100000,2820.8995,long,4.41915037652052,-1.4787514442234948,False
268,1763945400000,2799.5185,short,5.388820169657265,2.292198038764537,False
269,1763949000000,2799.5185,short,5.3600626983493385,-1.3917190885932351,False
270,1763961000000,2878.8427,short,6.693152982135416,2.3279529717797693,False
271,1764082800000,2858.1583,long,7.081277468407734,2.338551260686965,False
272,1764084600000,2903.9329,short,8.148080338683485,-1.2672960482066011,False
273,1764088200000,2931.7392999999997,short,7.420359071808889,-1.296320495237704,False
274,1764116400000,2970.2767999999996,short,4.807598283483003,2.252868137073422,False
275,1764179700000,3029.8568,short,7.27546814220932,-1.312336272468365,False
276,1764205500000,3040.1255,long,4.56018825000001,-1.499999999999999,False
277,1764328500000,3020.6594000000005,long,4.53098910000017,1.891338655550228,False
278,1764339600000,3081.1524,short,4.621728600000097,-1.4999999999999896,False
279,1764441000000,2979.3100000000004,short,4.468965000000026,-1.4999999999999973,False
280,1764509400000,3046.3458,short,4.569518700000117,-1.4999999999999873,False
281,1764519600000,3045.0036,short,4.567505399999845,1.2303425446718184,False
282,1764544800000,3017.5190000000002,long,4.526278499999989,-1.5000000000000013,False
283,1764594000000,2835.6448,short,5.220453215314137,2.282728074897234,False
284,1764599400000,2808.2456,long,4.764395596193481,2.264230694676732,False
285,1764637500000,2820.1263,short,4.590574155583454,2.254268097678377,False
286,1764643200000,2812.8675000000003,short,4.219301250000171,2.202993330403404,False
287,1764686100000,2867.7364,short,4.301604599999791,2.2303292217470148,False
288,1764728700000,3042.9377,short,5.0621000097212345,2.2595513566182475,False
289,1764770700000,3052.3765000000003,short,5.933236406763626,-1.3858404112113787,False
290,1764772500000,3079.7401,short,7.49910757213911,-1.3080106603059611,False
291,1764866100000,3177.7455,long,8.23207022625138,-1.2895151595524328,False
292,1764934200000,3110.6723,long,4.952294007000091,2.2487489801208853,False
293,1764941100000,3112.3655,long,4.864267229418601,-1.4798819667806373,False
294,1764945600000,3087.6921,long,6.196518813238981,2.300682144729193,False
295,1765117500000,2970.1864,short,7.623298291135143,2.344152161619916,False
296,1765124100000,3016.5773,short,8.74513463811627,0.14283577145348123,False
297,1765168200000,3132.2197,short,4.698329549999926,1.9838630819909706,False
298,1765199400000,3155.151,short,4.732726499999899,1.9205055650256408,False
299,1765204500000,3124.6345,long,6.435765880076815,2.3057956390443914,False
300,1765251300000,3119.357,short,4.679035499999827,-1.5000000000000187,False
301,1765293900000,3161.0528999999997,short,7.711210795252555,-1.3074471361176623,False
302,1765296000000,3272.6183,short,10.621707007732766,-1.2310799688988892,False
303,1765363200000,3314.8757000000005,long,5.012957849553459,-1.4959460760719265,False
304,1765377000000,3336.6485000000002,short,5.004972749999979,1.9036765470179942,False
305,1765393200000,3346.8049,long,11.529327540515624,2.3838855123774088,False
306,1765465800000,3171.2527,long,6.851341918234539,2.3148536308450844,False
307,1765467600000,3173.5915,short,7.811025214304209,-1.3047223072127827,False
308,1765556400000,3050.5134,long,10.584740052156121,2.3847203281339495,False
309,1765636800000,3110.2996000000003,short,4.665449399999943,-1.5000000000000062,False
310,1765638900000,3120.0860000000002,short,4.680128999999852,1.3828635043027084,False
311,1765716000000,3102.885,short,4.688689508845073,2.2352876539043955,False
312,1765756800000,3080.3999999999996,short,6.442691765913878,2.308750745066069,False
313,1765794300000,3171.8794,short,4.757819099999779,1.4353122255949382,False
314,1765848900000,2935.7678,long,4.64772662480982,2.2473373081516335,False
315,1765896300000,2919.6508,long,8.443872953615028,2.3616913913300874,False
316,1765919100000,2942.9752,short,4.496734461736651,-1.4908520658227973,False
317,1765996800000,2822.3349000000003,long,6.844646776394711,-1.3092564516696592,False
318,1766066400000,2981.636,short,8.018464447500264,2.351261496785484,False
319,1766102400000,2836.9385,short,4.255407749999904,1.8599189963507694,False
320,1766111400000,2830.9525000000003,short,4.246428750000177,-1.4999999999999791,False
321,1766117100000,2926.3572999999997,short,8.579358672402577,-1.2558195849836609,False
322,1766308500000,2994.5775999999996,short,4.491866400000163,-1.4999999999999818,False
323,1766342100000,2983.3232000000003,short,4.474984800000129,-1.4999999999999856,False
324,1766345400000,2976.734,long,4.465100999999777,1.1576499638110622,False
325,1766362500000,3057.4281,short,5.097962450775867,2.2601058752769654,False
326,1766368800000,3006.2779,long,5.249749693112335,-1.4294887483794083,False
327,1766395500000,3039.0865000000003,short,4.558629749999909,1.5545263587315765,False
328,1766457600000,2993.41,long,4.49011500000006,-1.4999999999999933,False
329,1766497800000,2935.6117,long,4.403417550000086,1.9939890378199163,False
330,1766588400000,2918.1076000000003,short,4.658404167152639,2.1503849407432987,False
331,1766676300000,2952.5534,short,4.428830100000141,1.1868725964751188,False
332,1766736000000,2966.705,short,4.4500575000001845,1.545071642036302,False
333,1766968500000,2973.4489000000003,short,4.460173349999877,1.4677662028839515,False
334,1767082500000,2997.4147000000003,short,4.49612204999994,1.6354174130300785,False
335,1767106800000,2974.2979,long,5.832291036659171,-1.3824780709636524,False
336,1767116700000,2966.7217,long,4.450082549999934,1.8242640552017986,False
337,1767190200000,3017.0669000000003,short,4.525600349999877,1.5274221293287495,False
338,1767325800000,3029.4667,short,4.5442000500001996,1.3160379470466737,False
339,1767336000000,3030.1636,long,4.545245400000113,0.9505470759775722,False
340,1767348600000,3056.4016,long,4.584602400000222,1.1455822995686074,False
341,1767428700000,3101.5234,short,4.652285099999972,1.479518733470403,False
342,1767485400000,3149.1918,short,4.723787699999775,1.1916669172763,False
343,1767510900000,3138.63,long,4.707945000000109,-1.4999999999999885,False
344,1767542400000,3137.0622000000003,short,4.705593300000146,0.9365219357849501,False
345,1767575400000,3187.1394,long,5.265882447949934,-1.453932379544589,False
346,1767616500000,3167.7455,long,4.751618249999865,1.0367656667389498,False
347,1767624300000,3150.5229,long,5.042064678085808,2.2500608896436387,False
348,1767710700000,3269.8349,long,5.956152342895166,2.280406227929948,False
349,1767714000000,3263.0348999999997,long,7.04023732098949,-1.34761273852286,False
350,1767743100000,3297.6678,short,4.946501700000226,1.6207417013262777,False
351,1767778800000,3203.9179000000004,long,4.805876850000004,-1.4999999999999996,False
352,1767798300000,3173.443,short,6.327878429500288,2.299399243499615,False
353,1767885600000,3102.0281999999997,short,6.38914152651796,-1.364136737360385,False
354,1767902400000,3096.374,long,4.644561000000067,-1.4999999999999927,False
355,1767969300000,3091.8104,short,4.7520353408422125,1.8367119328927153,False
356,1767974100000,3097.0325999999995,long,7.724699213431904,2.2108900948652748,False
357,1768149000000,3143.8732,short,4.715809799999988,1.2728968140623929,False
358,1768152900000,3117.9389,long,4.676908349999849,1.1840752065185325,False
359,1768172700000,3093.2055,long,4.639808249999987,1.279475501121173,False
360,1768179600000,3118.6251,long,4.695281712935866,1.558746109100539,False
361,1768208400000,3111.3665,long,4.667049749999933,1.8318882858421515,False
362,1768228200000,3094.7495,short,4.642124250000052,-1.4999999999999944,False
363,1768311300000,3135.4170999999997,long,4.703125649999947,1.335848914684071,False
364,1768315500000,3145.7385999999997,long,4.718607899999824,0.11897583289344488,False
365,1768345200000,3344.8172999999997,short,8.32912156467637,2.3393675840110326,False
366,1768399500000,3313.3641,short,4.970046150000144,-1.4999999999999856,False
367,1768573800000,3299.2751,long,4.948912649999784,-1.5000000000000218,False
368,1768575900000,3305.0035,short,4.95750524999994,-1.500000000000006,False
369,1768666800000,3313.2187,long,4.96982805000016,1.129856534471451,False
370,1768748100000,3322.3812,long,4.983571799999936,-1.5000000000000064,False
371,1768801200000,3205.6333,short,4.8084499500000675,0.9356210791064167,False
372,1768810200000,3193.9390999999996,long,4.790908649999892,0.9942148753784696,False
373,1768828800000,3212.2896,long,4.818434400000115,1.0502631215440197,False
374,1768877100000,3197.0731,short,4.795609650000188,1.3317205621502577,False
375,1768885800000,3154.3423,long,4.731513449999966,1.5184165551276199,False
376,1768889700000,3131.602,long,4.697403000000122,-1.499999999999987,False
377,1769006100000,2975.1282,long,6.800065330839516,-1.32813598714713,False
378,1769007900000,2992.1937,short,7.053229477152854,-1.3181727295658447,False
379,1769013300000,2924.4795999999997,long,7.935643699880529,-1.2763934197339304,False
380,1769181300000,2898.048,long,5.589298221812896,2.292600223857083,False
381,1769186100000,2971.9135,short,6.670801356422999,-1.3341330382824044,False
382,1769331600000,2926.9165000000003,long,4.390374749999864,0.9942108816618841,False
383,1769358600000,2882.8679,long,4.5994355778098,2.2492850719415136,False
384,1769385600000,2820.8581000000004,short,4.8810351090533,-1.433441581085111,False
385,1769390400000,2876.754,short,5.391385111813179,-1.4001876058292537,False
386,1769418900000,2889.2322,long,4.333848300000227,-1.4999999999999738,False
387,1769526000000,2912.3052000000002,long,4.559466180124673,2.2445047218295366,False
388,1769529300000,2937.4220000000005,short,4.605381785133886,-1.4783678319811553,False
389,1769531400000,2990.9458,short,6.329045833595956,-1.3544308903709554,False
390,1769607300000,3039.647,short,4.559470499999861,-1.500000000000015,False
391,1769610300000,3018.1419,long,4.527212850000069,1.4463220681046614,False
392,1769654100000,2972.88,long,4.459319999999934,-1.5000000000000073,False
393,1769706000000,2848.0208000000002,short,6.666439496095336,-1.3204132582694414,False
394,1769757000000,2747.0330000000004,short,4.937720767792143,2.277465504496004,False
395,1769766600000,2709.7591,long,4.287625635950008,2.2472018940012672,False
396,1769783700000,2746.4785,short,4.9705039567516,-1.4144165044274888,False
397,1769869800000,2539.8228,short,9.148800366830983,2.388954936246805,False
398,1769876100000,2538.9473,short,7.898877056672518,-1.2410735679689346,False
399,1769991300000,2308.6638000000003,short,11.382574990396279,-1.1521182905854697,False
400,1770014400000,2227.8301,short,11.068381893742753,0.3057400553203857,False
401,1770044400000,2323.0215,long,7.756419181984711,2.3025206552737334,False
402,1770150300000,2248.6696,short,9.737747036081146,-1.1731922377682462,False
403,1770219600000,2147.7426000000005,long,10.804187039148474,-1.1490909907578715,False
404,1770230400000,2175.6414000000004,short,13.138972405288769,2.4337652494307926,False
405,1770243600000,2156.1159,short,8.817343933405027,-1.1833984176202508,False
406,1770254400000,2127.8715,long,6.309959403098674,2.365110289048485,False
407,1770258900000,2159.5112,short,7.252163825924981,2.3808901038732637,False
408,1770269700000,2108.4488,short,8.152638333042887,-1.1939662395657606,False
409,1770393600000,1972.4478,long,7.4391402134594955,2.3939421630241084,False
410,1770480600000,2006.6854,long,14.6167670235086,2.4450853831966377,False
411,1770637800000,2018.512,long,3.7275526907567382,2.2833954696328647,False
412,1770647100000,2025.847,short,3.7505337385953226,1.8807532113778538,False
413,1770650400000,2034.1659,long,6.048634438732961,2.107273437917694,False
414,1770711300000,1996.8466,long,3.879516584755038,2.2941138741000033,False
415,1770713400000,2015.1625,short,3.8104212793293755,-1.3966416740319059,False
416,1770734100000,2005.501,long,4.536754734920123,-1.3315422229953287,False
417,1770820800000,1952.1202,long,6.657857276015875,-1.2199041056758917,False
418,1770852000000,1933.7746,long,4.021588463995613,2.3076606179560484,False
419,1770990300000,1970.7919,short,3.057844957479574,-1.483377655032686,False
420,1770993600000,1970.4342,long,4.114052056058654,1.3528733507095052,False
421,1771058100000,2077.1548,short,3.1157321999999112,-1.5000000000000142,False
422,1771068600000,2097.4365,short,3.1461547499998233,-1.500000000000028,False
423,1771072500000,2077.5648,long,3.1163471999998364,-1.5000000000000262,False
424,1771121400000,2054.2763,long,3.1452385344468894,2.238744609987194,False
425,1771126800000,2039.2788,long,3.4258610659569513,2.2618959133790697,False
426,1771177800000,1971.2217,short,4.00977496706696,-1.3687030536981533,False
427,1771244700000,1993.4380999999998,short,3.1211877894072586,-1.4790094912180625,False
428,1771248900000,1964.8672,long,5.2997349779855085,-1.27806114949547,False
429,1771338900000,1973.4847,long,3.683837493296096,-1.401785781184304,False
430,1771341900000,1946.0024999999998,long,5.357191463856225,-1.272437878102161,False
431,1771352400000,1987.0223,short,4.932250531839145,-1.3021474102703998,False
432,1771427100000,1981.6042,long,4.5331062018426564,0.5684794201275296,False
433,1771430400000,1968.075,long,5.004679845172177,2.3427012267808878,False
434,1771511400000,1914.2800000000002,long,3.3595820611824365,2.2720811737724342,False
435,1771600500000,1935.73,long,5.454236535071459,2.3580384266393497,False
436,1771602900000,1963.8532,short,5.3716206929327655,-1.2741984187263677,False
437,1771612500000,1963.63,long,4.516232856882652,1.8009343913053768,False
438,1771764000000,1962.5564,long,2.9438345999999456,1.0826086304903146,False
439,1771802400000,1949.6989,long,2.9245483499998954,1.219630491158338,False
440,1771809600000,1871.8547,short,5.60329107599523,-1.2505475810482767,False
441,1771812000000,1852.6704,long,6.079734631420479,2.3781084693778864,False
442,1771850100000,1923.7397,short,2.8856095500000265,1.9018126358827592,False
443,1771982400000,1920.0722,short,4.632618128960075,2.3342127801990005,False
444,1772026800000,1966.5965,short,2.9498947500001123,-1.499999999999981,False
445,1772033400000,2017.9702,short,5.158119840815971,-1.2934165348435527,False
446,1772116800000,2064.6706,short,3.5761710307497196,1.9006209406634866,False
447,1772124300000,1994.799,long,5.689630754096925,-1.2629519057845195,False
448,1772132400000,2027.0453,short,5.192436377625199,-1.2927881758072333,False
449,1772187600000,1989.2021,long,3.856191350457948,-1.3868847366256416,False
450,1772199000000,1950.6272,long,3.3971477826560204,-1.4306466758582381,False
451,1772203200000,1944.8345,long,3.944002444861553,-1.3698339175474832,False
452,1772287200000,1890.2162,long,4.946581178222459,2.347149687277204,False
453,1772289300000,1912.288,short,4.755515144991023,2.339151978980514,False
454,1772301300000,1908.5902999999998,short,3.737691353255741,-1.3829751013959812,False
455,1772338500000,1999.5075000000002,long,4.787696833150221,2.3329461893948404,True
456,1772373900000,2024.4757,short,4.681313354202302,2.3270164334816275,True
457,1772465100000,2027.7725,long,6.870387690234338,-1.2213600518005305,True
458,1772482200000,2025.522,long,5.160041171331841,2.342984043518592,True
459,1772548500000,1965.2637,short,4.825667552147252,2.3370991222446884,True
460,1772555700000,1968.4589999999998,long,7.292259746610171,-1.2024536016680265,True
461,1772575200000,1984.4115000000002,short,3.684076796784211,2.2845417878658587,True
462,1772614500000,2063.7457999999997,short,5.1430900150667185,-1.3009493019693767,True
463,1772616900000,2084.5776,short,5.55623407864141,2.3499287416263583,True
464,1772633100000,2074.9225,short,3.667678716862156,-1.4242988536169776,True
465,1772717400000,2111.043,long,3.9904656305784556,2.2883913111468597,True
466,1772722200000,2114.7335000000003,short,5.399969527749363,0.24185844582798416,True
467,1772938200000,1936.9341,long,2.9054011499999888,2.0383452040900067,True
468,1772969700000,1948.7568999999999,long,2.9231353499999386,-1.5000000000000104,True
469,1772992500000,1933.1915,long,2.8997872499999175,-1.5000000000000142,True
470,1773034200000,1992.9465,short,3.1916027461741123,-1.4683257892266706,True
471,1773048600000,2012.4333000000001,short,3.6032400996957676,-1.4188799339592821,True
472,1773054900000,1981.3341,long,3.176825074561293,2.2505265095184868,True
473,1773153900000,2043.594,long,4.504593819264301,1.7229754747005877,True
474,1773166800000,2039.5367999999999,long,4.928593830370801,2.3344731280202677,True
475,1773171600000,2039.0834999999997,short,4.534878792474274,-1.337233406885742,True
476,1773272700000,2046.6724,long,3.0700085999999374,1.8261803251048534,True
477,1773310800000,2060.9249,short,3.091387349999877,-1.50000000000002,True
478,1773323400000,2072.0694000000003,short,3.9693524246799825,2.291193204501853,True
479,1773325500000,2072.5593,short,4.931548541153006,2.3318938335328756,True
480,1773391500000,2097.2125,long,3.145818750000217,2.1929364426382922,True
481,1773405000000,2132.5469000000003,short,3.1988203500000054,-1.4999999999999991,True
482,1773407400000,2154.2028,short,3.695087865929054,-1.437243215485426,True
483,1773544500000,2096.1475,long,3.1442212500001006,-1.499999999999984,True
484,1773593400000,2087.6754999999994,long,3.131513249999898,1.0981424941163318,True
485,1773619200000,2184.3625,short,4.884571923716521,2.321121479293231,True
486,1773634500000,2247.9714999999997,short,4.916307081998184,-1.3429359876996843,True
487,1773655200000,2267.9467999999997,short,3.4019201999999495,-1.5000000000000073,True
488,1773706500000,2369.5209999999997,short,5.1735515566542745,2.3167973413194427,True
489,1773709800000,2366.4752,short,5.735927549335884,-1.3094279669214957,True
490,1773760200000,2327.572,long,4.925294322038553,-1.3544314077209243,True
491,1773912000000,2183.2525,short,3.9472067757428704,2.2787546866389152,True
492,1773924900000,2134.004,short,3.2010059999997793,1.3022352526016243,True
493,1773927000000,2118.6425,long,3.9545958687685925,-1.401806386222415,True
494,1774016700000,2136.9701999999997,short,5.0283538439603035,-1.3187380402684032,True
495,1774031400000,2120.575,long,3.1808624999998756,-1.5000000000000195,True
496,1774206000000,2062.6653,long,3.0939979499999026,-1.5000000000000158,True
497,1774218300000,2061.9869,short,4.36397128854378,-1.3543767987337172,True
498,1774248000000,2029.2336,long,3.2467166297014955,2.2499956009174022,True
499,1774281000000,2131.148,long,5.804893011979857,-1.2753471936005332,True
500,1774317600000,2142.3019000000004,short,3.494184204931571,1.863241636481606,True
501,1774439400000,2185.4867,short,3.27823004999982,-1.5000000000000275,True
502,1774443300000,2193.0932000000003,short,3.4636417671085837,2.246729789341772,True
503,1774555800000,2078.8741,short,3.3219449632188116,2.249679886570346,True
504,1774631100000,1994.3049999999998,short,3.2289032679300362,2.252943357602844,True
505,1774705500000,2030.6734,short,3.046010100000103,2.1841967285710644,True
506,1774789800000,1988.4216,short,2.982632400000057,-1.4999999999999905,True
507,1774822200000,1988.4362999999998,long,2.9826544499999272,1.3671994100797238,True
508,1774882500000,2075.1398,short,4.25352258717885,2.3048544699158318,True
509,1774920900000,2075.939,long,4.564572836284242,-1.3410952800716895,True
510,1774968600000,2040.5465000000002,long,4.878834188857127,-1.3136835185945315,True
511,1774975200000,2102.9684,short,5.418451501883737,2.3447550264669186,True
512,1775012700000,2103.8634,short,3.1557950999999775,2.0411025278881807,True
513,1775021400000,2129.8278,short,3.1947417000001224,1.9823888356794996,True
514,1775025300000,2149.0041,short,3.2235061500000484,-1.4999999999999925,True
515,1775091600000,2133.6822,long,3.4066127259329733,-1.4697515622535975,True
516,1775136600000,2022.9821,long,3.03447314999994,-1.50000000000001,True
517,1775138700000,2038.6333999999997,short,3.4382037275311177,-1.4447017021582709,True
518,1775408700000,2055.8324999999995,short,3.0837487499998133,1.3727700817462298,True
519,1775429400000,2078.4631,short,3.117694649999976,-1.500000000000004,True
520,1775455200000,2127.7247,long,3.19158705000018,0.98780199424576,True
521,1775473500000,2151.0265,short,3.226539750000029,1.038670743609332,True
522,1775484000000,2156.7355,short,3.2351032500000656,2.088321283777631,True
523,1775520300000,2115.3697,short,3.259402801807937,2.2403978791665673,True
524,1775526600000,2097.5136,long,3.1462704000000485,-1.4999999999999925,True
525,1775557500000,2105.1044,long,3.157656599999882,-1.5000000000000187,True
526,1775746200000,2178.8995,short,3.2683492500000284,2.193380603061148,True
527,1775824800000,2225.6782,short,3.3385173000001487,2.064329822255954,True
528,1775827800000,2220.3417,short,3.330512550000094,1.7827064944555948,True
529,1775925900000,2260.5514,long,3.390827100000024,-1.4999999999999964,True
530,1775933100000,2306.3031,short,3.679787279431366,-1.4700617708715198,True
531,1776015000000,2195.6974,short,3.293546100000185,1.0003061742411203,True
532,1776026400000,2215.2895,short,3.3229342499998893,1.1548722868158372,True
533,1776032400000,2192.3734000000004,short,3.3298023709594418,2.081806315040303,True
534,1776039900000,2204.0527,short,3.3060790499998802,1.8733971854133218,True
535,1776085200000,2196.9552000000003,short,3.2954328000000714,-1.4999999999999893,True
536,1776087300000,2180.4096,long,3.270614399999886,1.8879364635017364,True
537,1776173700000,2393.0822,short,3.5896232999998574,1.919221924162025,True
538,1776175500000,2376.5674,long,3.808364636271108,2.250384469242738,True
539,1776178200000,2366.889,short,5.05556470883721,1.7974649340679723,True
540,1776259800000,2322.5968,long,3.4838952000000063,1.534581063698085,True
541,1776415500000,2352.9913,short,3.529486949999864,-1.5000000000000193,True
542,1776421800000,2338.0748999999996,long,3.5690372067006138,2.2379601540033267,True
543,1776430500000,2370.3677,long,3.5555515500000183,-1.4999999999999973,True
544,1776532200000,2352.1811000000002,long,3.528271650000079,1.4788700613904493,True
545,1776604800000,2346.2916999999998,short,3.5194375500000206,1.556959242351468,True
546,1776607500000,2326.6933,long,3.4900399500002095,1.613592690931939,True
547,1776623100000,2299.255,short,3.689411168710649,2.117427850585249,True
548,1776667500000,2282.1668,long,3.423250199999984,1.0868371610593104,True
549,1776670200000,2304.2572,long,4.252444246009418,-1.4063998961589612,True
550,1776691800000,2302.0027,long,3.4530040499998904,2.2204453335178718,True
551,1776792900000,2305.8475,short,4.170386445447093,-1.4146823436202203,True
552,1776795300000,2300.9405,long,3.86374276018023,2.261791543296921,True
553,1776801900000,2319.9001,short,4.853774894363141,-1.358468431863339,True
554,1776824100000,2351.1867,short,3.5267800500000703,1.9910489648353633,True
555,1776827100000,2377.4118,short,4.414879716932319,2.2846000840402167,True
556,1776865200000,2413.0667000000003,short,3.6196000499999172,-1.5000000000000115,True
557,1776936000000,2319.1196,long,3.4786794000001464,-1.499999999999979,True
558,1777251600000,2399.7376,short,3.5996064000000842,2.107731325904896,True
559,1777337100000,2308.9402999999998,short,3.463410450000083,1.1018606138781069,True
560,1777383600000,2276.3179,short,3.414476850000028,-1.499999999999996,True
561,1777388400000,2276.5647,short,3.414847049999935,1.901493714400493,True
562,1777434300000,2313.4547000000002,short,3.4701820499999485,-1.5000000000000075,True
563,1777444500000,2324.2075,long,3.486311250000199,-1.4999999999999716,True
564,1777456500000,2341.7744,short,3.512661599999774,-1.5000000000000322,True
565,1777559400000,2266.334,short,3.399500999999873,2.195362187225016,True
566,1777605900000,2288.3701,short,3.4325551500000984,1.2890119407498977,True
567,1777638300000,2303.808,short,3.4557119999999486,-1.5000000000000075,True
568,1777642500000,2313.9907,short,3.4709860500001923,1.6658497799455787,True
569,1777845600000,2340.4069,short,3.5106103500002064,1.6282916018810358,True
570,1777909800000,2339.0,long,4.878243417686008,2.3082096525548996,True
571,1777918800000,2367.8880999999997,short,3.551832149999882,1.528650847896903,True
572,1777947900000,2371.0151,short,3.556522649999806,-1.5000000000000273,True
573,1777989000000,2394.5562,short,3.591834299999846,1.6234015654091456,True
574,1777991700000,2372.3658,long,3.5585486999998466,2.2001317766949335,True
575,1778249700000,2291.0917,short,3.4366375499998867,1.7081983778215457,True
576,1778264700000,2318.9902999999995,short,3.47848544999988,1.6647019915548036,True
577,1778346600000,2331.2245000000003,short,3.496836750000057,1.0126609080469744,True
578,1778428500000,2347.3667,short,3.5210500500002127,1.0601544216638168,True
579,1778432700000,2353.1506,short,3.529725899999903,1.2013836083758809,True
580,1778445000000,2343.9224999999997,long,3.51588374999983,-1.500000000000024,True
581,1778465700000,2351.8715,long,3.5278072500000235,-1.4999999999999967,True
582,1778604300000,2257.1139000000003,long,3.385670850000224,1.877772371764869,True
583,1778696400000,2266.1612999999998,short,3.3992419500000324,1.1187488091594635,True
584,1778728800000,2240.119,long,3.3601785000000746,1.351708354727494,True
585,1778730900000,2239.6933,long,3.3595399499999985,1.497262203520292,True
586,1778763600000,2259.2401,long,3.3888601499998003,0.8416638304211463,True
587,1778805000000,2298.5355,short,3.4478032500001063,1.1189581924993615,True
588,1778823300000,2236.9893,long,3.3554839499997797,1.7253473610522465,True
589,1779056400000,2176.7174000000005,long,3.2650760999999875,1.04585896030263,True
590,1779089100000,2119.6565,short,3.1794847500000287,-1.4999999999999956,True
591,1779104400000,2137.0667000000003,short,3.2056000500001574,1.4047824203667907,True
592,1779106500000,2145.3134,short,3.2179701000000023,-1.4999999999999996,True
593,1779186900000,2111.1014000000005,long,3.166652100000192,-1.4999999999999698,True
594,1779198300000,2119.4923,short,3.179238449999957,-1.5000000000000067,True
595,1779200700000,2107.0179,short,3.4150076684964006,-1.4627408130230573,True
596,1779240600000,2108.3026,short,3.162453899999946,-1.5000000000000084,True
597,1779288300000,2136.0019999999995,short,3.2040029999998296,1.932372674490459,True
598,1779330000000,2145.9475,short,3.2189212500002213,1.1738025165189339,True
599,1779371100000,2111.4040999999997,short,3.1671061500001088,-1.4999999999999827,True
600,1779373200000,2110.9791,long,3.1664686499998425,1.8090405207221942,True
601,1779475500000,2085.0378,long,3.1275566999997864,1.877329374669174,True
602,1779496200000,2062.4872,long,3.0937307999997756,-1.5000000000000362,True
603,1779544200000,2042.476,long,3.063713999999891,0.14445744609319855,True
604,1779546900000,2050.4341999999997,short,3.0756513000001178,-1.499999999999981,True
605,1779674700000,2110.0649000000003,short,3.1650973499999964,1.609917954486448,True
606,1779685500000,2110.3154999999997,short,3.1654732500001046,1.0036515103881039,True
607,1779849300000,2073.0687,short,3.109603049999805,0.8025596271985952,True
608,1779884700000,2081.67,long,3.122504999999819,1.487050618821607,True
609,1779890700000,2063.6126999999997,long,3.095419050000146,-1.4999999999999765,True
610,1779938700000,1986.92,long,3.8328847941161257,-1.3887907098819134,True
611,1779942000000,1972.6873,long,3.8711011510495155,2.296162670720689,True
612,1779976200000,1984.1028999999999,short,2.976154349999888,1.019814352571701,True
613,1780061700000,2000.6384,short,3.0009575999999925,-1.5000000000000013,True
614,1780063500000,1992.6224,long,2.9889336000001094,-1.4999999999999818,True
615,1780066500000,2003.0978,short,3.425268223830926,-1.4386002064152965,True
616,1780270500000,2000.7649999999999,long,3.001147499999888,1.3914957204419087,True
617,1780315500000,1973.0666999999999,long,2.9596000500000628,-1.4999999999999893,True
618,1780319400000,1971.5598,long,2.9573396999999204,1.9121793496344053,True
619,1780352700000,2000.6575,short,3.0009862500000963,1.6585867140943393,True
620,1780373100000,2002.1086,short,3.0031629000000066,1.5698149693029737,True
621,1780440300000,1881.801,long,4.150990589145749,-1.3400033605690367,True
622,1780522200000,1824.2452,short,4.738298680067828,2.3459999824263,True
623,1780637700000,1710.1127999999999,long,4.389700173065194,-1.2921804563942256,True
624,1780640700000,1637.5328,long,7.241815319891657,2.4095512532332966,True
625,1780666200000,1673.3215,short,4.328005791738178,2.3453494213714556,True
626,1780721100000,1520.4996,short,4.979642051254132,0.3381995558447767,True
627,1780723200000,1559.811,short,6.5565506067612205,-1.178425870577987,True
628,1780863600000,1629.1508,short,2.9943380091253857,2.2823691520416083,True
629,1780914600000,1674.0432,short,2.7453738926844835,2.2560925009943373,True
630,1780920300000,1669.9285,long,3.52921813927901,-1.354879275117821,True
631,1780932600000,1690.742,long,3.6367488167391,1.7662037013277754,True
632,1780965000000,1667.3723,long,3.4881733007302955,-1.3585054746959346,True
633,1781094900000,1641.3933,short,3.0353989331349567,2.283699825142252,True
634,1781137200000,1633.2314999999999,short,2.488325387066425,2.237456924486039,True
635,1781199000000,1681.1818,short,3.8205901082278615,2.3239872111504996,True
636,1781206200000,1691.1115,short,3.340417547705556,2.2974969924149913,True
637,1781272800000,1666.062,short,2.4990929999999025,0.11924900353847717,True
638,1781277900000,1685.8103999999998,short,3.2093834222748683,2.289889810198523,True
639,1781471700000,1692.1961999999999,short,2.5382942999999614,1.3162322719970314,True
640,1781474400000,1726.4898,short,3.4808452657646285,2.301601086152221,True
641,1781496000000,1720.5011,short,2.580751649999911,0.8608647927880917,True
642,1781519100000,1724.5346,short,2.586801899999955,-1.5000000000000087,True
643,1781521500000,1740.6293,short,2.6109439500000917,-1.4999999999999825,True
644,1781615400000,1792.4957,long,3.650156550528891,2.303570540037187,True
645,1781632200000,1797.3800999999999,short,2.6960701499999686,-1.5000000000000058,True
646,1781639700000,1793.9385000000002,long,2.690907749999951,-1.5000000000000093,True
647,1781705100000,1754.1115,long,2.8108521100396047,2.2503801080483643,True
648,1781794200000,1731.9045999999998,long,3.2119567473973802,2.2843178179278603,True
649,1781797800000,1683.1972,long,4.4943668960172545,-1.2808844781049564,True
650,1781932500000,1724.6475,long,2.5869712500000333,-1.4999999999999936,True
651,1781994300000,1743.2959999999998,short,2.614943999999923,0.7604476424733686,True
