bar_ts,side,lvl,atr,r,oos,kind,regime,delta_at_fill,delta_norm,fill_found,ticks_until_fill,fill_frac
1750441500000,long,102800.0,432.48128600378595,0.3996171565801279,False,H5,trend,-18.386,-0.0425,True,17075,0.263
1750542300000,long,101700.0,339.09373527748306,-1.0983212323016462,False,H5,chop,-44.742,-0.1319,True,1196,0.042
1750702500000,short,102820.0,588.7363003233827,-1.2369968474358801,False,H5,chop,-1.978,-0.0034,True,512,0.01
1750707900000,long,102660.0,527.869510077061,9.980671445619727,False,H5,chop,-3.81,-0.0072,True,261,0.012
1750784400000,short,106200.0,351.5476865510088,2.410451977401104,False,H5,chop,23.911,0.068,True,6944,0.232
1751551200000,short,110240.0,352.06785613458896,4.834583416134974,False,H5,chop,-1.887,-0.0054,True,1852,0.037
1751638500000,long,107700.0,233.84370358782024,-1.4136772353656926,False,H5,chop,-0.278,-0.0012,True,244,0.004
1752072300000,long,108640.0,255.84491845367455,3.0587923128823724,False,H5,chop,-6.751,-0.0264,True,289,0.012
1752173100000,long,113010.0,385.4000153839712,3.831790696988481,False,H5,chop,8.452,0.0219,True,1494,0.102
1752227100000,short,118610.0,355.14094227543444,1.481049944812734,False,H5,chop,26.314,0.0741,True,1758,0.092
1752250500000,long,116730.0,440.8448945544495,2.6326261585438315,False,H5,chop,135.358,0.307,True,11247,0.37
1752479100000,short,122900.0,446.5520431631828,7.187628450083857,False,H5,chop,-60.644,-0.1358,True,15852,0.712
1752504300000,long,120730.0,427.98416250882775,-1.499999999999997,False,H5,chop,14.515,0.0339,True,7658,0.238
1752673500000,long,118250.0,320.2997441276437,1.5010923185341791,False,H5,chop,-28.563,-0.0892,True,14534,0.422
1752680700000,long,118950.0,482.8806750985673,0.39719618997222045,False,H5,chop,-313.543,-0.6493,True,47880,0.69
1752717600000,long,118090.0,392.95493519281945,0.5460591236807871,False,H5,chop,-98.047,-0.2495,True,2334,0.112
1752783300000,long,118780.0,391.83234547850054,0.6164000782509131,False,H5,chop,81.366,0.2077,True,6722,0.281
1752848100000,short,119060.0,401.4655710462665,1.4940625574774042,False,H5,trend,87.589,0.2182,True,2127,0.022
1753119900000,long,117450.0,384.16737041203044,1.6033276571590482,False,H5,chop,-133.413,-0.3473,True,1895,0.101
1753128000000,long,116730.0,377.6215785150327,1.619293811930664,False,H5,chop,-15.381,-0.0407,True,1833,0.1
1753149600000,short,117780.0,376.02594184391603,1.013476579924466,False,H5,chop,5.945,0.0158,True,112,0.007
1753306200000,long,117470.0,369.88011167857826,1.412018671433819,False,H5,chop,62.809,0.1698,True,7860,0.335
1753455600000,long,114960.0,459.68602817922954,10.439561586638707,False,H5,chop,4.103,0.0089,True,486,0.014
1753821900000,long,117170.0,360.47330411253085,1.4337455996958528,False,H5,chop,-14.03,-0.0389,True,755,0.059
1753887600000,short,118700.0,362.8384012709164,2.4773799494523523,False,H5,chop,5.16,0.0142,True,505,0.015
1753902900000,long,116190.0,405.7528355702462,1.8483103706987825,False,H5,chop,-4.631,-0.0114,True,875,0.022
1753983000000,long,117790.0,311.2912786740001,-1.5000000000000067,False,H5,chop,98.117,0.3152,True,4708,0.231
1754037000000,long,114360.0,371.03414458567727,1.5756849714353094,False,H5,chop,22.319,0.0602,True,4143,0.108
1754056800000,long,114270.0,469.4742027708988,-1.316515709748205,False,H5,trend,25.919,0.0552,True,5888,0.074
1754405100000,long,112730.0,379.3463473949501,10.635916200952071,False,H5,chop,47.613,0.1255,True,2007,0.042
1754496000000,short,115400.0,363.15953441646946,-1.4475415072753919,False,H5,chop,-112.302,-0.3092,True,9791,0.408
1754596800000,short,117400.0,303.4253864115848,4.902867688813021,False,H5,chop,3.867,0.0127,True,1422,0.072
1754667900000,long,115880.0,267.73079231532665,6.407191347370603,False,H5,chop,-2.154,-0.008,True,1330,0.084
1754886600000,short,121710.0,391.6574334025061,-1.3050739292832771,False,H5,chop,81.797,0.2088,True,7876,0.531
1754922600000,long,119870.0,416.4803484359126,1.3756027547756662,False,H5,chop,-3.705,-0.0089,True,203,0.006
1755064800000,long,119050.0,281.5055579542959,8.870802383724435,False,H5,chop,6.776,0.0241,True,2285,0.219
1755102600000,short,121560.0,482.1250418428906,-1.2925572994994539,False,H5,chop,-34.638,-0.0718,True,2689,0.148
1755186300000,long,118050.0,641.4391203707067,-1.2283307979461915,False,H5,chop,-12.809,-0.02,True,1433,0.056
1755701100000,short,113470.0,393.22639450883514,-1.1998149365947894,False,H5,chop,6.994,0.0178,True,455,0.017
1755714600000,long,113270.0,439.9366755589025,2.479737206085754,False,H5,chop,97.931,0.2226,True,3386,0.192
1755741600000,short,114690.0,296.59582886457207,8.601005609323483,False,H5,chop,-3.249,-0.011,True,938,0.049
1755814500000,long,112570.0,305.3181051644095,-1.4433529907065898,False,H5,chop,-34.915,-0.1144,True,1064,0.234
1755895500000,long,116970.0,356.44578922710497,-1.392672358813996,False,H5,chop,4.052,0.0114,True,2175,0.212
1756082700000,long,112240.0,471.0312095531179,2.261008953555684,False,H5,chop,65.914,0.1399,True,1617,0.077
1756125900000,long,111590.0,330.2459230978303,-1.2340646420266719,False,H5,chop,4.98,0.0151,True,249,0.024
1756212300000,short,110520.0,364.70937572943154,0.6137521416690448,False,H5,chop,-5.108,-0.014,True,1652,0.033
1756694700000,long,107500.0,293.83871218230047,-1.5,False,H5,chop,-34.82,-0.1185,True,1853,0.083
1756723500000,long,108300.0,346.5562104559289,1.8727995024680943,False,H5,chop,-1.797,-0.0052,True,264,0.015
1756771200000,short,109200.0,345.6065188878092,-1.264362715178444,False,H5,chop,6.666,0.0193,True,185,0.015
1756782900000,short,110360.0,365.18273766851064,-1.5000000000000193,False,H5,chop,8.165,0.0224,True,1009,0.032
1756922400000,short,112280.0,337.3742470946922,3.723219789488528,False,H5,chop,4.915,0.0146,True,1097,0.088
1757524500000,short,113960.0,304.5834208335437,-1.4999999999999931,False,H5,trend,-4.616,-0.0152,True,1285,0.055
1758043800000,short,116770.0,306.9233695840715,-1.5000000000000033,False,H5,chop,24.325,0.0793,True,1052,0.026
1758522600000,long,112750.0,403.31419399423334,-1.2306489779541347,False,H5,chop,-40.42,-0.1002,True,866,0.021
1758551400000,short,113350.0,318.67139683907266,6.876988678135795,False,H5,chop,23.021,0.0722,True,3677,0.151
1758617100000,long,113000.0,209.2371616367225,-1.5,False,H5,chop,-22.095,-0.1056,True,919,0.134
1758650400000,long,111870.0,295.6341424077629,-1.5000000000000209,False,H5,chop,-140.586,-0.4755,True,2130,0.088
1758687300000,long,111340.0,306.855268560784,2.4371517098341933,False,H5,trend,183.579,0.5983,True,10417,0.326
1758814200000,long,110860.0,398.0764104546847,1.6550996651152043,False,H5,chop,75.753,0.1903,True,4452,0.164
1758895200000,short,109680.0,349.3390039963761,1.762369969042905,False,H5,chop,15.664,0.0448,True,1598,0.056
1759515300000,long,121980.0,630.264992859923,-0.5417700260848579,False,H5,chop,-2.618,-0.0042,True,100,0.003
1759633200000,short,124060.0,307.06511825428254,-1.5000000000000093,False,H5,chop,17.7,0.0576,True,751,0.027
1759764600000,short,125130.0,401.05348656174704,-1.2556711109054184,False,H5,chop,-10.529,-0.0263,True,12160,0.594
1759777200000,short,126000.0,404.1987261498695,10.669402102389348,False,H5,chop,-63.518,-0.1571,True,6169,0.15
1759845600000,short,123880.0,406.9402357097074,8.68759583016422,False,H5,trend,70.967,0.1744,True,1461,0.016
1759858200000,long,121220.0,525.3400570413887,-1.4999999999999951,False,H5,chop,-1.811,-0.0034,True,9051,0.555
1759931100000,long,121790.0,404.43081920335794,1.4308234712182482,False,H5,chop,-113.393,-0.2804,True,1881,0.035
1760024700000,long,120730.0,495.9088308502927,-1.499999999999997,False,H5,chop,-23.872,-0.0481,True,1246,0.04
1760103900000,short,122220.0,319.84272886412987,4.684381941477756,False,H5,chop,3.921,0.0123,True,179,0.003
1760116500000,long,117800.0,587.8020799660803,-1.2546472620999696,False,H5,chop,261.256,0.4445,True,19007,0.427
1760156100000,short,112440.0,983.8066380438376,0.9735904994474588,False,H5,chop,13.141,0.0134,True,768,0.032
1760183100000,long,112280.0,491.80418612074664,-1.3204934903668386,False,H5,chop,-5.134,-0.0104,True,141,0.011
1760236200000,short,110420.0,460.35420357374153,1.3129504298921513,False,H5,chop,2.223,0.0048,True,96,0.003
1760280300000,long,111330.0,447.221903544083,8.566608404153506,False,H5,trend,-5.59,-0.0125,True,886,0.003
1760372100000,short,114880.0,587.8444276972767,-1.2066379779053042,False,H5,chop,8.191,0.0139,True,278,0.006
1760453100000,short,111780.0,568.5336756338472,1.1908472934181042,False,H5,chop,7.152,0.0126,True,425,0.011
1760461200000,long,112280.0,671.3978759582078,-1.2757823692265313,False,H5,trend,-1.791,-0.0027,True,168,0.002
1760541300000,long,110690.0,528.9574812553091,-1.4999999999999893,False,H5,chop,-14.123,-0.0267,True,2616,0.036
1760562900000,long,110680.0,492.4929493171847,0.6283313620786787,False,H5,chop,3.629,0.0074,True,2105,0.131
1760625900000,short,111320.0,562.796744067282,28.43642322143125,False,H5,trend,2.076,0.0037,True,142,0.002
1760633100000,long,107980.0,737.6908786490942,-1.121942824123205,False,H5,trend,1.887,0.0026,True,369,0.005
1760691600000,long,104830.0,521.32492944744,-1.2807633253508095,False,H5,chop,-6.962,-0.0134,True,223,0.005
1760708700000,long,105150.0,689.7498494443265,-1.3729826262543958,False,H5,chop,-40.005,-0.058,True,10716,0.135
1760940900000,short,111150.0,387.4414844483048,-1.4012435073820235,False,H5,chop,19.443,0.0502,True,1782,0.078
1760978700000,long,110430.0,421.33688284246773,-1.36657793467276,False,H5,chop,-6.059,-0.0144,True,206,0.004
1761050700000,short,109280.0,405.0358959576837,2.292667154709648,False,H5,chop,-42.792,-0.1056,True,2642,0.071
1761067800000,long,112300.0,727.7782072718522,-1.1124432449252617,False,H5,chop,23.403,0.0322,True,3675,0.094
1761172200000,long,106960.0,491.70779228288313,7.687833309465034,False,H5,chop,-3.329,-0.0068,True,9632,0.687
1761253200000,long,109420.0,416.54019420285914,2.7584700940770337,False,H5,chop,-4.884,-0.0117,True,189,0.008
1761517800000,long,114330.0,385.98652064782715,3.9450246422098765,False,H5,chop,-41.619,-0.1078,True,6318,0.287
1761572700000,long,114800.0,309.3604874255542,-1.2345153658626287,False,H5,chop,14.843,0.048,True,3077,0.074
1761677100000,long,114700.0,384.61321141265876,-1.4093440304390736,False,H5,chop,-2.62,-0.0068,True,153,0.012
1761748200000,long,112220.0,322.9825534564855,-1.499999999999995,False,H5,chop,-51.444,-0.1593,True,811,0.034
1761762600000,short,111380.0,578.9433850810076,-1.2983010964938468,False,H5,trend,16.028,0.0277,True,1058,0.002
1761800400000,long,108460.0,589.0833662251185,2.2073737635128734,False,H5,chop,-17.068,-0.029,True,5273,0.111
1761809400000,short,111260.0,520.6998210989618,4.511443084941503,False,H5,chop,-13.605,-0.0261,True,4643,0.299
1761939900000,short,109920.0,497.2698925952585,-1.2122458583844766,False,H5,chop,29.594,0.0595,True,1548,0.051
1762140600000,long,108050.0,393.3515488411976,-1.3136880187226645,False,H5,chop,-4.469,-0.0114,True,737,0.023
1762185600000,long,105690.0,586.9723061517071,-1.3087425026952615,False,H5,trend,0.895,0.0015,True,1359,0.011
1762247700000,long,103780.0,490.3543653727585,1.105923169909638,False,H5,chop,-14.763,-0.0301,True,1558,0.049
1762281000000,long,100600.0,648.5361494705107,-1.1412302375411545,False,H5,trend,0.44,0.0007,True,733,0.006
1762317000000,long,101530.0,627.8221126936152,1.4472153124769274,False,H5,chop,-12.664,-0.0202,True,299,0.01
1762453800000,long,101290.0,596.6996727853602,0.3613991056589835,False,H5,chop,-2.963,-0.005,True,131,0.003
1762475400000,long,100860.0,462.52398047868417,0.811185924189829,False,H5,chop,2.605,0.0056,True,219,0.008
1762520400000,long,99580.0,429.8758454556317,5.504596403833903,False,H5,trend,1.786,0.0042,True,619,0.013
1762797600000,short,105920.0,395.4424509313044,-1.4999999999999853,False,H5,chop,7.682,0.0194,True,290,0.015
1762883100000,long,102950.0,398.0399988234962,-1.3144983914810107,False,H5,chop,88.038,0.2212,True,2441,0.088
1762894800000,long,102650.0,368.90302474308464,-1.4999999999999811,False,H5,chop,-69.242,-0.1877,True,10254,0.387
1762975800000,long,100980.0,460.17063462304884,0.6556017353093487,False,H5,chop,53.669,0.1166,True,5959,0.165
1762996500000,short,102400.0,391.34117238477404,1.0956861233424604,False,H5,chop,35.012,0.0895,True,11255,0.322
1763005500000,short,102440.0,461.454765020461,1.503397606596292,False,H5,chop,19.202,0.0416,True,8803,0.381
1763082900000,long,98870.0,583.5869253105285,0.51238118825744,False,H5,chop,-5.896,-0.0101,True,306,0.011
1763091900000,long,98840.0,480.1345079567729,-1.448909173446822,False,H5,chop,-6.233,-0.013,True,420,0.027
1763172000000,short,95620.0,525.2467144998509,-1.2317036963471062,False,H5,chop,11.645,0.0222,True,123,0.009
1763315100000,long,93900.0,403.45617544801564,0.9689344387033771,False,H5,chop,32.144,0.0797,True,28360,0.468
1763323200000,long,93960.0,480.7701211951559,1.0116808486439925,False,H5,chop,10.827,0.0225,True,1590,0.077
1763340300000,long,94670.0,566.2885650263966,-1.2575613904123408,False,H5,trend,-4.417,-0.0078,True,325,0.005
1763390700000,short,95100.0,546.4387896660721,3.32451754904353,False,H5,trend,188.045,0.3441,True,3839,0.043
1763426700000,long,91300.0,482.8113556986842,-1.408068185489624,False,H5,chop,-87.548,-0.1813,True,3644,0.06
1763432100000,long,91120.0,508.14615515333446,-1.3334690846447126,False,H5,chop,0.7,0.0014,True,705,0.008
1763571600000,short,89880.0,519.7844972776829,-1.3848786278425538,False,H5,trend,23.572,0.0453,True,1365,0.024
1763581500000,long,88680.0,497.41651197824626,1.4235028515871955,False,H5,chop,17.562,0.0353,True,3103,0.093
1763660700000,long,86700.0,727.8405342170291,-1.1078608393237679,False,H5,trend,-4.995,-0.0069,True,668,0.009
1763666100000,long,86300.0,706.5341398890404,-1.1517821528839407,False,H5,trend,-44.109,-0.0624,True,8899,0.118
1763696700000,short,86030.0,567.5698548705766,1.186719816978305,False,H5,chop,3.885,0.0068,True,217,0.008
1763735400000,long,83600.0,801.2371568028915,-1.209482305635865,False,H5,trend,0.008,0.0,True,338,0.002
1763948700000,long,86480.0,443.90690760771633,-1.225900670572461,False,H5,trend,-4.634,-0.0104,True,111,0.003
1763954100000,long,87230.0,470.2453554247027,-1.3171825624850588,False,H5,chop,-7.3,-0.0155,True,1168,0.042
1764099000000,long,86180.0,435.1516952985735,14.502076970940063,False,H5,chop,-34.437,-0.0791,True,2189,0.061
1764104400000,short,87350.0,402.57760717691207,1.0091965841031498,False,H5,chop,-41.208,-0.1024,True,2177,0.115
1764171000000,short,87260.0,347.3339617475628,1.5415654366261593,False,H5,chop,4.801,0.0138,True,257,0.009
1764211500000,short,91750.0,371.84249491248374,2.634287011807469,False,H5,chop,14.343,0.0386,True,862,0.014
1764554400000,long,87100.0,446.6470293268668,-1.5000000000000222,False,H5,chop,-27.23,-0.061,True,2092,0.067
1764563400000,long,85680.0,405.43989981615624,2.415841892312404,False,H5,chop,-74.241,-0.1831,True,1593,0.048
1764646200000,long,86300.0,389.149466843947,23.909771664008343,False,H5,trend,4.705,0.0121,True,1011,0.026
1764673200000,short,87240.0,296.46111108127394,-1.1575809068282683,False,H5,chop,2.187,0.0074,True,642,0.026
1764754200000,long,92870.0,303.3567019607783,-1.3702179507192973,False,H5,chop,-2.077,-0.0068,True,298,0.021
1764808200000,long,92780.0,400.41739023202996,1.8551545410841757,False,H5,chop,-4.288,-0.0107,True,610,0.031
1764813600000,long,93130.0,420.50342346838875,-1.499999999999975,False,H5,trend,-5.12,-0.0122,True,1004,0.043
1765129500000,short,90830.0,434.498042031248,-1.127064699831528,False,H5,chop,30.567,0.0704,True,7590,0.222
1765145700000,long,89340.0,442.21463936686496,2.219743215022322,False,H5,chop,11.56,0.0261,True,830,0.022
1765213200000,long,89900.0,460.6785948570096,0.6988537789046322,False,H5,chop,-6.907,-0.015,True,827,0.024
1765231200000,short,91260.0,389.3239799443455,1.1394021388524014,False,H5,chop,2.812,0.0072,True,109,0.008
1765313100000,long,92940.0,439.19773548288,-1.255330199816493,False,H5,chop,5.754,0.0131,True,940,0.039
1765422900000,long,89540.0,463.09187326074294,0.8439940951530324,False,H5,chop,1.122,0.0024,True,894,0.025
1765483200000,long,90790.0,481.7897223903858,1.4770906463911968,False,H5,chop,-5.988,-0.0124,True,95,0.003
1765723500000,long,88890.0,259.8269831739955,-1.499999999999976,False,H5,chop,36.229,0.1394,True,9021,0.44
1765767600000,long,89270.0,348.6278863173192,1.0698131799614277,False,H5,chop,-1.067,-0.0031,True,118,0.008
1765812600000,long,86650.0,428.4549452910285,-1.4195076662833703,False,H5,chop,78.431,0.1831,True,63350,0.699
1765901700000,long,87700.0,471.625802314992,-1.27078325768329,False,H5,chop,-9.873,-0.0209,True,214,0.004
1765908000000,long,87070.0,442.99402632798336,1.3279334634968447,False,H5,chop,-41.296,-0.0932,True,2122,0.051
1765949400000,long,86310.0,258.5293129751527,0.9377889242968297,False,H5,chop,-200.382,-0.7751,True,2485,0.071
1765980000000,short,87650.0,293.2356702772817,-1.2359490161819537,False,H5,chop,8.389,0.0286,True,493,0.012
1766070900000,long,87980.0,555.7248631176659,-1.4272776048998357,False,H5,trend,-7.171,-0.0129,True,8228,0.125
1766083500000,short,86460.0,642.4835151180016,3.5014733649689647,False,H5,chop,5.745,0.0089,True,1993,0.025
1766122200000,long,86700.0,411.2386781106512,8.173375624759492,False,H5,chop,-40.911,-0.0995,True,3625,0.207
1766157300000,short,88770.0,477.1780738746302,4.601949932504016,False,H5,trend,23.369,0.049,True,3394,0.018
1766367900000,short,89090.0,347.7001845036183,-0.844918791538867,False,H5,trend,-1.101,-0.0032,True,2402,0.087
1766418300000,long,89360.0,413.0721159122533,-1.2167052320974068,False,H5,chop,-1.271,-0.0031,True,722,0.016
1766602800000,short,87430.0,240.43691709577018,-1.4999999999999845,False,H5,chop,-16.708,-0.0695,True,1285,0.183
1766717100000,short,89200.0,325.0212729812169,-1.23378911987459,False,H5,chop,-1.742,-0.0054,True,637,0.016
1767002400000,long,88030.0,309.9723407369062,-1.1683847598816461,False,H5,chop,-0.43,-0.0014,True,533,0.012
1767010500000,long,86820.0,306.9336710114468,2.8520962911772263,False,H5,chop,-7.723,-0.0252,True,1027,0.015
1767367800000,long,89050.0,401.5259115496563,0.5616668821420856,False,H5,trend,-2.407,-0.006,True,413,0.006
1767612600000,short,92940.0,209.56197024391935,-1.2876918498255048,False,H5,chop,2.08,0.0099,True,268,0.023
1767627000000,long,93340.0,342.9334600080353,-0.12728745736058034,False,H5,trend,-2.186,-0.0064,True,196,0.003
1767717900000,long,92360.0,360.30085128973326,-1.500000000000023,False,H5,chop,-16.605,-0.0461,True,13044,0.265
1767735900000,short,93600.0,392.51546393594913,7.64102755075191,False,H5,chop,1.759,0.0045,True,250,0.007
1767796200000,long,91500.0,261.4018668308106,1.3808888888889237,False,H5,chop,-1.609,-0.0062,True,194,0.002
1767816000000,short,91170.0,328.1283973942329,-1.3942609254967397,False,H5,chop,3.98,0.0121,True,222,0.012
1767853800000,long,90200.0,244.26574464389657,-1.4999999999999893,False,H5,chop,67.438,0.2761,True,10232,0.516
1767862800000,long,90150.0,263.0908484653971,-1.4999999999999785,False,H5,chop,-76.185,-0.2896,True,4578,0.268
1768190400000,long,91760.0,308.4719706970908,-1.5000000000000022,False,H5,chop,13.984,0.0453,True,3260,0.167
1768204800000,long,91360.0,234.49361839792257,-1.5000000000000233,False,H5,chop,-4.333,-0.0185,True,221,0.01
1768282200000,short,92050.0,229.66508042758667,-1.2969147060902797,False,H5,chop,4.158,0.0181,True,162,0.008
1768321800000,long,93110.0,377.2865636534864,3.0671162333724467,False,H5,chop,-9.251,-0.0245,True,963,0.024
1768414500000,long,96650.0,466.09689886425747,-1.438191565500282,False,H5,chop,-12.415,-0.0266,True,520,0.015
1768460400000,short,96200.0,245.45889891961866,-1.4381630620543824,False,H5,chop,1.166,0.0048,True,358,0.043
1768499100000,short,96950.0,445.30084147656095,6.064734229415945,False,H5,chop,15.724,0.0353,True,5832,0.19
1768901400000,long,90990.0,282.30746501203174,-1.3830042666880036,False,H5,chop,-10.425,-0.0369,True,596,0.051
1768922100000,long,90250.0,364.25009537869636,-1.1252167825445638,False,H5,chop,4.373,0.012,True,1010,0.016
1769011200000,short,90260.0,424.00960476445283,8.344347623337065,False,H5,chop,18.015,0.0425,True,938,0.024
1769095800000,long,88580.0,327.3334548599746,2.531169564235808,False,H5,chop,-83.037,-0.2537,True,1771,0.027
1769185800000,long,89490.0,373.01218044408915,0.9746621836603045,False,H5,trend,-2.543,-0.0068,True,4461,0.053
1769366700000,long,87000.0,323.55458888428825,-1.1989398125600936,False,H5,chop,-4.012,-0.0124,True,1594,0.037
1769437800000,long,87640.0,254.15388819343457,0.9246496822322031,False,H5,trend,-6.458,-0.0254,True,352,0.003
1769445900000,long,87420.0,429.41853643313766,-1.357780856779099,False,H5,chop,0.709,0.0017,True,199,0.006
1769634000000,long,89050.0,420.4885830751409,-1.3476304084193371,False,H5,chop,1.393,0.0033,True,5356,0.137
1769655600000,long,87850.0,321.156800179763,-1.2350697065368093,False,H5,chop,-6.261,-0.0195,True,375,0.009
1769710500000,short,84500.0,542.1481623251449,5.692956804086987,False,H5,trend,10.237,0.0189,True,3955,0.049
1769738400000,short,82440.0,540.7541976057926,1.0368481984572555,False,H5,chop,3.69,0.0068,True,756,0.01
1769747400000,short,82990.0,468.2975129884868,0.4040103849692009,False,H5,chop,41.011,0.0876,True,1764,0.093
1769870700000,long,80900.0,386.2169571506944,-1.2460918951355264,False,H5,chop,-21.05,-0.0545,True,1684,0.025
1769876100000,long,80920.0,512.1503518314532,-1.1597788157993778,False,H5,chop,-1.532,-0.003,True,3160,0.014
1769907600000,short,78860.0,561.7042693106629,0.5124229604612635,False,H5,chop,0.502,0.0009,True,305,0.01
1769914800000,short,78900.0,473.71941541160635,0.6604187119107651,False,H5,chop,-0.777,-0.0016,True,309,0.017
1769990400000,long,76930.0,691.2003464328106,-1.2317167868732,False,H5,trend,6.002,0.0087,True,4813,0.063
1770003900000,long,74600.0,756.8061005215303,18.267787919070273,False,H5,trend,-21.484,-0.0284,True,129,0.001
1770131700000,long,77120.0,427.8969634047587,-1.3033445930703345,False,H5,trend,-4.054,-0.0095,True,761,0.007
1770139800000,short,75890.0,544.0214832266689,2.319480379723787,False,H5,trend,-29.418,-0.0541,True,12442,0.171
1770165900000,short,76040.0,502.99127510447363,-1.1803332595959306,False,H5,chop,-7.495,-0.0149,True,1964,0.104
1770228000000,long,72530.0,770.2777056319596,0.6582509479168276,False,H5,chop,0.846,0.0011,True,1106,0.008
1770257700000,long,71970.0,637.6556485788308,-1.3371193625649291,False,H5,chop,-43.99,-0.069,True,2741,0.024
1770291000000,long,70010.0,549.1849129763544,-1.2176059708106397,False,H5,chop,207.174,0.3772,True,12154,0.126
1770341400000,long,64050.0,1212.9151066901425,0.701966446547079,False,H5,chop,-0.219,-0.0002,True,1358,0.015
1770348600000,short,64690.0,1031.7385416291786,-1.1017277765087603,False,H5,trend,2.519,0.0024,True,1281,0.027
1770467400000,short,69340.0,568.9266996131219,-1.0671611425510854,False,H5,chop,-2.822,-0.005,True,1051,0.01
1770653700000,long,69150.0,522.9789980408141,0.6845525201486123,False,H5,chop,70.873,0.1355,True,3053,0.09
1770661800000,long,70200.0,529.9263025949984,0.5879339196497282,False,H5,chop,-0.541,-0.001,True,3229,0.088
1770738300000,short,69270.0,450.26200107738805,-1.1602653581483258,False,H5,chop,-124.419,-0.2763,True,14590,0.268
1770825600000,long,66460.0,627.2212018369062,-1.082008169330442,False,H5,trend,32.377,0.0516,True,2800,0.029
1770849000000,long,67520.0,434.9889404377076,-1.1845163423847516,False,H5,chop,-3.356,-0.0077,True,467,0.031
1770914700000,short,66250.0,512.4678504548311,-1.1314077518674062,False,H5,trend,9.123,0.0178,True,409,0.003
1770998400000,long,68570.0,430.1297495342998,2.603785103893557,False,H5,chop,34.926,0.0812,True,5287,0.065
1771004700000,short,69180.0,396.3146909504005,-1.4371889135861629,False,H5,chop,11.233,0.0283,True,4199,0.138
1771182900000,long,68140.0,300.0111341259512,4.335201447192138,False,H5,trend,-16.857,-0.0562,True,7058,0.181
1771245900000,long,69390.0,275.87954631944666,-1.254773235895708,False,H5,trend,1.061,0.0038,True,1088,0.018
1771293600000,long,68580.0,278.4527412933942,-1.444888702410058,False,H5,trend,-17.201,-0.0618,True,2142,0.035
1771344900000,short,67730.0,380.109518447053,-1.156624149526956,False,H5,chop,15.83,0.0416,True,2885,0.052
1771443900000,long,66100.0,356.6140114855004,0.5436940208511148,False,H5,chop,126.736,0.3554,True,31335,0.7
1771511400000,long,65910.0,260.9810568034379,9.378572787147982,False,H5,trend,-22.415,-0.0859,True,8569,0.069
1771517700000,long,66120.0,362.45131503463347,2.109056964791443,False,H5,chop,1.208,0.0033,True,434,0.011
1771811100000,short,65090.0,347.29209938132357,-1.1309752731810905,False,H5,trend,3.546,0.0102,True,566,0.003
1771817400000,long,64720.0,325.87653094706593,0.9349812121792994,False,H5,chop,-15.586,-0.0478,True,11510,0.346
1771898400000,long,64110.0,361.6961332617813,-1.2664972017111205,False,H5,chop,-4.429,-0.0122,True,1956,0.057
1771981200000,long,64180.0,332.57749689862305,4.792238240759761,False,H5,trend,13.864,0.0417,True,2621,0.017
1772028000000,long,66200.0,257.67012344230307,1.6340080563947166,False,H5,chop,-32.07,-0.1245,True,2802,0.086
1772065800000,short,68300.0,447.5791898750953,-1.2228193093710928,False,H5,chop,133.182,0.2976,True,1290,0.03
1772092800000,long,67800.0,257.02114143870716,1.5822517207473554,False,H5,chop,12.426,0.0483,True,4770,0.225
1772213400000,long,65170.0,325.93519596029995,1.6409827821378773,False,H5,chop,4.419,0.0136,True,812,0.015
1772219700000,long,65240.0,304.7381683072893,0.7614998494046575,False,H5,chop,-2.954,-0.0097,True,240,0.012
1772273700000,long,63520.0,354.68842642231374,9.453489244955938,False,H5,chop,-2.114,-0.006,True,265,0.007
1772289000000,long,64750.0,358.2805735639306,-1.2126482003247554,False,H5,chop,-1.139,-0.0032,True,130,0.002
1772333100000,short,68060.0,481.8130240809367,8.495498953495602,True,H5,chop,3.758,0.0078,True,3156,0.068
1772397900000,long,65180.0,322.92416671599,0.7144630860648798,True,H5,chop,24.138,0.0747,True,7036,0.319
1772413200000,long,66460.0,433.8384488777341,-1.3424370210938428,True,H5,trend,-14.472,-0.0334,True,1862,0.024
1772420400000,long,66240.0,401.4715641688258,0.8382396124545154,True,H5,chop,-1.71,-0.0043,True,277,0.009
1772497800000,long,68760.0,327.31606422656415,0.6073453753917668,True,H5,chop,1.996,0.0061,True,789,0.025
1772578800000,long,68270.0,399.98469427449055,-1.2305420177992314,True,H5,trend,1.711,0.0043,True,479,0.013
1772595900000,long,67530.0,367.3798278200722,6.054191009535858,True,H5,chop,-1.247,-0.0034,True,233,0.009
1772602200000,long,67780.0,358.5678423309476,20.813217925266983,True,H5,trend,-2.977,-0.0083,True,390,0.011
1772673300000,short,73080.0,369.3724640990942,0.6894749240644167,True,H5,chop,-10.962,-0.0297,True,435,0.013
1772738100000,short,71330.0,415.88600832980364,-1.3075072604399631,True,H5,chop,11.47,0.0276,True,10987,0.355
1773018900000,long,66290.0,382.68257155005216,0.4293666054754587,True,H5,chop,4.303,0.0112,True,1201,0.032
1773049500000,short,68320.0,336.3506248604195,1.7420117741238041,True,H5,chop,-1.457,-0.0043,True,433,0.014
1773156600000,short,71340.0,499.307054501438,0.7206006697680906,True,H5,chop,6.16,0.0123,True,593,0.008
1773164700000,long,70650.0,467.1069523338717,-1.1624004834400556,True,H5,chop,-0.12,-0.0003,True,76,0.002
1773236700000,short,70490.0,384.55465190531015,-1.0784805013512975,True,H5,chop,-28.904,-0.0752,True,2095,0.023
1773243000000,short,70180.0,467.50539979592565,-1.1411593950841907,True,H5,chop,-187.953,-0.402,True,48320,0.746
1773345600000,short,70400.0,310.1899163583977,0.7787950557962843,True,H5,chop,-0.638,-0.0021,True,159,0.009
1773362700000,short,71490.0,323.7752710904769,-1.0912104514480738,True,H5,chop,3.9,0.012,True,167,0.004
1773412200000,short,73710.0,388.92316144618496,12.02314125732983,True,H5,trend,4.937,0.0127,True,512,0.006
1773670500000,short,74280.0,362.1902519370427,-0.7049375418501787,True,H5,trend,-16.101,-0.0445,True,1247,0.024
1773681300000,short,73830.0,363.0655368915483,-1.315573266328105,True,H5,chop,-5.621,-0.0155,True,5656,0.316
1773714600000,long,75120.0,413.05966368610234,-1.3999576447508457,True,H5,chop,49.072,0.1188,True,2735,0.141
1773836100000,long,72700.0,258.13602413186277,-1.3528349610529733,True,H5,chop,62.157,0.2408,True,6155,0.159
1773864900000,long,70710.0,359.1030561389329,0.48045829318720285,True,H5,chop,-1.118,-0.0031,True,101,0.004
1773924300000,short,69620.0,265.96316401070555,2.475455420789228,True,H5,chop,39.608,0.1489,True,2269,0.038
1773933300000,short,69680.0,382.4744818731965,-1.1698856848146642,True,H5,trend,30.649,0.0801,True,2464,0.053
1774016100000,long,69770.0,315.31368941282057,-1.2331589709152104,True,H5,chop,98.55,0.3125,True,3367,0.051
1774232100000,long,67820.0,313.4904025068352,-1.50000000000002,True,H5,trend,-0.277,-0.0009,True,156,0.006
1774251000000,long,67760.0,334.5764230815429,3.471397464195562,True,H5,trend,-0.478,-0.0014,True,272,0.008
1774461600000,long,70730.0,314.07765058303926,1.3798742432708535,True,H5,chop,19.093,0.0608,True,1611,0.076
1774620000000,long,66130.0,311.9145568931536,-1.2025391032770958,True,H5,chop,-10.395,-0.0333,True,194,0.004
1774635300000,long,65550.0,328.21910454854554,7.934490211035054,True,H5,chop,-71.869,-0.219,True,18846,0.613
1774823400000,short,66360.0,221.28959148018967,2.8732077530557625,True,H5,trend,-0.044,-0.0002,True,608,0.01
1774829700000,long,65820.0,367.66019804841824,4.565699503047548,True,H5,chop,0.07,0.0002,True,178,0.001
1774884600000,long,67490.0,302.52424416568385,-1.2587395873157508,True,H5,chop,-0.772,-0.0026,True,371,0.01
1774921500000,short,67910.0,291.90400896784257,0.6871420101190716,True,H5,chop,7.229,0.0248,True,135,0.004
1774949400000,long,66380.0,252.3735919136795,-1.2823985502060373,True,H5,chop,18.848,0.0747,True,1511,0.061
1775021400000,short,68570.0,252.3795582418066,-1.189005754878664,True,H5,chop,1.818,0.0072,True,143,0.007
1775055600000,short,68570.0,292.9284397838984,-1.3387129377197955,True,H5,chop,6.986,0.0238,True,255,0.011
1775518200000,long,68480.0,251.95213145120096,1.8727998442367388,True,H5,chop,-1.907,-0.0076,True,181,0.008
1775571300000,long,67850.0,274.5800904883532,8.082423202318878,True,H5,chop,5.889,0.0214,True,1321,0.028
1775603700000,long,71420.0,511.0690542962081,-1.1314906836893215,True,H5,trend,-1.392,-0.0027,True,3205,0.018
1775616300000,long,71270.0,361.20469072850824,5.902544461002724,True,H5,chop,-72.323,-0.2002,True,9580,0.552
1775660400000,long,70830.0,356.40669748105233,1.1916135923926647,True,H5,chop,267.57,0.7507,True,30293,0.736
1775743200000,long,70770.0,206.65760248396745,-1.239557888592376,True,H5,chop,-28.096,-0.136,True,1730,0.052
1775753100000,long,71910.0,320.0785229882394,0.6251462155506586,True,H5,chop,12.762,0.0399,True,1688,0.058
1775836800000,long,72380.0,298.99872640897564,4.722011926203043,True,H5,chop,-67.473,-0.2257,True,4918,0.158
1775959200000,long,71600.0,297.16550715607264,-1.1321061234415142,True,H5,chop,-1.684,-0.0057,True,69,0.001
1776033000000,long,70630.0,232.39438858268423,0.8853894346057642,True,H5,chop,3.12,0.0134,True,258,0.008
1776087900000,long,70960.0,218.2668464215397,12.473140213832787,True,H5,trend,-31.81,-0.1457,True,994,0.013
1776098700000,short,72290.0,290.07030668950273,-1.493255961797707,True,H5,chop,28.112,0.0969,True,2352,0.069
1776194100000,short,74230.0,359.39110240801085,0.8674341721645831,True,H5,chop,70.74,0.1968,True,792,0.026
1776239100000,long,73550.0,196.1175779212199,1.5237593473827862,True,H5,chop,-1.969,-0.01,True,190,0.007
1776259800000,short,74350.0,224.29771971384605,-1.5000000000000262,True,H5,trend,4.644,0.0207,True,106,0.002
1776352500000,short,74280.0,320.0471948401122,-1.2653971827327362,True,H5,chop,1.516,0.0047,True,377,0.013
1776422700000,long,75130.0,289.0280501244893,4.975519875611355,True,H5,chop,3.331,0.0115,True,1113,0.081
1776440700000,long,77450.0,438.1553959738635,3.346214118469785,True,H5,chop,-206.717,-0.4718,True,17494,0.425
1776618900000,long,75210.0,256.8335533295183,-1.1842127849834456,True,H5,chop,-2.707,-0.0105,True,1604,0.102
1776774600000,short,76340.0,281.91636255102304,-1.5000000000000229,True,H5,trend,-10.882,-0.0386,True,3030,0.054
1776792600000,long,75250.0,365.8320671930395,-1.1685919295967468,True,H5,trend,-29.765,-0.0814,True,3312,0.058
1776957300000,long,78050.0,273.87315044766444,-1.3109259702869538,True,H5,chop,-14.149,-0.0517,True,500,0.008
1776968100000,short,77950.0,352.90239692602205,-1.2454081349300627,True,H5,chop,40.557,0.1149,True,2003,0.085
1777239900000,long,77920.0,229.8552923300631,4.7872932125232674,True,H5,trend,-3.487,-0.0152,True,286,0.004
1777478400000,long,75860.0,268.2631843843837,-1.2144021604781203,True,H5,chop,-9.479,-0.0353,True,383,0.012
1777487400000,long,75100.0,343.14660057937516,7.532362344555667,True,H5,chop,-15.835,-0.0461,True,776,0.013
1777510800000,short,76230.0,217.17985674630597,-1.3773887819108719,True,H5,chop,-43.192,-0.1989,True,2329,0.11
1777555800000,long,76120.0,202.4928730203178,17.862235067438522,True,H5,trend,-3.039,-0.015,True,459,0.009
1777639500000,short,77920.0,176.76198978286536,-1.2197897275811151,True,H5,chop,-12.781,-0.0723,True,2105,0.108
1777844700000,long,78630.0,157.6199696048549,4.595769214464097,True,H5,chop,-30.841,-0.1957,True,7819,0.437
1777860900000,short,79910.0,325.30884094423317,-1.2030734473858273,True,H5,chop,-189.169,-0.5815,True,20185,0.476
1777866300000,long,79960.0,354.9965904604471,2.6981847653221656,True,H5,chop,2.628,0.0074,True,887,0.044
1777952700000,short,80890.0,230.4960477077168,-1.2619223261668455,True,H5,chop,2.261,0.0098,True,201,0.013
1777990500000,long,81050.0,256.70108303904715,1.96606004523963,True,H5,chop,0.163,0.0006,True,528,0.009
1778067000000,short,82650.0,243.4358522966672,4.61476171984882,True,H5,chop,37.584,0.1544,True,277,0.01
1778076900000,long,81380.0,299.4778078855113,0.4256368885601689,True,H5,chop,152.729,0.51,True,7131,0.153
1778167800000,long,79800.0,266.06658307681886,-1.2585127294028875,True,H5,chop,-3.382,-0.0127,True,590,0.019
1778254200000,long,79650.0,278.12638239853925,4.0861013189208,True,H5,chop,-17.199,-0.0618,True,2005,0.069
1778470200000,long,80560.0,294.3974514279082,2.125801493391628,True,H5,chop,-7.278,-0.0247,True,317,0.013
1778594400000,long,80410.0,203.5814163825174,-1.4999999999999782,True,H5,chop,-18.456,-0.0907,True,652,0.019
1778779800000,long,81410.0,331.39642061789897,-1.216631874586002,True,H5,chop,-5.906,-0.0178,True,384,0.012
1778853600000,long,78710.0,306.45413821169143,-1.3605841151814873,True,H5,trend,22.657,0.0739,True,1264,0.014
1779061500000,long,77200.0,262.490893829506,-1.0974546128501246,True,H5,chop,-21.228,-0.0809,True,952,0.016
1779068700000,long,76790.0,279.885746274823,-1.4270177694048798,True,H5,chop,-4.303,-0.0154,True,387,0.013
1779121800000,long,76210.0,300.4592063835919,1.4099571359838754,True,H5,chop,-1.82,-0.0061,True,1605,0.062
1779159600000,long,76580.0,217.20865100337375,1.3190258553147824,True,H5,chop,-2.592,-0.0119,True,151,0.012
1779326100000,short,78100.0,180.20960729272238,1.5001493811353837,True,H5,chop,-5.126,-0.0284,True,932,0.045
1779361200000,long,77150.0,181.47386011174905,-1.499999999999975,True,H5,chop,-78.216,-0.431,True,2260,0.101
1779572700000,long,76640.0,287.3374336796005,-1.2713440842588049,True,H5,chop,12.301,0.0428,True,3085,0.141
1779633000000,long,76370.0,180.80146530371377,-1.2112778406619369,True,H5,chop,-21.936,-0.1213,True,397,0.02
1779805800000,short,77940.0,330.1074912790045,14.861857023472451,True,H5,trend,2.238,0.0068,True,362,0.003
1779920100000,long,74350.0,248.35498533867445,-1.3798826639806872,True,H5,chop,-4.811,-0.0194,True,350,0.01
1779941700000,long,73020.0,303.3423036683214,0.5325527765587093,True,H5,chop,21.756,0.0717,True,2267,0.056
1779979500000,long,72780.0,287.59676113811304,-1.500000000000008,True,H5,chop,31.738,0.1104,True,5044,0.126
1780070400000,long,73770.0,297.0863108388743,-1.3321545053527524,True,H5,chop,-22.919,-0.0771,True,1567,0.044
1780271100000,long,73550.0,158.53052897054405,1.2211864526393446,True,H5,chop,-5.018,-0.0317,True,738,0.072
1780279200000,long,73230.0,205.2051895247913,1.4050958168327685,True,H5,chop,-39.237,-0.1912,True,1546,0.072
1780330500000,long,70830.0,316.12850761132023,0.7648808072259243,True,H5,chop,41.413,0.131,True,4624,0.115
1780366500000,long,70280.0,304.0436541070993,-1.180445158188752,True,H5,trend,6.018,0.0198,True,2710,0.054
1780394400000,long,69370.0,279.8142082499925,-1.5000000000000338,True,H5,chop,-32.921,-0.1177,True,2331,0.073
1780450200000,short,66990.0,396.6000096256331,-0.3790535358827331,True,H5,trend,5.444,0.0137,True,806,0.021
1780466400000,short,67320.0,398.6819719261903,-1.3162137164932246,True,H5,chop,16.262,0.0408,True,382,0.016
1780537500000,short,62790.0,483.52142415229775,-1.1002223212672118,True,H5,trend,3.788,0.0078,True,404,0.003
1780563600000,short,63600.0,421.47921105273537,0.6007056557859651,True,H5,chop,2.377,0.0056,True,133,0.003
1780622100000,long,63280.0,336.3251522064513,-1.1327621936764087,True,H5,chop,-7.428,-0.0221,True,439,0.013
1780648200000,short,62800.0,500.61715173512727,0.7178716287297102,True,H5,chop,2.353,0.0047,True,2586,0.108
1780729200000,long,60740.0,428.2552862746564,0.9455383023718594,True,H5,chop,-42.568,-0.0994,True,1951,0.04
1780877700000,long,63190.0,417.7976260862986,-1.257219281704711,True,H5,trend,-8.462,-0.0203,True,390,0.012
1780926300000,long,63440.0,363.6176429687804,0.8045685506258655,True,H5,chop,15.337,0.0422,True,20572,0.277
1781133300000,long,61170.0,272.6122298451877,13.58593264672264,True,H5,chop,-4.056,-0.0149,True,376,0.01
1781275500000,long,63480.0,245.1577935613611,-1.4318602589294167,True,H5,trend,-1.338,-0.0055,True,247,0.004
1781544600000,long,66790.0,218.5954669735262,-1.4606254897184303,True,H5,chop,-2.221,-0.0102,True,167,0.008
1750638600000,long,100550.0,480.09610512646015,0.15345219086400702,False,H21,trend,-32.751,-0.0682,True,2260,0.077
1752800400000,long,119780.0,475.447679186993,-1.3149137256407069,False,H21,trend,-22.882,-0.0481,True,635,0.018
1756141200000,long,112180.0,420.7743678827919,-1.3332546150697562,False,H21,chop,-377.316,-0.8967,True,11431,0.492
1758703500000,long,112510.0,212.2594721305442,1.8004725505881192,False,H21,chop,17.874,0.0842,True,624,0.073
1758893400000,long,109050.0,335.3866555224246,1.0549825925011267,False,H21,chop,-3.978,-0.0119,True,1694,0.045
1759338900000,long,117240.0,332.0008874419518,-1.4414144827417812,False,H21,chop,4.193,0.0126,True,3741,0.292
1760238000000,long,110040.0,543.2875530814413,16.26753631639926,False,H21,trend,-2.249,-0.0041,True,151,0.002
1760454900000,long,111130.0,566.9836284802058,0.8631414713774753,False,H21,chop,1.885,0.0033,True,227,0.006
1762308900000,long,101020.0,757.3854340182999,2.465419080075559,False,H21,chop,-2.229,-0.0029,True,562,0.011
1762317000000,long,101530.0,627.8221126936152,0.6798442446838285,False,H21,chop,-12.664,-0.0202,True,299,0.01
1762455600000,long,101630.0,591.3849219424798,-1.2148135593020049,False,H21,chop,-9.773,-0.0165,True,392,0.011
1763490600000,long,93180.0,520.4517030385283,-1.223795982067092,False,H21,chop,14.74,0.0283,True,2148,0.1
1763752500000,long,84460.0,806.7630101771053,-1.130862469731752,False,H21,chop,-8.508,-0.0105,True,1697,0.057
1763759700000,long,84460.0,698.7254180861745,-1.1510965498996328,False,H21,trend,-2.733,-0.0039,True,2062,0.061
1764109800000,long,87050.0,407.9758140368792,0.8415378351381846,False,H21,chop,-3.008,-0.0074,True,470,0.018
1764789300000,long,92540.0,476.12496804429446,3.4164874963009644,False,H21,chop,-3.7,-0.0078,True,2506,0.161
1764819900000,long,93430.0,366.4994729391066,-1.3186566656247416,False,H21,chop,-1.649,-0.0045,True,231,0.023
1764947700000,long,90960.0,418.6602003473916,-1.2715806276919928,False,H21,chop,-8.353,-0.02,True,324,0.008
1764962100000,long,89030.0,511.38281577647496,0.5827589576199754,False,H21,chop,48.011,0.0939,True,4005,0.133
1765873800000,long,86160.0,268.788345150186,1.3727033679994398,False,H21,chop,-0.796,-0.003,True,5543,0.55
1766094300000,long,85250.0,603.2800068677246,4.1673054878555,False,H21,chop,4.15,0.0069,True,194,0.006
1767016800000,long,87300.0,263.3607466120683,2.0997972316704177,False,H21,chop,-12.615,-0.0479,True,4395,0.252
1768229100000,long,90620.0,287.8016011518498,6.5800653149741475,False,H21,chop,-1.441,-0.005,True,3417,0.069
1768869900000,long,92670.0,227.62855028991268,-1.4999999999999831,False,H21,chop,-2.614,-0.0115,True,499,0.068
1769438700000,long,87810.0,270.9786104653319,1.2097126390790465,False,H21,chop,-349.041,-1.2881,True,35401,0.662
1769783400000,long,82760.0,372.41364033349527,-1.2777825213581355,False,H21,trend,46.563,0.125,True,11304,0.136
1769798700000,long,83050.0,619.5785639314115,-1.1675534081445298,False,H21,trend,19.057,0.0308,True,6126,0.061
1769895000000,long,77760.0,739.4200169589578,-1.1314543801502146,False,H21,trend,62.365,0.0843,True,3198,0.065
1770237000000,long,73500.0,675.1705652294173,-1.136076725988168,False,H21,chop,3.047,0.0045,True,2387,0.088
1770480000000,long,69000.0,548.5345213837027,-1.1572371412147975,False,H21,trend,80.41,0.1466,True,29840,0.079
1770653700000,long,69150.0,522.9789980408141,0.49924327932499835,False,H21,chop,70.873,0.1355,True,3053,0.09
1772578800000,long,68270.0,399.98469427449055,-1.2133519137645745,True,H21,trend,1.711,0.0043,True,479,0.013
1772635500000,long,71290.0,452.98934888771373,3.2395298114697013,True,H21,chop,-31.006,-0.0684,True,11452,0.102
1773033300000,long,67120.0,353.6535159325815,0.734739855895768,True,H21,chop,0.529,0.0015,True,270,0.012
1773044100000,long,67380.0,328.7009602014565,17.143064210135098,True,H21,trend,-29.031,-0.0883,True,4617,0.138
1773242100000,long,70080.0,458.32119978022695,-1.1911323326130334,True,H21,chop,-5.942,-0.013,True,1345,0.032
1773714600000,long,75120.0,413.05966368610234,-1.227327934085956,True,H21,chop,49.072,0.1188,True,2735,0.141
1773762300000,long,73800.0,356.9197284355701,0.7360852102092659,True,H21,chop,-12.637,-0.0354,True,9197,0.257
1775108700000,long,66540.0,259.0339226819167,-1.3210969402727017,True,H21,chop,-0.55,-0.0021,True,510,0.037
1776823200000,long,76210.0,270.40221702666327,12.787947615636387,True,H21,trend,-31.363,-0.116,True,2791,0.068
1777555800000,long,76090.0,202.4928730203178,17.033788803951563,True,H21,trend,-17.318,-0.0855,True,1046,0.02
1777897800000,long,78910.0,273.31252057703324,-1.360896382616307,True,H21,chop,-7.721,-0.0282,True,990,0.074
1777990500000,long,81050.0,256.70108303904715,1.55189417960524,True,H21,chop,0.163,0.0006,True,528,0.009
1779799500000,long,77060.0,177.57380292141758,-1.500000000000015,True,H21,chop,-30.386,-0.1711,True,1152,0.085
1780470000000,long,66940.0,376.19979175822345,-1.2224217073830235,True,H21,chop,-5.063,-0.0135,True,392,0.014
1780599600000,long,63650.0,439.5203268311026,0.6816190250554373,True,H21,chop,-114.025,-0.2594,True,18004,0.519
1780926300000,long,63440.0,363.6176429687804,0.7397880856487877,True,H21,chop,15.337,0.0422,True,20572,0.277
1781275500000,long,63460.0,245.1577935613611,-0.7915050177420899,True,H21,trend,-30.045,-0.1226,True,9629,0.167
1750626900000,short,99360.0,497.4838788544483,-1.2496563311478437,False,H21s,chop,0.82,0.0016,True,134,0.007
1752606900000,short,117090.0,526.6746523052025,-1.2778992673358887,False,H21s,chop,35.117,0.0667,True,5183,0.302
1752848100000,short,119060.0,401.4655710462665,2.25317252153775,False,H21s,trend,87.589,0.2182,True,2127,0.022
1753672500000,short,119370.0,255.73718763790382,-1.5000000000000195,False,H21s,chop,4.109,0.0161,True,447,0.084
1758581100000,short,112600.0,231.73687069430775,-1.5000000000000173,False,H21s,chop,1.589,0.0069,True,98,0.027
1759278600000,short,114010.0,247.48531871898382,-1.5000000000000018,False,H21s,chop,-1.689,-0.0068,True,883,0.11
1759521600000,short,122600.0,542.8418466212429,0.7563743827456895,False,H21s,chop,34.636,0.0638,True,850,0.03
1760032800000,short,120950.0,536.5315541239703,-1.2817867818545274,False,H21s,chop,-15.438,-0.0288,True,2580,0.091
1760137200000,short,113630.0,1941.1070535737485,1.8626078573788662,False,H21s,chop,18.576,0.0096,True,10753,0.11
1760359500000,short,114740.0,401.7485469371083,-1.3570019134940423,False,H21s,chop,574.949,1.4311,True,12628,0.359
1760564700000,short,111120.0,505.7194307887978,0.9531174217454712,False,H21s,chop,5.712,0.0113,True,651,0.032
1760712300000,short,105550.0,714.2339454909268,-1.1847258882512421,False,H21s,chop,189.476,0.2653,True,13652,0.219
1761804000000,short,110230.0,575.2194612337455,-1.2395390095190284,False,H21s,chop,9.526,0.0166,True,549,0.023
1762284600000,short,101320.0,673.5743977776774,2.547162331279134,False,H21s,chop,5.214,0.0077,True,629,0.013
1762302600000,short,101020.0,662.7961782097531,-1.1905186000635593,False,H21s,trend,106.89,0.1613,True,7058,0.125
1762466400000,short,101240.0,500.37494008068995,-1.2529103475477714,False,H21s,chop,60.152,0.1202,True,4018,0.258
1762884000000,short,103470.0,399.258570336103,1.1417193865526096,False,H21s,chop,110.642,0.2771,True,4842,0.206
1763046900000,short,102850.0,572.9586247349251,3.7330487886268706,False,H21s,chop,33.67,0.0588,True,985,0.017
1763106300000,short,97450.0,657.3727338819638,0.7326811084620086,False,H21s,chop,135.26,0.2058,True,9450,0.172
1763163900000,short,94850.0,620.4996359683607,-1.191075857466004,False,H21s,chop,65.031,0.1048,True,6798,0.221
1763689500000,short,87220.0,525.9334191532864,2.438559622365766,False,H21s,chop,3.936,0.0075,True,304,0.017
1764086400000,short,87000.0,397.2463596505144,-1.273759588623221,False,H21s,chop,-1.981,-0.005,True,3633,0.131
1764097200000,short,87200.0,405.14989513917345,0.8205193616528709,False,H21s,chop,-27.636,-0.0682,True,1001,0.022
1764774000000,short,92880.0,534.7789922766339,0.9529450620909903,False,H21s,chop,168.378,0.3149,True,29401,0.39
1767584700000,short,92900.0,263.5121697115975,-1.4406817344606817,False,H21s,chop,-1.734,-0.0066,True,1892,0.286
1768196700000,short,92070.0,246.3953284819175,1.2387765298984106,False,H21s,chop,-20.346,-0.0826,True,2183,0.659
1768415400000,short,97000.0,490.8899775168103,1.0497090799720414,False,H21s,chop,7.784,0.0159,True,245,0.005
1768460400000,short,96200.0,245.45889891961866,-1.4898987183975487,False,H21s,chop,1.166,0.0048,True,358,0.043
1768487400000,short,96750.0,298.29370853395676,0.7630212659380791,False,H21s,trend,-4.308,-0.0144,True,409,0.004
1768925700000,short,90840.0,361.0226044906028,3.4672990493201676,False,H21s,chop,98.997,0.2742,True,4957,0.217
1769893200000,short,77960.0,758.7652267689684,-1.1284323484550913,False,H21s,chop,4.77,0.0063,True,326,0.006
1769998500000,short,77410.0,672.0711549589955,2.6887926771834856,False,H21s,chop,118.828,0.1768,True,3301,0.093
1770160500000,short,75810.0,570.047844235196,-1.1662360466026147,False,H21s,chop,34.707,0.0609,True,1890,0.064
1770310800000,short,68270.0,911.0805535510978,8.573108176383242,False,H21s,trend,0.644,0.0007,True,130,0.001
1770365700000,short,65080.0,711.6300738253981,0.5349537360334566,False,H21s,chop,7.113,0.01,True,1948,0.034
1770910200000,short,67890.0,424.40437687491897,5.533276268163276,False,H21s,chop,60.262,0.142,True,2922,0.036
1771248600000,short,68820.0,382.2244764081003,-0.017934075769028862,False,H21s,trend,-40.97,-0.1072,True,16655,0.186
1772481600000,short,69080.0,461.4842121336444,0.521615894262236,True,H21s,chop,83.945,0.1819,True,6229,0.108
1772657100000,short,73460.0,442.8972735643182,-0.28518311423695525,True,H21s,trend,20.727,0.0468,True,2544,0.059
1773322200000,short,70370.0,286.5162986649847,1.0523586897903636,True,H21s,chop,9.365,0.0327,True,41752,0.562
1773414900000,short,72730.0,409.76610265935426,5.195946914224342,True,H21s,chop,175.733,0.4289,True,4885,0.1
1774218600000,short,68250.0,293.0284505479192,-1.2911406719739351,True,H21s,chop,3.462,0.0118,True,1854,0.086
1774447200000,short,71590.0,294.6123733188477,0.8182262700570833,True,H21s,chop,36.435,0.1237,True,11714,0.179
1774930500000,short,67820.0,266.3302841715686,0.9762533545221778,True,H21s,chop,141.09,0.5298,True,6661,0.265
1775656800000,short,71640.0,335.61809777081,0.705946237425872,True,H21s,chop,43.779,0.1304,True,2994,0.056
1779120900000,short,76600.0,299.3714530284842,0.9350423935490185,True,H21s,chop,-69.833,-0.2333,True,10450,0.297
1780314300000,short,72710.0,194.31301639429574,10.531250532485773,True,H21s,trend,40.653,0.2092,True,1585,0.032
1780421400000,short,67800.0,372.7019580837255,2.6521638677428223,True,H21s,chop,60.259,0.1617,True,5445,0.167
