bar_ts,side,lvl,atr,r,oos,kind,regime,bar_high,bar_low,delta_at_level,absorption_ratio,large_order_z,stacked_imb,exhaustion,vol_concentration,level_near_poc,bar_imb_ratio,delta_norm_bar,top_q,combo
1750441500000,long,102800.0,432.48128600378595,0.3996171565801279,False,H5,trend,103280.4,102601.1,-6.494,1.2259,1.4325,5.0,-0.86,0.0682,0.0,0.2285,2.1349,Q4(mejor),True
1750542300000,long,101700.0,339.09373527748306,-1.0983212323016462,False,H5,chop,101779.9,101348.6,3.763,0.67,0.2856,7.0,-2.429,0.1024,0.0,-0.0729,-0.2937,Q3,True
1750702500000,short,102820.0,588.7363003233827,-1.2369968474358801,False,H5,chop,103145.0,102588.0,-0.413,0.228,-0.9202,6.0,0.963,0.1414,0.0,-0.0573,-0.316,Q2,False
1750707900000,long,102660.0,527.869510077061,9.980671445619727,False,H5,chop,103198.9,102623.8,-0.699,3.7198,-0.8989,5.0,2.114,0.1142,0.0,0.3612,0.7464,Q3,True
1750784400000,short,106200.0,351.5476865510088,2.410451977401104,False,H5,chop,106269.9,105836.0,57.685,3.2516,3.3846,10.0,-1.754,0.1621,0.0,-0.2661,-1.6755,Q2,False
1751551200000,short,110240.0,352.06785613458896,4.834583416134974,False,H5,chop,110459.7,109850.7,-5.529,0.5455,-0.3522,2.0,-5.629,0.0762,0.0,-0.2357,-2.0988,Q4(mejor),False
1751638500000,long,107700.0,233.84370358782024,-1.4136772353656926,False,H5,chop,108069.9,107452.3,-10.687,1.4136,1.1597,7.0,-2.587,0.0909,0.0,0.151,2.6121,Q4(mejor),True
1752072300000,long,108640.0,255.84491845367455,3.0587923128823724,False,H5,chop,108973.6,108535.5,5.837,0.4853,-0.1824,2.0,16.274,0.105,0.0,0.3577,2.4028,Q3,False
1752173100000,long,113010.0,385.4000153839712,3.831790696988481,False,H5,chop,113425.8,112960.0,5.377,0.3415,0.289,2.0,-2.194,0.1979,0.0,0.4815,0.9283,Q1(peor),False
1752227100000,short,118610.0,355.14094227543444,1.481049944812734,False,H5,chop,118732.4,118365.9,5.822,3.8031,-0.3327,2.0,9.089,0.1914,0.0,-0.1403,-0.4534,Q1(peor),False
1752250500000,long,116730.0,440.8448945544495,2.6326261585438315,False,H5,chop,117281.4,116642.4,-1.224,1.2125,0.1841,2.0,0.498,0.1017,0.0,0.2348,0.7522,Q3,False
1752479100000,short,122900.0,446.5520431631828,7.187628450083857,False,H5,chop,122958.0,122635.8,3.918,1.9589,-0.3944,4.0,-1.743,0.1892,0.0,-0.0114,-0.0325,Q1(peor),False
1752504300000,long,120730.0,427.98416250882775,-1.499999999999997,False,H5,chop,121210.8,120636.3,-6.216,1.96,0.2705,8.0,-11.987,0.088,0.0,0.1407,0.6093,Q4(mejor),True
1752673500000,long,118250.0,320.2997441276437,1.5010923185341791,False,H5,chop,118740.0,118127.9,-4.458,20.8133,-0.6279,9.0,-13.849,0.1242,0.0,-0.0619,-0.3773,Q3,True
1752680700000,long,118950.0,482.8806750985673,0.39719618997222045,False,H5,chop,119415.4,118855.7,4.777,0.6918,0.1495,7.0,-1.426,0.1219,0.0,-0.1081,-0.5792,Q3,True
1752717600000,long,118090.0,392.95493519281945,0.5460591236807871,False,H5,chop,118432.4,117970.4,-14.216,4.2098,1.2261,3.0,-2.248,0.1396,0.0,-0.0273,-0.0677,Q2,False
1752783300000,long,118780.0,391.83234547850054,0.6164000782509131,False,H5,chop,119180.6,118659.3,-2.033,1.999,-0.5137,5.0,-0.571,0.1047,0.0,-0.1564,-0.5195,Q3,True
1752848100000,short,119060.0,401.4655710462665,1.4940625574774042,False,H5,trend,119088.5,117750.0,-10.731,0.0272,-0.3688,9.0,0.972,0.093,0.0,-0.2211,-3.1093,Q4(mejor),True
1753119900000,long,117450.0,384.16737041203044,1.6033276571590482,False,H5,chop,117944.3,117380.0,-153.775,7.0957,8.6227,4.0,3.179,0.2684,1.0,0.1202,0.4159,Q1(peor),False
1753128000000,long,116730.0,377.6215785150327,1.619293811930664,False,H5,chop,117003.7,116652.0,-0.065,1.0119,0.0654,4.0,-0.109,0.1659,0.0,0.1431,0.2831,Q2,False
1753149600000,short,117780.0,376.02594184391603,1.013476579924466,False,H5,chop,117849.4,117417.0,-0.117,0.5084,-1.1227,2.0,3.479,0.1062,0.0,-0.5615,-1.3493,Q3,False
1753306200000,long,117470.0,369.88011167857826,1.412018671433819,False,H5,chop,117940.2,117357.7,-1.43,26.5357,-0.8717,5.0,-8.9,0.0988,0.0,0.1369,0.3037,Q4(mejor),True
1753455600000,long,114960.0,459.68602817922954,10.439561586638707,False,H5,chop,115467.5,114914.1,-0.457,2.7376,-0.5632,4.0,-0.956,0.2495,0.0,0.1858,0.6209,Q1(peor),False
1753821900000,long,117170.0,360.47330411253085,1.4337455996958528,False,H5,chop,117498.8,117101.6,-1.49,2.6022,-0.4503,4.0,0.526,0.2406,0.0,0.2422,0.4432,Q1(peor),False
1753887600000,short,118700.0,362.8384012709164,2.4773799494523523,False,H5,chop,118769.0,118256.5,1.363,4.3489,-0.8054,6.0,0.224,0.1378,0.0,-0.2545,-0.8895,Q2,False
1753902900000,long,116190.0,405.7528355702462,1.8483103706987825,False,H5,chop,116431.7,116126.7,25.29,0.3637,0.631,3.0,1.31,0.133,0.0,0.2187,1.2415,Q2,False
1753983000000,long,117790.0,311.2912786740001,-1.5000000000000067,False,H5,chop,118140.9,117737.2,6.881,0.3715,-0.0117,4.0,-0.048,0.1484,0.0,0.1833,0.7326,Q2,False
1754037000000,long,114360.0,371.03414458567727,1.5756849714353094,False,H5,chop,114579.7,114013.0,-0.952,1.1425,-0.3156,9.0,-5.43,0.1046,0.0,-0.1199,-0.7051,Q3,True
1754056800000,long,114270.0,469.4742027708988,-1.316515709748205,False,H5,trend,115220.8,113849.5,4.862,0.6155,0.0807,14.0,-26.517,0.0595,0.0,0.0499,0.5556,Q4(mejor),True
1754405100000,long,112730.0,379.3463473949501,10.635916200952071,False,H5,chop,113019.8,112577.7,-0.992,1.0627,0.2757,2.0,-1.499,0.1402,0.0,0.1491,0.8971,Q2,False
1754496000000,short,115400.0,363.15953441646946,-1.4475415072753919,False,H5,chop,115439.6,115073.7,1.067,1.2227,-0.4914,3.0,0.533,0.1213,0.0,-0.3859,-1.297,Q3,False
1754596800000,short,117400.0,303.4253864115848,4.902867688813021,False,H5,chop,117434.4,117206.3,0.793,1.0965,-0.0194,2.0,0.824,0.1521,0.0,-0.2307,-0.6227,Q2,False
1754667900000,long,115880.0,267.73079231532665,6.407191347370603,False,H5,chop,116188.0,115854.2,8.811,0.4704,0.7525,2.0,3.143,0.1594,0.0,0.3434,1.2799,Q2,False
1754886600000,short,121710.0,391.6574334025061,-1.3050739292832771,False,H5,chop,121850.0,121607.1,-12.244,0.1724,0.1454,6.0,-0.837,0.2097,0.0,0.0081,0.0159,Q1(peor),False
1754922600000,long,119870.0,416.4803484359126,1.3756027547756662,False,H5,chop,120565.3,119836.3,0.616,0.7774,-0.6656,4.0,2.584,0.0946,0.0,0.0777,0.383,Q4(mejor),False
1755064800000,long,119050.0,281.5055579542959,8.870802383724435,False,H5,chop,119233.0,118924.4,1.259,0.5249,-0.3681,2.0,-0.827,0.2838,0.0,-0.0156,-0.0293,Q1(peor),False
1755102600000,short,121560.0,482.1250418428906,-1.2925572994994539,False,H5,chop,121698.4,121311.9,-4.442,0.3863,-0.0338,4.0,-4.916,0.1499,0.0,-0.2773,-0.4692,Q2,False
1755186300000,long,118050.0,641.4391203707067,-1.2283307979461915,False,H5,chop,118259.6,117862.0,-5.343,2.0858,0.3285,4.0,-0.088,0.1253,0.0,0.0609,0.0918,Q3,False
1755701100000,short,113470.0,393.22639450883514,-1.1998149365947894,False,H5,chop,113809.9,113331.3,8.597,2.149,1.597,4.0,6.415,0.0917,0.0,0.1687,0.442,Q4(mejor),False
1755714600000,long,113270.0,439.9366755589025,2.479737206085754,False,H5,chop,113631.5,113194.3,-6.34,4.2004,-0.0534,5.0,-5.175,0.1178,0.0,0.2644,0.5713,Q3,True
1755741600000,short,114690.0,296.59582886457207,8.601005609323483,False,H5,chop,114783.7,114190.0,0.51,1.6911,-0.6303,6.0,-0.444,0.1197,0.0,0.1081,0.2862,Q3,True
1755814500000,long,112570.0,305.3181051644095,-1.4433529907065898,False,H5,chop,112666.2,112521.9,-5.022,15.0672,-0.3952,4.0,-0.065,0.2427,0.0,0.1467,0.1156,Q1(peor),False
1755895500000,long,116970.0,356.44578922710497,-1.392672358813996,False,H5,chop,117037.1,116835.0,-14.629,3.3023,1.3288,2.0,3.148,0.1631,0.0,0.1574,0.2742,Q2,False
1756082700000,long,112240.0,471.0312095531179,2.261008953555684,False,H5,chop,112662.7,112133.6,10.316,0.1249,0.016,4.0,-0.552,0.1854,0.0,0.0792,0.2336,Q1(peor),False
1756125900000,long,111590.0,330.2459230978303,-1.2340646420266719,False,H5,chop,111600.0,111365.4,-6.409,2.1632,1.433,4.0,-3.824,0.1483,0.0,-0.0512,-0.0652,Q2,False
1756212300000,short,110520.0,364.70937572943154,0.6137521416690448,False,H5,chop,110662.2,109733.6,9.808,8.5504,-0.1904,4.0,0.7,0.0589,0.0,-0.1488,-1.0945,Q4(mejor),False
1756694700000,long,107500.0,293.83871218230047,-1.5,False,H5,chop,107685.4,107375.9,-5.082,2.0136,-0.2393,3.0,-3.43,0.1417,0.0,0.1471,0.5923,Q2,False
1756723500000,long,108300.0,346.5562104559289,1.8727995024680943,False,H5,chop,108533.3,108180.3,5.49,0.6392,0.9493,1.0,1.156,0.1747,0.0,0.3712,1.0058,Q1(peor),False
1756771200000,short,109200.0,345.6065188878092,-1.264362715178444,False,H5,chop,109236.9,109001.4,0.926,2.0255,-0.8097,3.0,0.726,0.2066,0.0,-0.3967,-0.6532,Q1(peor),False
1756782900000,short,110360.0,365.18273766851064,-1.5000000000000193,False,H5,chop,110595.0,110093.9,0.721,1.2852,-0.6638,5.0,4.644,0.1215,0.0,-0.1192,-0.4766,Q3,True
1756922400000,short,112280.0,337.3742470946922,3.723219789488528,False,H5,chop,112498.0,112211.2,4.418,2.6856,-0.0025,4.0,0.154,0.3427,0.0,0.3366,0.5712,Q1(peor),False
1757524500000,short,113960.0,304.5834208335437,-1.4999999999999931,False,H5,trend,114035.0,113366.0,-2.022,0.7492,1.2094,5.0,-3.191,0.0848,0.0,-0.3755,-1.14,Q4(mejor),True
1758043800000,short,116770.0,306.9233695840715,-1.5000000000000033,False,H5,chop,116883.6,116300.1,19.306,2.1948,1.2841,11.0,-11.09,0.0843,0.0,-0.2399,-2.2817,Q4(mejor),True
1758522600000,long,112750.0,403.31419399423334,-1.2306489779541347,False,H5,chop,112998.7,112593.9,14.115,0.6691,1.2909,12.0,-2.107,0.1328,0.0,-0.1745,-1.1509,Q2,False
1758551400000,short,113350.0,318.67139683907266,6.876988678135795,False,H5,chop,113374.0,112822.0,21.217,3.8941,2.3363,3.0,-0.909,0.1287,0.0,-0.1831,-0.6794,Q3,False
1758617100000,long,113000.0,209.2371616367225,-1.5,False,H5,chop,113075.5,112968.8,-17.262,3.2354,2.1336,4.0,-0.739,0.3008,0.0,-0.0367,-0.0516,Q1(peor),False
1758650400000,long,111870.0,295.6341424077629,-1.5000000000000209,False,H5,chop,112141.0,111816.2,-28.962,34.328,1.0279,7.0,-0.663,0.1665,0.0,-0.0573,-0.2169,Q2,False
1758687300000,long,111340.0,306.855268560784,2.4371517098341933,False,H5,trend,111983.2,111306.1,-1.983,1.4112,-0.1173,1.0,11.521,0.1013,0.0,0.4337,2.5387,Q3,False
1758814200000,long,110860.0,398.0764104546847,1.6550996651152043,False,H5,chop,111350.0,110819.8,3.08,0.4358,-0.4277,6.0,-7.972,0.0704,0.0,0.3588,1.0269,Q4(mejor),True
1758895200000,short,109680.0,349.3390039963761,1.762369969042905,False,H5,chop,109738.7,109189.7,-0.924,0.8261,-0.0584,5.0,-0.415,0.3941,0.0,0.0184,0.0675,Q1(peor),False
1759515300000,long,121980.0,630.264992859923,-0.5417700260848579,False,H5,chop,122570.4,121952.5,0.02,0.9327,-0.7801,7.0,0.32,0.143,0.0,-0.0821,-0.1821,Q2,False
1759633200000,short,124060.0,307.06511825428254,-1.5000000000000093,False,H5,chop,124108.4,123590.8,3.836,192.8,-0.765,8.0,0.571,0.0969,0.0,-0.2204,-0.8673,Q4(mejor),True
1759764600000,short,125130.0,401.05348656174704,-1.2556711109054184,False,H5,chop,125231.0,124921.6,-1.857,0.7468,0.2666,3.0,0.886,0.1454,0.0,-0.1487,-0.2486,Q2,False
1759777200000,short,126000.0,404.1987261498695,10.669402102389348,False,H5,chop,126093.1,125565.8,12.674,5.2064,-0.119,6.0,-0.188,0.1203,0.0,-0.1747,-0.9671,Q3,True
1759845600000,short,123880.0,406.9402357097074,8.68759583016422,False,H5,trend,123962.8,122677.9,-1.157,0.1208,-0.8803,7.0,0.304,0.0657,0.0,-0.2993,-3.6522,Q4(mejor),True
1759858200000,long,121220.0,525.3400570413887,-1.4999999999999951,False,H5,chop,121434.9,121136.9,-1.797,1.2808,0.0695,5.0,-1.501,0.1864,0.0,0.0552,0.0883,Q1(peor),False
1759931100000,long,121790.0,404.43081920335794,1.4308234712182482,False,H5,chop,122630.8,121615.6,0.409,0.9667,0.6225,8.0,-1.0,0.0717,0.0,0.2296,1.8358,Q4(mejor),True
1760024700000,long,120730.0,495.9088308502927,-1.499999999999997,False,H5,chop,121238.8,120612.8,-1.919,4.6208,-0.6565,8.0,6.669,0.1428,0.0,0.1036,0.3233,Q2,False
1760103900000,short,122220.0,319.84272886412987,4.684381941477756,False,H5,chop,122260.5,121296.5,-0.269,0.8,-0.772,4.0,0.171,0.0855,0.0,-0.1685,-1.3774,Q4(mejor),False
1760116500000,long,117800.0,587.8020799660803,-1.2546472620999696,False,H5,chop,118219.2,117671.7,7.332,0.3566,-0.1107,3.0,1.144,0.1136,0.0,0.3053,0.9928,Q3,False
1760156100000,short,112440.0,983.8066380438376,0.9735904994474588,False,H5,chop,112563.8,112045.4,8.233,2.3844,1.8018,2.0,0.631,0.1627,1.0,-0.104,-0.0707,Q2,False
1760183100000,long,112280.0,491.80418612074664,-1.3204934903668386,False,H5,chop,112331.7,112047.5,1.576,0.6519,0.4601,5.0,-6.298,0.1372,0.0,-0.0388,-0.0256,Q2,False
1760236200000,short,110420.0,460.35420357374153,1.3129504298921513,False,H5,chop,110670.3,109863.7,2.784,12.5041,-0.3283,6.0,-0.39,0.092,0.0,0.1379,0.2247,Q4(mejor),True
1760280300000,long,111330.0,447.221903544083,8.566608404153506,False,H5,trend,113034.2,111301.0,-4.15,3.888,-0.7694,3.0,1.602,0.042,0.0,0.1881,3.6152,Q4(mejor),False
1760372100000,short,114880.0,587.8444276972767,-1.2066379779053042,False,H5,chop,114917.1,114333.0,-6.952,0.1369,0.1156,3.0,0.545,0.1006,0.0,-0.0187,-0.0312,Q3,False
1760453100000,short,111780.0,568.5336756338472,1.1908472934181042,False,H5,chop,112065.9,111321.8,4.399,1.3668,1.874,3.0,-2.965,0.1434,0.0,-0.1212,-0.2629,Q2,False
1760461200000,long,112280.0,671.3978759582078,-1.2757823692265313,False,H5,trend,112841.5,111659.0,0.938,0.201,-0.9142,10.0,-0.842,0.0623,0.0,0.0084,0.0393,Q4(mejor),True
1760541300000,long,110690.0,528.9574812553091,-1.4999999999999893,False,H5,chop,111533.2,110483.8,5.341,0.5815,1.0594,4.0,-6.768,0.0719,0.0,0.0788,0.326,Q4(mejor),False
1760562900000,long,110680.0,492.4929493171847,0.6283313620786787,False,H5,chop,111051.6,110511.3,0.738,0.4087,-0.5183,10.0,-1.775,0.1213,0.0,0.0443,0.0344,Q3,True
1760625900000,short,111320.0,562.796744067282,28.43642322143125,False,H5,trend,111363.2,110391.3,3.378,3.5826,-0.3502,3.0,0.409,0.0832,0.0,-0.228,-0.7864,Q4(mejor),False
1760633100000,long,107980.0,737.6908786490942,-1.121942824123205,False,H5,trend,109255.8,107868.0,-1.148,2.2812,-0.8,2.0,0.131,0.053,0.0,0.4108,1.647,Q4(mejor),False
1760691600000,long,104830.0,521.32492944744,-1.2807633253508095,False,H5,chop,105280.0,104754.1,-0.732,1.2407,-0.3813,2.0,-0.964,0.172,0.0,0.3343,0.8655,Q1(peor),False
1760708700000,long,105150.0,689.7498494443265,-1.3729826262543958,False,H5,chop,106136.3,104902.7,2.2,0.1122,-0.7145,5.0,-0.904,0.079,0.0,-0.0641,-0.2183,Q4(mejor),True
1760940900000,short,111150.0,387.4414844483048,-1.4012435073820235,False,H5,chop,111260.0,110963.9,6.453,2.2208,-0.0651,4.0,1.676,0.2024,0.0,0.0438,0.123,Q1(peor),False
1760978700000,long,110430.0,421.33688284246773,-1.36657793467276,False,H5,chop,110683.9,110061.8,7.151,0.1984,-0.528,7.0,-0.125,0.0961,0.0,0.0493,0.2748,Q4(mejor),True
1761050700000,short,109280.0,405.0358959576837,2.292667154709648,False,H5,chop,109433.0,108710.0,-25.455,0.108,1.3582,3.0,-1.809,0.1177,0.0,-0.4917,-2.2174,Q3,False
1761067800000,long,112300.0,727.7782072718522,-1.1124432449252617,False,H5,chop,112548.5,112160.0,-6.606,1.9871,0.1386,2.0,1.265,0.1333,0.0,0.0736,0.1445,Q2,False
1761172200000,long,106960.0,491.70779228288313,7.687833309465034,False,H5,chop,107283.6,106936.6,-0.685,3.4552,-0.4853,3.0,0.067,0.3289,0.0,0.1254,0.1175,Q1(peor),False
1761253200000,long,109420.0,416.54019420285914,2.7584700940770337,False,H5,chop,109650.0,109317.8,-2.04,4.3553,-0.8183,2.0,0.568,0.1411,0.0,0.152,0.3267,Q2,False
1761517800000,long,114330.0,385.98652064782715,3.9450246422098765,False,H5,chop,114542.8,114250.2,0.918,0.2488,-0.8299,6.0,-0.419,0.2204,0.0,0.166,0.2362,Q1(peor),False
1761572700000,long,114800.0,309.3604874255542,-1.2345153658626287,False,H5,chop,115393.4,114750.0,-7.886,1.4052,2.4216,2.0,0.452,0.1149,0.0,0.2448,1.2668,Q3,False
1761677100000,long,114700.0,384.61321141265876,-1.4093440304390736,False,H5,chop,115000.0,114605.7,8.041,0.1568,0.8569,3.0,1.437,0.171,0.0,0.2546,0.3086,Q1(peor),False
1761748200000,long,112220.0,322.9825534564855,-1.499999999999995,False,H5,chop,112647.5,112187.9,-4.1,2.3851,-0.0707,7.0,-0.865,0.1212,0.0,0.2538,0.7785,Q3,True
1761762600000,short,111380.0,578.9433850810076,-1.2983010964938468,False,H5,trend,111727.6,109056.2,-11.044,0.1722,-0.5476,6.0,0.147,0.0282,0.0,-0.1205,-3.3949,Q4(mejor),True
1761800400000,long,108460.0,589.0833662251185,2.2073737635128734,False,H5,chop,108976.5,108350.0,-29.033,4.7603,1.4828,16.0,-0.683,0.1283,0.0,-0.0526,-0.1922,Q3,True
1761809400000,short,111260.0,520.6998210989618,4.511443084941503,False,H5,chop,111341.2,111157.7,3.654,1.373,1.3648,5.0,-0.823,0.1639,0.0,0.027,0.0242,Q2,False
1761939900000,short,109920.0,497.2698925952585,-1.2122458583844766,False,H5,chop,110200.6,109739.8,0.43,1.0771,0.0312,2.0,0.61,0.1466,0.0,0.0085,0.0179,Q2,False
1762140600000,long,108050.0,393.3515488411976,-1.3136880187226645,False,H5,chop,108343.6,107911.5,-0.291,1.4597,-1.0755,2.0,1.662,0.1134,0.0,0.1664,0.3361,Q3,False
1762185600000,long,105690.0,586.9723061517071,-1.3087425026952615,False,H5,trend,106125.0,105178.2,-3.44,1.4533,-0.286,22.0,-3.778,0.0672,0.0,-0.2267,-1.7619,Q4(mejor),True
1762247700000,long,103780.0,490.3543653727585,1.105923169909638,False,H5,chop,103999.0,103613.0,1.801,0.5963,-0.463,9.0,-2.035,0.1192,0.0,-0.0248,-0.0416,Q3,True
1762281000000,long,100600.0,648.5361494705107,-1.1412302375411545,False,H5,trend,101217.4,99900.1,15.999,0.3756,1.3802,15.0,-2.07,0.0694,0.0,-0.0197,-0.1258,Q4(mejor),True
1762317000000,long,101530.0,627.8221126936152,1.4472153124769274,False,H5,chop,102091.5,101474.2,-4.607,2.1217,1.0829,4.0,-5.139,0.1119,0.0,0.2504,0.3081,Q3,False
1762453800000,long,101290.0,596.6996727853602,0.3613991056589835,False,H5,chop,101776.6,101260.0,-0.054,10.0,-0.8665,3.0,6.439,0.1596,0.0,0.4235,0.9331,Q2,False
1762475400000,long,100860.0,462.52398047868417,0.811185924189829,False,H5,chop,101392.9,100708.3,0.937,0.0478,-0.6998,3.0,-0.452,0.1103,0.0,0.1683,0.2132,Q3,False
1762520400000,long,99580.0,429.8758454556317,5.504596403833903,False,H5,trend,100270.9,99385.6,6.62,0.5177,0.3585,6.0,-2.971,0.1733,0.0,0.3328,1.7339,Q1(peor),False
1762797600000,short,105920.0,395.4424509313044,-1.4999999999999853,False,H5,chop,106033.8,105644.8,4.397,5.0192,-0.1458,4.0,1.206,0.1411,1.0,-0.0454,-0.0683,Q2,False
1762883100000,long,102950.0,398.0399988234962,-1.3144983914810107,False,H5,chop,103365.5,102880.8,-2.993,1.5738,0.3613,2.0,0.023,0.1183,0.0,0.2315,0.5824,Q3,False
1762894800000,long,102650.0,368.90302474308464,-1.4999999999999811,False,H5,chop,103062.3,102614.7,131.988,0.2835,8.7286,5.0,-1.778,0.2917,1.0,0.0066,0.0209,Q1(peor),False
1762975800000,long,100980.0,460.17063462304884,0.6556017353093487,False,H5,chop,101471.9,100800.6,-8.913,2.4293,1.7004,6.0,-0.477,0.1022,0.0,0.2561,0.6443,Q3,True
1762996500000,short,102400.0,391.34117238477404,1.0956861233424604,False,H5,chop,102453.5,101806.9,14.387,4.3157,1.425,16.0,-5.064,0.0974,0.0,0.0659,0.2304,Q4(mejor),True
1763005500000,short,102440.0,461.454765020461,1.503397606596292,False,H5,chop,102505.7,102066.4,-0.028,0.65,-0.9748,7.0,-1.176,0.1472,0.0,-0.1343,-0.1946,Q2,False
1763082900000,long,98870.0,583.5869253105285,0.51238118825744,False,H5,chop,99381.1,98730.9,-0.922,1.8003,-0.5099,9.0,-0.161,0.1009,0.0,0.1298,0.1681,Q3,True
1763091900000,long,98840.0,480.1345079567729,-1.448909173446822,False,H5,chop,99099.9,98739.4,-0.655,1.9909,-0.8289,3.0,-1.956,0.1375,0.0,0.2866,0.2808,Q2,False
1763172000000,short,95620.0,525.2467144998509,-1.2317036963471062,False,H5,chop,95655.2,95369.7,-0.004,0.6,-0.8319,4.0,-1.289,0.2458,0.0,-0.2155,-0.1434,Q1(peor),False
1763315100000,long,93900.0,403.45617544801564,0.9689344387033771,False,H5,chop,94400.0,93652.0,-1.512,3.3333,-1.1734,15.0,-0.407,0.0661,0.0,-0.0331,-0.1689,Q4(mejor),True
1763323200000,long,93960.0,480.7701211951559,1.0116808486439925,False,H5,chop,94358.9,93892.6,-0.341,1.5396,-0.7749,6.0,-2.78,0.1179,0.0,0.195,0.1819,Q3,True
1763340300000,long,94670.0,566.2885650263966,-1.2575613904123408,False,H5,trend,95350.0,94525.6,-7.971,10.058,-0.3376,4.0,-0.014,0.1219,0.0,0.3979,1.8103,Q3,False
1763390700000,short,95100.0,546.4387896660721,3.32451754904353,False,H5,trend,95500.0,94402.6,2.86,2.4179,-0.3233,2.0,-82.77,0.1318,0.0,-0.0091,-0.0455,Q2,False
1763426700000,long,91300.0,482.8113556986842,-1.408068185489624,False,H5,chop,92158.9,91129.6,-8.652,8.204,0.2739,15.0,-3.04,0.055,0.0,-0.0715,-0.2803,Q4(mejor),True
1763432100000,long,91120.0,508.14615515333446,-1.3334690846447126,False,H5,chop,91658.1,90690.5,-0.638,1.2772,-0.6252,5.0,-6.248,0.0976,0.0,-0.1282,-0.7564,Q4(mejor),True
1763571600000,short,89880.0,519.7844972776829,-1.3848786278425538,False,H5,trend,90084.6,89283.7,-0.407,0.759,-0.9114,11.0,-3.618,0.0723,0.0,0.016,0.071,Q4(mejor),True
1763581500000,long,88680.0,497.41651197824626,1.4235028515871955,False,H5,chop,89070.6,88580.3,-1.763,1.2282,0.5356,12.0,-7.186,0.1257,0.0,0.1281,0.2987,Q3,True
1763660700000,long,86700.0,727.8405342170291,-1.1078608393237679,False,H5,trend,87261.0,86600.0,-4.78,1.462,0.6391,3.0,-1.825,0.0979,0.0,0.1417,0.4343,Q4(mejor),False
1763666100000,long,86300.0,706.5341398890404,-1.1517821528839407,False,H5,trend,87142.0,86226.4,-0.831,1.4124,-0.5046,8.0,-1.193,0.1648,0.0,0.1053,0.4443,Q2,False
1763696700000,short,86030.0,567.5698548705766,1.186719816978305,False,H5,chop,86090.9,85776.5,0.042,1.0532,-0.8896,4.0,-2.537,0.1792,0.0,0.1042,0.1444,Q1(peor),False
1763735400000,long,83600.0,801.2371568028915,-1.209482305635865,False,H5,trend,85246.5,83550.8,-3.604,44.9512,-0.8224,5.0,0.823,0.0552,0.0,0.1222,1.1542,Q4(mejor),True
1763948700000,long,86480.0,443.90690760771633,-1.225900670572461,False,H5,trend,87053.2,86393.0,-3.364,4.6486,-0.2916,6.0,-0.479,0.1257,0.0,0.0714,0.1662,Q3,True
1763954100000,long,87230.0,470.2453554247027,-1.3171825624850588,False,H5,chop,87758.3,87181.6,12.411,0.0025,0.5761,5.0,-4.379,0.1292,0.0,0.3135,0.609,Q2,False
1764099000000,long,86180.0,435.1516952985735,14.502076970940063,False,H5,chop,86602.3,86112.2,-7.175,3.2684,-0.3229,6.0,-0.055,0.0951,0.0,0.331,1.3084,Q4(mejor),True
1764104400000,short,87350.0,402.57760717691207,1.0091965841031498,False,H5,chop,87404.4,87050.1,-1.254,0.1982,-1.1588,3.0,0.198,0.1166,0.0,-0.2789,-0.484,Q3,False
1764171000000,short,87260.0,347.3339617475628,1.5415654366261593,False,H5,chop,87316.9,86827.5,1.841,1.7306,-0.1103,2.0,-5.545,0.0814,0.0,-0.2568,-0.5379,Q4(mejor),False
1764211500000,short,91750.0,371.84249491248374,2.634287011807469,False,H5,chop,91848.8,91282.0,-5.712,0.7233,0.8284,4.0,-0.376,0.1247,0.0,0.056,0.3379,Q3,False
1764554400000,long,87100.0,446.6470293268668,-1.5000000000000222,False,H5,chop,87462.7,87020.0,-0.531,1.7521,-1.1338,4.0,-2.525,0.1,0.0,0.1794,0.37,Q4(mejor),False
1764563400000,long,85680.0,405.43989981615624,2.415841892312404,False,H5,chop,85983.0,85650.0,-23.328,7.5198,0.7199,3.0,-4.707,0.1369,0.0,0.0858,0.2827,Q2,False
1764646200000,long,86300.0,389.149466843947,23.909771664008343,False,H5,trend,86991.7,86164.4,0.953,0.7264,-0.6577,4.0,-3.568,0.0835,0.0,0.6464,3.8343,Q4(mejor),False
1764673200000,short,87240.0,296.46111108127394,-1.1575809068282683,False,H5,chop,87343.0,86928.2,-1.879,0.5753,-0.3809,5.0,0.238,0.1478,0.0,-0.1486,-0.4574,Q2,False
1764754200000,long,92870.0,303.3567019607783,-1.3702179507192973,False,H5,chop,92920.0,92735.0,-5.511,3.2679,0.4148,2.0,-0.422,0.2316,0.0,-0.0562,-0.0549,Q1(peor),False
1764808200000,long,92780.0,400.41739023202996,1.8551545410841757,False,H5,chop,93029.2,92619.8,-1.171,1.3592,0.1118,3.0,-4.739,0.1817,0.0,0.0423,0.0605,Q1(peor),False
1764813600000,long,93130.0,420.50342346838875,-1.499999999999975,False,H5,trend,93670.5,93048.7,-1.458,12.0455,-0.8208,5.0,-5.942,0.0869,0.0,0.2525,0.4643,Q4(mejor),True
1765129500000,short,90830.0,434.498042031248,-1.127064699831528,False,H5,chop,91095.0,90681.3,-5.888,0.2437,-0.2208,5.0,0.799,0.1218,0.0,0.053,0.1213,Q3,True
1765145700000,long,89340.0,442.21463936686496,2.219743215022322,False,H5,chop,89699.9,89183.0,9.102,0.3964,1.1619,2.0,1.048,0.1227,0.0,0.3891,0.9541,Q3,False
1765213200000,long,89900.0,460.6785948570096,0.6988537789046322,False,H5,chop,90187.5,89720.9,-1.462,1.2447,0.5276,3.0,1.225,0.1259,0.0,0.2742,0.5171,Q3,False
1765231200000,short,91260.0,389.3239799443455,1.1394021388524014,False,H5,chop,91331.1,90870.7,-1.383,0.3109,-0.3157,4.0,-1.248,0.2046,0.0,-0.4217,-0.4688,Q1(peor),False
1765313100000,long,92940.0,439.19773548288,-1.255330199816493,False,H5,chop,93205.6,92915.8,7.619,0.0434,-0.2889,7.0,0.492,0.1549,0.0,0.0059,0.0089,Q2,False
1765422900000,long,89540.0,463.09187326074294,0.8439940951530324,False,H5,chop,89986.4,89468.4,2.252,0.7417,0.1883,2.0,-0.062,0.1297,0.0,0.2413,0.7037,Q2,False
1765483200000,long,90790.0,481.7897223903858,1.4770906463911968,False,H5,chop,91449.1,90754.3,-4.786,20.6148,-0.2841,7.0,0.208,0.1386,0.0,0.1975,0.4431,Q2,False
1765723500000,long,88890.0,259.8269831739955,-1.499999999999976,False,H5,chop,89083.4,88816.5,-4.976,16.55,-0.6995,6.0,-3.899,0.1533,0.0,0.2247,0.5221,Q2,False
1765767600000,long,89270.0,348.6278863173192,1.0698131799614277,False,H5,chop,89400.0,89205.8,-1.142,1.511,-0.319,1.0,-1.115,0.1832,0.0,0.1708,0.1442,Q1(peor),False
1765812600000,long,86650.0,428.4549452910285,-1.4195076662833703,False,H5,chop,87173.3,86575.0,-7.914,1.4953,0.4972,7.0,-0.971,0.1156,0.0,0.0655,0.5214,Q3,True
1765901700000,long,87700.0,471.625802314992,-1.27078325768329,False,H5,chop,88025.2,87476.4,-8.275,1.7377,0.7614,9.0,-1.084,0.0714,0.0,-0.0669,-0.3292,Q4(mejor),True
1765908000000,long,87070.0,442.99402632798336,1.3279334634968447,False,H5,chop,87517.0,87020.0,-4.655,1.4183,1.4179,6.0,-0.627,0.1112,0.0,0.2243,0.6328,Q3,True
1765949400000,long,86310.0,258.5293129751527,0.9377889242968297,False,H5,chop,86479.5,86183.9,-15.426,5.1016,0.2326,7.0,1.16,0.1481,0.0,-0.1619,-0.7319,Q2,False
1765980000000,short,87650.0,293.2356702772817,-1.2359490161819537,False,H5,chop,87729.1,87435.7,16.681,2.3031,1.0958,3.0,0.49,0.1541,0.0,0.0753,0.354,Q2,False
1766070900000,long,87980.0,555.7248631176659,-1.4272776048998357,False,H5,trend,88600.0,87919.3,-0.725,1.4285,-0.8397,10.0,-8.157,0.0914,0.0,0.2336,0.8656,Q4(mejor),True
1766083500000,short,86460.0,642.4835151180016,3.5014733649689647,False,H5,chop,86505.3,85665.6,2.655,11.8367,-0.3378,4.0,-0.114,0.2517,0.0,-0.0375,-0.1407,Q1(peor),False
1766122200000,long,86700.0,411.2386781106512,8.173375624759492,False,H5,chop,86921.1,86628.6,-2.106,1.8134,-0.3266,3.0,-0.854,0.1842,0.0,0.113,0.165,Q1(peor),False
1766157300000,short,88770.0,477.1780738746302,4.601949932504016,False,H5,trend,89381.0,88000.1,3.215,1.5122,-0.4565,3.0,-1.253,0.0442,0.0,-0.0339,-0.4733,Q4(mejor),False
1766367900000,short,89090.0,347.7001845036183,-0.844918791538867,False,H5,trend,89118.9,88502.8,-0.097,0.9578,-0.1988,3.0,-1.389,0.1784,0.0,-0.2161,-0.4805,Q1(peor),False
1766418300000,long,89360.0,413.0721159122533,-1.2167052320974068,False,H5,chop,89861.8,89222.0,1.56,0.4256,-0.6461,3.0,0.575,0.0975,0.0,0.2752,0.7971,Q4(mejor),False
1766602800000,short,87430.0,240.43691709577018,-1.4999999999999845,False,H5,chop,87480.0,87356.9,-1.636,0.8698,1.8361,1.0,-0.37,0.3732,1.0,-0.3304,-0.2957,Q1(peor),False
1766717100000,short,89200.0,325.0212729812169,-1.23378911987459,False,H5,chop,89283.1,89003.5,-2.991,0.8204,0.2581,2.0,7.007,0.1208,0.0,-0.1931,-0.8981,Q3,False
1767002400000,long,88030.0,309.9723407369062,-1.1683847598816461,False,H5,chop,88258.6,87878.7,2.325,0.9179,2.0445,2.0,-1.205,0.1251,0.0,0.1647,0.835,Q3,False
1767010500000,long,86820.0,306.9336710114468,2.8520962911772263,False,H5,chop,87301.7,86753.0,5.803,0.6666,0.1972,1.0,-3.165,0.1008,0.0,0.1818,1.6555,Q3,False
1767367800000,long,89050.0,401.5259115496563,0.5616668821420856,False,H5,trend,89755.8,89014.0,-2.841,3.0602,-0.6185,5.0,0.511,0.0933,0.0,0.1407,0.7528,Q4(mejor),True
1767612600000,short,92940.0,209.56197024391935,-1.2876918498255048,False,H5,chop,93034.9,92860.4,-0.755,0.5278,-0.9556,8.0,-0.128,0.2284,0.0,-0.0046,-0.0083,Q1(peor),False
1767627000000,long,93340.0,342.9334600080353,-0.12728745736058034,False,H5,trend,93949.8,93262.8,3.233,0.6393,-0.1339,2.0,-0.153,0.1078,0.0,0.1265,0.8703,Q3,False
1767717900000,long,92360.0,360.30085128973326,-1.500000000000023,False,H5,chop,92679.5,92270.0,-2.338,1.3656,-0.6084,5.0,-5.178,0.0924,0.0,0.1497,0.8623,Q4(mejor),True
1767735900000,short,93600.0,392.51546393594913,7.64102755075191,False,H5,chop,93621.6,93120.0,-3.847,0.3676,-0.3541,1.0,7.546,0.1391,0.0,-0.4316,-1.6419,Q2,False
1767796200000,long,91500.0,261.4018668308106,1.3808888888889237,False,H5,chop,92042.5,91314.0,-6.852,2.6357,-0.3464,9.0,-0.922,0.0717,0.0,0.0449,0.521,Q4(mejor),True
1767816000000,short,91170.0,328.1283973942329,-1.3942609254967397,False,H5,chop,91283.6,90943.2,17.395,6.9511,2.0582,7.0,2.111,0.1302,1.0,-0.0164,-0.0301,Q2,False
1767853800000,long,90200.0,244.26574464389657,-1.4999999999999893,False,H5,chop,90371.0,90159.1,-1.833,5.3643,-1.0702,3.0,-1.815,0.2042,0.0,0.2003,0.5472,Q1(peor),False
1767862800000,long,90150.0,263.0908484653971,-1.4999999999999785,False,H5,chop,90332.6,90110.0,7.066,0.191,-0.3739,3.0,1.547,0.2238,0.0,0.1397,0.3738,Q1(peor),False
1768190400000,long,91760.0,308.4719706970908,-1.5000000000000022,False,H5,chop,92071.6,91704.9,-1.068,4.4452,-0.9938,1.0,11.093,0.1324,0.0,0.3512,0.8252,Q2,False
1768204800000,long,91360.0,234.49361839792257,-1.5000000000000233,False,H5,chop,91592.7,91300.0,-1.813,1.2304,0.4785,3.0,-1.41,0.1417,0.0,0.1865,0.6259,Q2,False
1768282200000,short,92050.0,229.66508042758667,-1.2969147060902797,False,H5,chop,92087.7,91816.4,-2.283,0.3475,-0.5698,8.0,-4.595,0.2285,0.0,-0.1498,-0.4514,Q1(peor),False
1768321800000,long,93110.0,377.2865636534864,3.0671162333724467,False,H5,chop,93631.3,93082.4,-1.882,1.4295,-0.1772,3.0,0.006,0.1075,0.0,0.1593,0.6078,Q3,False
1768414500000,long,96650.0,466.09689886425747,-1.438191565500282,False,H5,chop,97012.5,96537.1,0.525,0.7868,-0.5488,7.0,0.388,0.1755,0.0,0.3143,0.7426,Q1(peor),False
1768460400000,short,96200.0,245.45889891961866,-1.4381630620543824,False,H5,chop,96289.7,96141.2,5.9,2.0025,1.8732,4.0,-2.891,0.232,1.0,0.1757,0.1581,Q1(peor),False
1768499100000,short,96950.0,445.30084147656095,6.064734229415945,False,H5,chop,97003.1,96525.0,2.558,1.7693,0.1758,3.0,3.688,0.2004,0.0,-0.2904,-0.4789,Q1(peor),False
1768901400000,long,90990.0,282.30746501203174,-1.3830042666880036,False,H5,chop,91017.4,90833.5,-4.05,1.9761,0.7207,6.0,-4.494,0.2227,0.0,-0.0712,-0.0765,Q1(peor),False
1768922100000,long,90250.0,364.25009537869636,-1.1252167825445638,False,H5,chop,90695.3,89958.4,-3.287,2.704,-0.6354,6.0,-11.105,0.0999,0.0,0.082,0.5477,Q4(mejor),True
1769011200000,short,90260.0,424.00960476445283,8.344347623337065,False,H5,chop,90314.8,89680.7,-0.593,0.7913,-0.4886,1.0,3.718,0.1393,0.0,-0.3844,-1.2719,Q2,False
1769095800000,long,88580.0,327.3334548599746,2.531169564235808,False,H5,chop,89135.3,88462.3,-21.562,3.1607,1.1345,17.0,-0.418,0.1106,0.0,-0.0466,-0.3765,Q3,True
1769185800000,long,89490.0,373.01218044408915,0.9746621836603045,False,H5,trend,90400.0,89432.5,-3.836,2.4432,-0.2985,3.0,0.597,0.1366,0.0,0.2847,2.3977,Q2,False
1769366700000,long,87000.0,323.55458888428825,-1.1989398125600936,False,H5,chop,87421.6,86954.7,0.665,0.6463,-0.9801,3.0,1.91,0.1347,0.0,0.1895,0.8667,Q2,False
1769437800000,long,87640.0,254.15388819343457,0.9246496822322031,False,H5,trend,88512.8,87394.2,-0.942,1.5917,-0.8151,4.0,-0.022,0.0525,0.0,0.1125,1.6851,Q4(mejor),False
1769445900000,long,87420.0,429.41853643313766,-1.357780856779099,False,H5,chop,87888.8,87365.8,-0.003,1.0469,-0.9023,3.0,0.091,0.1409,0.0,0.252,0.4355,Q2,False
1769634000000,long,89050.0,420.4885830751409,-1.3476304084193371,False,H5,chop,89171.9,88813.0,5.686,0.2957,-0.6454,2.0,-1.383,0.1396,0.0,0.0551,0.2009,Q2,False
1769655600000,long,87850.0,321.156800179763,-1.2350697065368093,False,H5,chop,88229.0,87720.0,3.503,0.1318,-0.6712,4.0,0.169,0.1325,0.0,0.1121,0.4386,Q2,False
1769710500000,short,84500.0,542.1481623251449,5.692956804086987,False,H5,trend,84517.1,83650.0,0.996,2.9377,-0.9882,3.0,-2.41,0.0806,0.0,-0.2194,-1.4328,Q4(mejor),False
1769738400000,short,82440.0,540.7541976057926,1.0368481984572555,False,H5,chop,82496.0,81838.0,6.641,2.6954,0.0417,3.0,0.277,0.0757,0.0,-0.0608,-0.2089,Q4(mejor),False
1769747400000,short,82990.0,468.2975129884868,0.4040103849692009,False,H5,chop,83151.8,82843.7,-2.0,0.6598,-0.0993,3.0,-0.277,0.1716,0.0,-0.0842,-0.1194,Q1(peor),False
1769870700000,long,80900.0,386.2169571506944,-1.2460918951355264,False,H5,chop,81524.3,80844.5,0.688,0.5152,-0.9755,6.0,6.899,0.0743,0.0,0.2816,1.8341,Q4(mejor),True
1769876100000,long,80920.0,512.1503518314532,-1.1597788157993778,False,H5,chop,82264.5,80294.3,1.443,0.3056,-1.0709,38.0,-23.251,0.0389,0.0,0.0064,0.1523,Q4(mejor),True
1769907600000,short,78860.0,561.7042693106629,0.5124229604612635,False,H5,chop,78900.0,78398.7,-1.237,0.2025,-0.7921,3.0,1.171,0.1432,0.0,-0.3942,-0.6705,Q2,False
1769914800000,short,78900.0,473.71941541160635,0.6604187119107651,False,H5,chop,78969.7,78700.0,-1.244,0.6352,-0.0495,2.0,0.301,0.1588,0.0,-0.0663,-0.0446,Q2,False
1769990400000,long,76930.0,691.2003464328106,-1.2317167868732,False,H5,trend,77697.0,76579.4,0.589,0.8893,0.0799,4.0,-0.285,0.1173,0.0,0.0639,0.1875,Q3,False
1770003900000,long,74600.0,756.8061005215303,18.267787919070273,False,H5,trend,76431.3,74567.5,-9.864,1.8411,2.1312,3.0,0.078,0.0366,0.0,0.2146,1.2599,Q4(mejor),False
1770131700000,long,77120.0,427.8969634047587,-1.3033445930703345,False,H5,trend,78088.0,77004.1,-1.022,1.4214,-0.8272,7.0,-1.576,0.0482,0.0,0.0707,0.6288,Q4(mejor),True
1770139800000,short,75890.0,544.0214832266689,2.319480379723787,False,H5,trend,75924.0,75109.1,0.466,1.4049,-1.0662,4.0,-0.534,0.0656,0.0,-0.33,-1.7684,Q4(mejor),False
1770165900000,short,76040.0,502.99127510447363,-1.1803332595959306,False,H5,chop,76216.6,75833.8,-6.114,0.1303,0.19,3.0,-0.375,0.1749,0.0,-0.0606,-0.0614,Q1(peor),False
1770228000000,long,72530.0,770.2777056319596,0.6582509479168276,False,H5,chop,73273.2,72222.0,-0.085,1.008,-0.0354,5.0,0.93,0.1172,0.0,0.2944,1.8105,Q3,True
1770257700000,long,71970.0,637.6556485788308,-1.3371193625649291,False,H5,chop,72347.9,71620.0,4.98,0.4123,-0.821,11.0,1.104,0.046,0.0,-0.096,-0.4477,Q4(mejor),True
1770291000000,long,70010.0,549.1849129763544,-1.2176059708106397,False,H5,chop,70708.3,69865.8,2.67,0.1646,-1.147,5.0,-3.676,0.0561,0.0,0.1066,0.5638,Q4(mejor),True
1770341400000,long,64050.0,1212.9151066901425,0.701966446547079,False,H5,chop,64763.9,63977.8,0.102,0.8509,-1.1889,2.0,-0.178,0.068,0.0,0.0886,0.1395,Q4(mejor),False
1770348600000,short,64690.0,1031.7385416291786,-1.1017277765087603,False,H5,trend,64909.7,64428.1,-1.708,0.533,-0.3036,3.0,0.186,0.1164,0.0,0.0008,0.0006,Q3,False
1770467400000,short,69340.0,568.9266996131219,-1.0671611425510854,False,H5,chop,69970.0,69050.0,-2.759,0.5931,-0.3205,4.0,-0.436,0.0803,0.0,-0.1069,-0.5296,Q4(mejor),False
1770653700000,long,69150.0,522.9789980408141,0.6845525201486123,False,H5,chop,69606.3,69113.0,-1.583,8.798,-0.7094,3.0,-0.147,0.1196,0.0,0.1744,0.2044,Q3,False
1770661800000,long,70200.0,529.9263025949984,0.5879339196497282,False,H5,chop,70481.0,70097.7,-6.532,26.0268,-0.2234,3.0,-0.684,0.1292,0.0,-0.0429,-0.0536,Q2,False
1770738300000,short,69270.0,450.26200107738805,-1.1602653581483258,False,H5,chop,69390.5,69070.0,8.07,2.1204,-0.081,1.0,0.683,0.1916,0.0,-0.1305,-0.4598,Q1(peor),False
1770825600000,long,66460.0,627.2212018369062,-1.082008169330442,False,H5,trend,67238.6,66366.3,-0.274,1.0609,-0.3973,3.0,-0.923,0.0832,0.0,0.2799,1.1425,Q4(mejor),False
1770849000000,long,67520.0,434.9889404377076,-1.1845163423847516,False,H5,chop,67664.8,67354.4,1.887,0.8135,2.5371,3.0,-1.018,0.1387,0.0,0.1078,0.0978,Q2,False
1770914700000,short,66250.0,512.4678504548311,-1.1314077518674062,False,H5,trend,66334.9,65511.3,-4.069,0.3633,-0.4971,5.0,-0.153,0.1436,0.0,-0.1515,-1.4738,Q2,False
1770998400000,long,68570.0,430.1297495342998,2.603785103893557,False,H5,chop,69131.7,68504.1,-1.576,1.7147,-0.8239,2.0,-0.062,0.0826,0.0,0.2508,1.2017,Q4(mejor),False
1771004700000,short,69180.0,396.3146909504005,-1.4371889135861629,False,H5,chop,69223.2,68968.0,1.328,10.3521,-1.0903,5.0,-2.537,0.1912,0.0,-0.0588,-0.0844,Q1(peor),False
1771182900000,long,68140.0,300.0111341259512,4.335201447192138,False,H5,trend,68548.4,68078.5,-0.633,1.6635,-0.8217,7.0,-10.565,0.1332,0.0,0.101,0.365,Q2,False
1771245900000,long,69390.0,275.87954631944666,-1.254773235895708,False,H5,trend,69835.5,69330.1,0.799,0.9086,-0.0011,1.0,6.624,0.1331,0.0,0.1766,1.0908,Q2,False
1771293600000,long,68580.0,278.4527412933942,-1.444888702410058,False,H5,trend,69228.5,68321.6,-3.091,1.8646,-0.1619,17.0,-1.725,0.0767,0.0,0.0369,0.2909,Q4(mejor),True
1771344900000,short,67730.0,380.109518447053,-1.156624149526956,False,H5,chop,67928.2,67473.1,5.479,1.7289,0.1133,5.0,-5.112,0.0728,0.0,-0.2202,-1.0211,Q4(mejor),True
1771443900000,long,66100.0,356.6140114855004,0.5436940208511148,False,H5,chop,66333.4,66015.3,10.643,0.3363,0.1561,6.0,3.17,0.1135,0.0,0.063,0.2264,Q3,True
1771511400000,long,65910.0,260.9810568034379,9.378572787147982,False,H5,trend,66314.7,65573.5,-3.233,2.5573,-0.8635,4.0,-7.176,0.0656,0.0,-0.0348,-0.4275,Q4(mejor),False
1771517700000,long,66120.0,362.45131503463347,2.109056964791443,False,H5,chop,66392.1,66072.5,4.297,0.425,-0.3847,5.0,-0.131,0.1536,0.0,0.2024,0.5638,Q2,False
1771811100000,short,65090.0,347.29209938132357,-1.1309752731810905,False,H5,trend,65126.4,64220.0,-9.246,0.3193,-0.6817,2.0,3.2,0.0547,0.0,-0.1476,-2.8366,Q4(mejor),False
1771817400000,long,64720.0,325.87653094706593,0.9349812121792994,False,H5,chop,64979.0,64676.0,2.176,0.6394,-0.1668,4.0,0.038,0.1345,0.0,0.2446,0.5193,Q2,False
1771898400000,long,64110.0,361.6961332617813,-1.2664972017111205,False,H5,chop,64290.5,63960.4,8.468,0.5433,1.6746,3.0,2.809,0.1125,0.0,0.0491,0.1265,Q3,False
1771981200000,long,64180.0,332.57749689862305,4.792238240759761,False,H5,trend,65915.4,64114.2,0.963,0.842,-0.5603,4.0,3.679,0.0455,0.0,0.2505,5.9195,Q4(mejor),False
1772028000000,long,66200.0,257.67012344230307,1.6340080563947166,False,H5,chop,66464.6,66179.2,-4.412,2.0555,-0.4394,4.0,-10.563,0.1448,0.0,0.1583,0.6627,Q2,False
1772065800000,short,68300.0,447.5791898750953,-1.2228193093710928,False,H5,chop,68506.9,67905.4,13.203,4.7637,0.0351,10.0,0.947,0.1791,0.0,-0.3073,-1.5944,Q1(peor),False
1772092800000,long,67800.0,257.02114143870716,1.5822517207473554,False,H5,chop,68024.0,67751.5,-3.004,4.755,-0.7703,6.0,-2.381,0.1468,0.0,0.222,0.5053,Q2,False
1772213400000,long,65170.0,325.93519596029995,1.6409827821378773,False,H5,chop,65500.0,65079.0,-3.713,1.9989,-0.7295,4.0,-4.105,0.1046,0.0,0.0872,0.4891,Q3,False
1772219700000,long,65240.0,304.7381683072893,0.7614998494046575,False,H5,chop,65392.2,65169.9,1.209,0.7637,0.2013,1.0,-0.841,0.1779,0.0,0.2473,0.2923,Q1(peor),False
1772273700000,long,63520.0,354.68842642231374,9.453489244955938,False,H5,chop,63920.0,63497.9,-0.68,9.3951,-0.5805,2.0,-0.886,0.2682,0.0,0.1454,0.5919,Q1(peor),False
1772289000000,long,64750.0,358.2805735639306,-1.2126482003247554,False,H5,chop,65133.8,64636.1,12.029,0.1685,-0.0263,4.0,-0.082,0.1038,0.0,-0.1267,-0.6169,Q3,False
1772333100000,short,68060.0,481.8130240809367,8.495498953495602,True,H5,chop,68149.9,67578.9,1.869,1.9468,-0.5809,2.0,-0.951,0.0968,0.0,-0.1317,-0.3744,Q4(mejor),False
1772397900000,long,65180.0,322.92416671599,0.7144630860648798,True,H5,chop,65364.4,65158.0,-0.479,1.1171,-0.5473,2.0,-0.614,0.1696,0.0,0.2253,0.375,Q2,False
1772413200000,long,66460.0,433.8384488777341,-1.3424370210938428,True,H5,trend,67078.9,66330.0,-2.273,1.3781,0.2482,3.0,-2.001,0.0952,0.0,0.2004,0.8247,Q4(mejor),False
1772420400000,long,66240.0,401.4715641688258,0.8382396124545154,True,H5,chop,66580.0,66071.5,-0.819,3.6334,-0.8773,4.0,-0.007,0.1198,0.0,0.3595,0.6658,Q3,False
1772497800000,long,68760.0,327.31606422656415,0.6073453753917668,True,H5,chop,69132.7,68652.5,11.255,0.0362,0.2456,9.0,-0.02,0.1308,0.0,0.1452,0.4284,Q2,False
1772578800000,long,68270.0,399.98469427449055,-1.2305420177992314,True,H5,trend,68849.2,68203.9,-0.185,1.0721,-0.5416,2.0,0.386,0.1027,0.0,0.2816,0.9352,Q3,False
1772595900000,long,67530.0,367.3798278200722,6.054191009535858,True,H5,chop,67727.1,67405.7,-1.689,2.2766,-0.4777,2.0,-0.183,0.185,0.0,0.3443,0.5482,Q1(peor),False
1772602200000,long,67780.0,358.5678423309476,20.813217925266983,True,H5,trend,68279.3,67687.1,-1.766,2.2498,-0.6449,9.0,-0.079,0.083,0.0,0.1333,0.4083,Q4(mejor),True
1772673300000,short,73080.0,369.3724640990942,0.6894749240644167,True,H5,chop,73194.3,72739.0,-2.172,0.6103,0.09,3.0,-0.003,0.1798,0.0,-0.0836,-0.1702,Q1(peor),False
1772738100000,short,71330.0,415.88600832980364,-1.3075072604399631,True,H5,chop,71395.4,71014.2,2.382,3.948,-0.6211,8.0,0.919,0.1375,0.0,-0.2134,-0.3884,Q2,False
1773018900000,long,66290.0,382.68257155005216,0.4293666054754587,True,H5,chop,66624.0,66199.8,-0.197,1.0643,-0.5164,4.0,6.116,0.1208,0.0,-0.0175,-0.0411,Q3,False
1773049500000,short,68320.0,336.3506248604195,1.7420117741238041,True,H5,chop,68405.9,67915.5,-2.79,0.1929,-0.8081,2.0,1.938,0.1001,0.0,-0.3683,-1.2371,Q4(mejor),False
1773156600000,short,71340.0,499.307054501438,0.7206006697680906,True,H5,chop,71599.0,70926.3,19.184,3.6133,1.8662,3.0,-0.533,0.0705,0.0,-0.0688,-0.2805,Q4(mejor),False
1773164700000,long,70650.0,467.1069523338717,-1.1624004834400556,True,H5,chop,70933.4,70519.9,3.007,0.2433,-0.724,3.0,-0.551,0.1362,0.0,0.3416,0.8443,Q2,False
1773236700000,short,70490.0,384.55465190531015,-1.0784805013512975,True,H5,chop,70535.1,69741.5,-0.221,0.57,-1.0877,4.0,-0.666,0.0807,0.0,-0.0811,-0.9663,Q4(mejor),False
1773243000000,short,70180.0,467.50539979592565,-1.1411593950841907,True,H5,chop,70238.1,69651.2,4.513,2.674,-0.7105,5.0,-0.184,0.0784,0.0,-0.12,-0.5766,Q4(mejor),True
1773345600000,short,70400.0,310.1899163583977,0.7787950557962843,True,H5,chop,70530.9,70304.0,-7.009,0.0071,-0.6451,3.0,-6.878,0.2192,0.0,-0.1108,-0.2891,Q1(peor),False
1773362700000,short,71490.0,323.7752710904769,-1.0912104514480738,True,H5,chop,71531.2,71200.5,-10.269,0.201,-0.2105,6.0,-3.82,0.1194,0.0,0.0666,0.2516,Q3,True
1773412200000,short,73710.0,388.92316144618496,12.02314125732983,True,H5,trend,73869.0,72869.9,17.727,4.0474,0.2456,2.0,0.014,0.1248,0.0,-0.168,-1.9665,Q3,False
1773670500000,short,74280.0,362.1902519370427,-0.7049375418501787,True,H5,trend,74341.5,73568.2,-8.861,0.3322,0.7906,2.0,-0.516,0.0805,0.0,-0.3525,-1.6025,Q4(mejor),False
1773681300000,short,73830.0,363.0655368915483,-1.315573266328105,True,H5,chop,73855.4,73635.3,-15.097,0.1128,1.3412,2.0,7.966,0.1527,0.0,-0.3746,-0.5007,Q2,False
1773714600000,long,75120.0,413.05966368610234,-1.3999576447508457,True,H5,chop,75442.1,75080.3,-0.332,3.1987,-1.0806,3.0,-1.584,0.1549,0.0,0.3155,0.4861,Q2,False
1773836100000,long,72700.0,258.13602413186277,-1.3528349610529733,True,H5,chop,72842.3,72632.3,-13.032,2.8462,-0.3039,3.0,-0.185,0.1739,0.0,0.2011,1.137,Q1(peor),False
1773864900000,long,70710.0,359.1030561389329,0.48045829318720285,True,H5,chop,71025.9,70684.8,0.269,0.2225,-1.2648,2.0,0.504,0.1195,0.0,0.4059,1.4223,Q3,False
1773924300000,short,69620.0,265.96316401070555,2.475455420789228,True,H5,chop,69642.0,69065.8,3.866,23.7412,-0.8654,3.0,-1.55,0.1267,0.0,-0.2169,-2.6479,Q3,False
1773933300000,short,69680.0,382.4744818731965,-1.1698856848146642,True,H5,trend,69793.9,69151.1,9.517,3.6991,0.1438,8.0,-3.959,0.1275,0.0,-0.0793,-0.3825,Q3,True
1774016100000,long,69770.0,315.31368941282057,-1.2331589709152104,True,H5,chop,69963.7,69544.7,2.417,0.7494,-0.6545,3.0,-2.459,0.1145,0.0,-0.0346,-0.3167,Q3,False
1774232100000,long,67820.0,313.4904025068352,-1.50000000000002,True,H5,trend,68285.9,67765.4,-0.153,1.1821,-0.6728,2.0,0.014,0.1399,0.0,0.32,0.7924,Q2,False
1774251000000,long,67760.0,334.5764230815429,3.471397464195562,True,H5,trend,68304.8,67737.5,-0.32,1.4748,-1.0001,1.0,1.208,0.0977,0.0,0.3375,1.2641,Q4(mejor),False
1774461600000,long,70730.0,314.07765058303926,1.3798742432708535,True,H5,chop,70914.3,70703.5,5.77,0.2983,-0.5717,1.0,-0.268,0.1774,0.0,0.5235,1.2519,Q1(peor),False
1774620000000,long,66130.0,311.9145568931536,-1.2025391032770958,True,H5,chop,66372.1,66050.9,18.189,0.1862,0.1438,1.0,-0.009,0.1487,0.0,0.2575,1.2773,Q2,False
1774635300000,long,65550.0,328.21910454854554,7.934490211035054,True,H5,chop,65825.0,65504.7,-12.82,8.1901,0.3032,6.0,-1.068,0.1151,0.0,-0.0977,-0.2656,Q3,True
1774823400000,short,66360.0,221.28959148018967,2.8732077530557625,True,H5,trend,66412.8,65590.1,0.182,1.1069,-0.7407,7.0,-1.379,0.0916,0.0,-0.3362,-4.8153,Q4(mejor),True
1774829700000,long,65820.0,367.66019804841824,4.565699503047548,True,H5,chop,67049.6,65767.8,0.444,0.3556,-1.0387,5.0,2.006,0.0605,0.0,0.277,4.066,Q4(mejor),True
1774884600000,long,67490.0,302.52424416568385,-1.2587395873157508,True,H5,chop,67887.0,67425.1,0.079,0.8371,-0.6986,4.0,-0.726,0.1907,0.0,-0.0078,-0.0454,Q1(peor),False
1774921500000,short,67910.0,291.90400896784257,0.6871420101190716,True,H5,chop,68027.3,67789.3,-1.105,0.9399,1.2869,2.0,0.204,0.1719,0.0,0.0023,0.007,Q1(peor),False
1774949400000,long,66380.0,252.3735919136795,-1.2823985502060373,True,H5,chop,66497.6,66364.0,-0.989,1.606,-1.1467,1.0,-0.002,0.2658,0.0,0.1321,0.4487,Q1(peor),False
1775021400000,short,68570.0,252.3795582418066,-1.189005754878664,True,H5,chop,68627.4,68430.1,-0.513,0.9708,0.8919,2.0,1.935,0.2664,0.0,-0.335,-0.9602,Q1(peor),False
1775055600000,short,68570.0,292.9284397838984,-1.3387129377197955,True,H5,chop,68640.0,68422.1,-0.067,0.9898,-0.0243,4.0,-0.303,0.2675,0.0,-0.2099,-0.4306,Q1(peor),False
1775518200000,long,68480.0,251.95213145120096,1.8727998442367388,True,H5,chop,68820.0,68444.9,0.082,0.8941,-0.9095,2.0,2.315,0.1426,0.0,0.3858,1.2869,Q2,False
1775571300000,long,67850.0,274.5800904883532,8.082423202318878,True,H5,chop,68140.0,67721.2,-13.374,2.2828,0.5149,4.0,-0.899,0.2328,0.0,0.2615,1.6654,Q1(peor),False
1775603700000,long,71420.0,511.0690542962081,-1.1314906836893215,True,H5,trend,72765.6,71275.3,-4.493,1.3241,0.0248,7.0,0.052,0.0801,0.0,0.2043,3.7538,Q4(mejor),True
1775616300000,long,71270.0,361.20469072850824,5.902544461002724,True,H5,chop,71371.6,71253.6,-19.43,6.4426,0.4175,5.0,-11.982,0.2576,0.0,-0.0878,-0.1229,Q1(peor),False
1775660400000,long,70830.0,356.40669748105233,1.1916135923926647,True,H5,chop,71085.6,70788.6,-12.379,3.313,-0.2147,3.0,9.307,0.1307,0.0,0.2291,1.0446,Q2,False
1775743200000,long,70770.0,206.65760248396745,-1.239557888592376,True,H5,chop,70821.7,70601.9,-28.946,4.183,1.1679,18.0,-0.884,0.1503,0.0,-0.4661,-2.8577,Q2,False
1775753100000,long,71910.0,320.0785229882394,0.6251462155506586,True,H5,chop,72072.5,71695.5,5.766,0.214,-0.5202,6.0,-0.829,0.1478,0.0,0.177,0.6898,Q2,False
1775836800000,long,72380.0,298.99872640897564,4.722011926203043,True,H5,chop,72686.9,72352.2,1.544,0.6519,-0.6235,5.0,-0.821,0.179,0.0,0.2881,1.2963,Q1(peor),False
1775959200000,long,71600.0,297.16550715607264,-1.1321061234415142,True,H5,chop,71843.4,71294.2,11.2,0.4096,0.0826,7.0,-10.273,0.084,0.0,0.3009,2.8502,Q4(mejor),True
1776033000000,long,70630.0,232.39438858268423,0.8853894346057642,True,H5,chop,70905.4,70450.0,6.832,0.2174,-0.4272,8.0,-6.667,0.0963,0.0,-0.0098,-0.0556,Q4(mejor),True
1776087900000,long,70960.0,218.2668464215397,12.473140213832787,True,H5,trend,71675.1,70906.3,-10.859,3.9207,-0.3134,3.0,-4.596,0.1239,0.0,0.1407,3.0321,Q3,False
1776098700000,short,72290.0,290.07030668950273,-1.493255961797707,True,H5,chop,72400.0,72013.3,3.518,1.5861,-0.2533,3.0,-3.771,0.123,0.0,0.0033,0.0172,Q3,False
1776194100000,short,74230.0,359.39110240801085,0.8674341721645831,True,H5,chop,74314.1,73820.0,-8.852,0.0378,-0.4033,4.0,-1.319,0.17,0.0,0.0627,0.303,Q1(peor),False
1776239100000,long,73550.0,196.1175779212199,1.5237593473827862,True,H5,chop,73747.9,73455.5,3.141,0.3846,-0.895,4.0,-3.496,0.1324,0.0,0.1214,0.6541,Q2,False
1776259800000,short,74350.0,224.29771971384605,-1.5000000000000262,True,H5,trend,74380.0,73807.1,5.025,32.4062,-0.7788,4.0,0.067,0.1135,0.0,-0.1774,-1.7388,Q3,False
1776352500000,short,74280.0,320.0471948401122,-1.2653971827327362,True,H5,chop,74381.4,74123.1,0.553,1.0396,0.1195,1.0,-0.167,0.237,0.0,-0.3442,-1.4176,Q1(peor),False
1776422700000,long,75130.0,289.0280501244893,4.975519875611355,True,H5,chop,75269.6,75060.0,-0.66,1.2411,-0.4407,4.0,6.173,0.2263,0.0,0.103,0.1486,Q1(peor),False
1776440700000,long,77450.0,438.1553959738635,3.346214118469785,True,H5,chop,77848.1,77386.0,-1.425,1.5206,-0.488,5.0,-1.87,0.1251,0.0,-0.0259,-0.071,Q3,True
1776618900000,long,75210.0,256.8335533295183,-1.1842127849834456,True,H5,chop,75358.0,75127.3,3.062,0.4821,0.1875,3.0,-0.203,0.1748,0.0,0.0457,0.0658,Q1(peor),False
1776774600000,short,76340.0,281.91636255102304,-1.5000000000000229,True,H5,trend,76498.0,75622.7,-2.666,0.2182,-0.6207,4.0,-0.06,0.1043,0.0,-0.2093,-1.8761,Q3,False
1776792600000,long,75250.0,365.8320671930395,-1.1685919295967468,True,H5,trend,75877.8,75221.5,-15.882,19.619,0.1591,3.0,-0.06,0.0697,0.0,0.3697,2.0992,Q4(mejor),False
1776957300000,long,78050.0,273.87315044766444,-1.3109259702869538,True,H5,chop,78633.0,78031.6,-4.525,8.7883,-0.8638,2.0,1.275,0.0986,0.0,0.24,2.7541,Q4(mejor),False
1776968100000,short,77950.0,352.90239692602205,-1.2454081349300627,True,H5,chop,78017.3,77786.4,6.378,2.5014,-0.1871,4.0,-4.387,0.1789,0.0,0.0085,0.0199,Q1(peor),False
1777239900000,long,77920.0,229.8552923300631,4.7872932125232674,True,H5,trend,78942.3,77777.2,4.808,0.4874,-0.2473,17.0,-0.153,0.0561,0.0,0.0589,1.0851,Q4(mejor),True
1777478400000,long,75860.0,268.2631843843837,-1.2144021604781203,True,H5,chop,76091.2,75798.5,-1.393,1.5478,-0.8958,2.0,-2.61,0.1574,0.0,0.3361,1.7727,Q2,False
1777487400000,long,75100.0,343.14660057937516,7.532362344555667,True,H5,chop,75327.6,74906.5,9.056,0.3347,-0.0382,6.0,-1.465,0.194,0.0,-0.0719,-0.3429,Q1(peor),False
1777510800000,short,76230.0,217.17985674630597,-1.3773887819108719,True,H5,chop,76345.5,76140.7,-8.397,0.3,0.1905,11.0,-5.693,0.2027,0.0,0.1209,0.3169,Q1(peor),False
1777555800000,long,76120.0,202.4928730203178,17.862235067438522,True,H5,trend,76636.0,76062.4,2.698,0.0919,-0.6885,4.0,-0.071,0.1394,0.0,0.3164,2.7429,Q2,False
1777639500000,short,77920.0,176.76198978286536,-1.2197897275811151,True,H5,chop,78012.7,77854.0,0.876,1.1614,-0.5871,0.0,0.08,0.2361,0.0,-0.1879,-0.8463,Q1(peor),False
1777844700000,long,78630.0,157.6199696048549,4.595769214464097,True,H5,chop,78826.3,78610.0,-4.175,1.6438,1.1815,2.0,-5.432,0.1449,0.0,0.1332,0.3915,Q2,False
1777860900000,short,79910.0,325.30884094423317,-1.2030734473858273,True,H5,chop,79949.8,79581.8,-1.475,0.9413,2.4551,7.0,-6.328,0.1225,0.0,-0.2271,-0.9223,Q3,True
1777866300000,long,79960.0,354.9965904604471,2.6981847653221656,True,H5,chop,80297.0,79929.9,-0.329,2.0249,-0.9697,2.0,6.14,0.1426,0.0,0.1149,0.1552,Q2,False
1777952700000,short,80890.0,230.4960477077168,-1.2619223261668455,True,H5,chop,80917.8,80774.0,-0.325,0.5746,-0.5883,4.0,-0.596,0.4802,0.0,-0.0996,-0.2786,Q1(peor),False
1777990500000,long,81050.0,256.70108303904715,1.96606004523963,True,H5,chop,81437.2,80895.8,5.248,0.6371,0.4703,3.0,-7.643,0.1028,0.0,0.0525,0.3856,Q3,False
1778067000000,short,82650.0,243.4358522966672,4.61476171984882,True,H5,chop,82739.4,82459.3,15.999,1.8317,1.0526,2.0,-6.455,0.3232,0.0,-0.2472,-1.2276,Q1(peor),False
1778076900000,long,81380.0,299.4778078855113,0.4256368885601689,True,H5,chop,81737.5,81269.7,19.233,0.3015,1.0746,2.0,0.087,0.1377,0.0,0.32,1.8371,Q2,False
1778167800000,long,79800.0,266.06658307681886,-1.2585127294028875,True,H5,chop,80018.4,79755.3,-0.442,1.1297,-0.7833,1.0,1.7,0.1465,0.0,0.2774,1.0653,Q2,False
1778254200000,long,79650.0,278.12638239853925,4.0861013189208,True,H5,chop,80009.4,79581.0,-2.452,3.3691,-0.4817,2.0,3.668,0.1559,0.0,0.1482,0.3915,Q2,False
1778470200000,long,80560.0,294.3974514279082,2.125801493391628,True,H5,chop,80698.0,80482.1,14.01,0.3786,1.384,2.0,0.041,0.1747,0.0,0.2615,0.6324,Q1(peor),False
1778594400000,long,80410.0,203.5814163825174,-1.4999999999999782,True,H5,chop,80688.0,80350.1,0.316,0.9104,-0.7617,4.0,0.528,0.1565,0.0,-0.0817,-0.4388,Q2,False
1778779800000,long,81410.0,331.39642061789897,-1.216631874586002,True,H5,chop,81676.0,81377.1,-1.71,1.7261,-0.7399,1.0,0.148,0.1286,0.0,0.1207,0.2935,Q3,False
1778853600000,long,78710.0,306.45413821169143,-1.3605841151814873,True,H5,trend,79300.0,78610.0,-0.225,1.05,-0.5858,2.0,-0.672,0.1447,0.0,0.1796,2.5123,Q2,False
1779061500000,long,77200.0,262.490893829506,-1.0974546128501246,True,H5,chop,77500.0,77077.0,16.179,0.5845,2.476,1.0,-0.059,0.1066,0.0,0.1808,1.3384,Q3,False
1779068700000,long,76790.0,279.885746274823,-1.4270177694048798,True,H5,chop,77130.0,76705.1,-0.201,1.3009,-0.934,7.0,-1.518,0.1157,0.0,0.3213,0.9204,Q3,True
1779121800000,long,76210.0,300.4592063835919,1.4099571359838754,True,H5,chop,76508.7,76194.1,-0.293,1.1167,-0.392,2.0,-0.761,0.2385,0.0,0.187,0.3749,Q1(peor),False
1779159600000,long,76580.0,217.20865100337375,1.3190258553147824,True,H5,chop,76756.2,76543.3,3.607,0.3322,-0.2928,4.0,-14.464,0.1764,0.0,0.2808,0.4984,Q1(peor),False
1779326100000,short,78100.0,180.20960729272238,1.5001493811353837,True,H5,chop,78142.8,77783.9,-3.329,0.3361,-0.1838,2.0,4.63,0.1953,0.0,-0.0914,-0.3078,Q1(peor),False
1779361200000,long,77150.0,181.47386011174905,-1.499999999999975,True,H5,chop,77319.8,77073.4,-12.333,22.4487,-0.5267,8.0,-6.45,0.1672,0.0,0.0947,0.5422,Q2,False
1779572700000,long,76640.0,287.3374336796005,-1.2713440842588049,True,H5,chop,76798.8,76535.0,-0.524,1.1936,-0.3427,3.0,3.141,0.3655,0.0,-0.2401,-0.6004,Q1(peor),False
1779633000000,long,76370.0,180.80146530371377,-1.2112778406619369,True,H5,chop,76504.0,76342.7,-6.037,3.2764,-0.851,6.0,-8.636,0.2122,0.0,0.3508,1.6229,Q1(peor),False
1779805800000,short,77940.0,330.1074912790045,14.861857023472451,True,H5,trend,77964.6,76715.9,-3.242,0.6635,-0.2047,1.0,0.346,0.0695,0.0,-0.2063,-3.1939,Q4(mejor),False
1779920100000,long,74350.0,248.35498533867445,-1.3798826639806872,True,H5,chop,74619.9,74236.1,-3.925,82.7708,-0.7533,4.0,-0.196,0.1363,0.0,0.1871,0.8473,Q2,False
1779941700000,long,73020.0,303.3423036683214,0.5325527765587093,True,H5,chop,73090.9,72788.0,3.298,0.6052,-0.4028,3.0,-1.047,0.1732,0.0,-0.1076,-0.4539,Q1(peor),False
1779979500000,long,72780.0,287.59676113811304,-1.500000000000008,True,H5,chop,73019.9,72659.3,9.917,0.1512,-0.1546,5.0,-4.752,0.1111,0.0,0.0161,0.0604,Q3,True
1780070400000,long,73770.0,297.0863108388743,-1.3321545053527524,True,H5,chop,73999.0,73750.0,-11.231,2.1825,-0.035,6.0,-0.815,0.182,0.0,0.3276,1.7432,Q1(peor),False
1780271100000,long,73550.0,158.53052897054405,1.2211864526393446,True,H5,chop,73687.9,73529.9,-5.639,3.0146,0.2543,2.0,8.707,0.3624,0.0,0.1188,0.2149,Q1(peor),False
1780279200000,long,73230.0,205.2051895247913,1.4050958168327685,True,H5,chop,73534.5,73176.0,-3.094,1.2412,1.9275,4.0,-0.764,0.1845,0.0,0.0191,0.0648,Q1(peor),False
1780330500000,long,70830.0,316.12850761132023,0.7648808072259243,True,H5,chop,71085.9,70794.4,3.969,0.4804,-0.5077,2.0,-3.463,0.2613,0.0,0.0986,0.5341,Q1(peor),False
1780366500000,long,70280.0,304.0436541070993,-1.180445158188752,True,H5,trend,70826.4,70132.2,9.194,0.1715,-0.3157,5.0,-0.346,0.1151,0.0,0.0531,0.4744,Q3,True
1780394400000,long,69370.0,279.8142082499925,-1.5000000000000338,True,H5,chop,69741.6,69309.6,-8.047,9.0149,-0.3332,2.0,-3.447,0.1238,0.0,0.2007,0.8588,Q3,False
1780450200000,short,66990.0,396.6000096256331,-0.3790535358827331,True,H5,trend,67019.7,66424.9,0.398,1.1337,-0.2911,1.0,-0.028,0.0988,0.0,-0.4229,-1.1257,Q4(mejor),False
1780466400000,short,67320.0,398.6819719261903,-1.3162137164932246,True,H5,chop,67348.5,67081.5,4.915,8.3799,-0.2917,3.0,0.198,0.5147,0.0,-0.332,-1.0586,Q1(peor),False
1780537500000,short,62790.0,483.52142415229775,-1.1002223212672118,True,H5,trend,62844.9,62057.7,6.917,5.3751,-0.5699,3.0,0.172,0.1135,0.0,-0.2777,-2.4412,Q3,False
1780563600000,short,63600.0,421.47921105273537,0.6007056557859651,True,H5,chop,63619.4,63167.0,0.347,14.88,-1.081,3.0,0.183,0.1197,0.0,-0.2731,-0.5928,Q3,False
1780622100000,long,63280.0,336.3251522064513,-1.1327621936764087,True,H5,chop,63388.0,63100.0,-7.661,3.8747,1.3771,3.0,-4.588,0.1512,0.0,0.0821,0.0901,Q2,False
1780648200000,short,62800.0,500.61715173512727,0.7178716287297102,True,H5,chop,62911.5,62484.2,9.049,42.5092,-0.1995,4.0,-3.172,0.1663,0.0,-0.0731,-0.1514,Q2,False
1780729200000,long,60740.0,428.2552862746564,0.9455383023718594,True,H5,chop,61118.3,60706.3,-10.107,4.472,-0.0739,9.0,-1.576,0.1642,0.0,0.2891,0.9812,Q2,False
1780877700000,long,63190.0,417.7976260862986,-1.257219281704711,True,H5,trend,63508.5,63123.0,0.477,0.6713,-0.8826,2.0,0.245,0.1276,0.0,0.097,0.1707,Q3,False
1780926300000,long,63440.0,363.6176429687804,0.8045685506258655,True,H5,chop,63859.2,63380.5,-0.611,2.7019,-0.8962,5.0,-0.024,0.1439,0.0,0.0106,0.0359,Q2,False
1781133300000,long,61170.0,272.6122298451877,13.58593264672264,True,H5,chop,61544.4,61127.4,-0.339,1.2174,-0.6163,6.0,-0.616,0.1717,0.0,0.4015,1.3283,Q1(peor),False
1781275500000,long,63480.0,245.1577935613611,-1.4318602589294167,True,H5,trend,63988.8,63432.2,2.194,0.4926,-0.4713,4.0,0.962,0.1741,0.0,0.3208,2.941,Q1(peor),False
1781544600000,long,66790.0,218.5954669735262,-1.4606254897184303,True,H5,chop,66908.5,66645.0,-4.705,4.5086,-0.4393,3.0,-1.259,0.1905,0.0,-0.1319,-0.3758,Q1(peor),False
1750638600000,long,100550.0,480.09610512646015,0.15345219086400702,False,H21,trend,101199.9,100433.4,-5.899,23.4297,-0.4108,3.0,0.936,0.0964,0.0,0.3998,1.4731,Q4(mejor),False
1752800400000,long,119780.0,475.447679186993,-1.3149137256407069,False,H21,trend,120542.4,119676.7,-0.498,1.1888,-0.476,5.0,0.046,0.0754,0.0,0.3731,1.4515,Q4(mejor),True
1756141200000,long,112180.0,420.7743678827919,-1.3332546150697562,False,H21,chop,112593.1,112132.8,-11.866,10.6786,0.0121,12.0,-0.016,0.1438,0.0,-0.1315,-0.4113,Q2,False
1758703500000,long,112510.0,212.2594721305442,1.8004725505881192,False,H21,chop,112603.0,112430.8,0.885,0.7701,-0.4032,1.0,2.103,0.2155,0.0,0.3636,0.5939,Q1(peor),False
1758893400000,long,109050.0,335.3866555224246,1.0549825925011267,False,H21,chop,109600.0,108943.5,-0.158,1.6245,-0.8159,3.0,0.664,0.1334,0.0,0.1156,0.4547,Q2,False
1759338900000,long,117240.0,332.0008874419518,-1.4414144827417812,False,H21,chop,117510.0,117211.4,-2.376,1.4698,0.5985,1.0,0.643,0.1236,0.0,0.0854,0.1405,Q3,False
1760238000000,long,110040.0,543.2875530814413,16.26753631639926,False,H21,trend,111352.3,109937.9,-3.079,2.377,-0.2252,5.0,2.654,0.1179,0.0,0.2925,1.7495,Q3,True
1760454900000,long,111130.0,566.9836284802058,0.8631414713774753,False,H21,chop,111484.2,111000.2,4.81,0.2944,-0.3517,8.0,-3.631,0.135,0.0,0.2336,0.5222,Q2,False
1762308900000,long,101020.0,757.3854340182999,2.465419080075559,False,H21,chop,101468.8,100856.7,2.613,0.1943,-0.6853,5.0,0.312,0.0746,0.0,-0.0725,-0.0946,Q4(mejor),True
1762317000000,long,101530.0,627.8221126936152,0.6798442446838285,False,H21,chop,102091.5,101474.2,-4.607,2.1217,1.0829,4.0,-5.139,0.1119,0.0,0.2504,0.3081,Q3,False
1762455600000,long,101630.0,591.3849219424798,-1.2148135593020049,False,H21,chop,101918.5,101509.4,-4.521,1.7569,0.8526,6.0,-1.526,0.1079,0.0,0.0709,0.1011,Q3,True
1763490600000,long,93180.0,520.4517030385283,-1.223795982067092,False,H21,chop,93400.3,93105.0,0.665,0.8919,0.6442,5.0,-0.741,0.1227,0.0,0.054,0.0524,Q3,True
1763752500000,long,84460.0,806.7630101771053,-1.130862469731752,False,H21,chop,84997.4,84432.6,-0.499,1.1792,0.0505,6.0,-0.445,0.1195,0.0,0.0988,0.0802,Q3,True
1763759700000,long,84460.0,698.7254180861745,-1.1510965498996328,False,H21,trend,84951.1,84385.2,-6.386,11.2669,-0.211,6.0,2.568,0.1039,0.0,0.4239,0.6506,Q3,True
1764109800000,long,87050.0,407.9758140368792,0.8415378351381846,False,H21,chop,87562.1,86996.7,0.255,0.6352,-1.048,1.0,0.114,0.092,0.0,0.5407,1.7168,Q4(mejor),False
1764789300000,long,92540.0,476.12496804429446,3.4164874963009644,False,H21,chop,92749.9,92493.7,1.326,0.6911,0.3719,2.0,3.941,0.17,0.0,0.164,0.1001,Q1(peor),False
1764819900000,long,93430.0,366.4994729391066,-1.3186566656247416,False,H21,chop,93586.6,93381.6,0.089,0.586,-1.3675,1.0,-3.238,0.1773,0.0,0.13,0.0976,Q1(peor),False
1764947700000,long,90960.0,418.6602003473916,-1.2715806276919928,False,H21,chop,91180.5,90782.3,-1.885,1.5603,-0.6326,6.0,-0.446,0.1098,0.0,0.0372,0.1183,Q3,True
1764962100000,long,89030.0,511.38281577647496,0.5827589576199754,False,H21,chop,89490.0,88977.7,-2.191,4.4181,-0.7667,5.0,-11.381,0.1056,0.0,0.2195,0.4453,Q3,True
1765873800000,long,86160.0,268.788345150186,1.3727033679994398,False,H21,chop,86244.5,86033.7,0.437,0.643,-0.5386,2.0,0.348,0.2676,0.0,0.0864,0.0707,Q1(peor),False
1766094300000,long,85250.0,603.2800068677246,4.1673054878555,False,H21,chop,85674.0,85221.2,-8.116,5.4157,0.3756,2.0,-0.572,0.1405,0.0,0.2221,0.2935,Q2,False
1767016800000,long,87300.0,263.3607466120683,2.0997972316704177,False,H21,chop,87384.0,87200.0,-2.789,1.5551,-0.056,2.0,-0.872,0.1963,0.0,-0.0989,-0.1897,Q1(peor),False
1768229100000,long,90620.0,287.8016011518498,6.5800653149741475,False,H21,chop,91085.0,90521.7,0.011,0.9967,-0.5476,5.0,0.609,0.0924,0.0,0.036,0.1738,Q4(mejor),True
1768869900000,long,92670.0,227.62855028991268,-1.4999999999999831,False,H21,chop,92717.4,92574.0,1.692,0.6232,-0.1849,4.0,0.09,0.2854,1.0,0.012,0.0131,Q1(peor),False
1769438700000,long,87810.0,270.9786104653319,1.2097126390790465,False,H21,chop,88259.8,87770.1,0.485,0.9008,-0.626,4.0,1.559,0.097,0.0,-0.1211,-0.7284,Q4(mejor),False
1769783400000,long,82760.0,372.41364033349527,-1.2777825213581355,False,H21,trend,83617.7,82734.6,-2.591,18.3893,-0.7908,9.0,-1.196,0.1079,0.0,0.279,2.6128,Q3,True
1769798700000,long,83050.0,619.5785639314115,-1.1675534081445298,False,H21,trend,84145.0,83000.0,-7.077,5.6134,-0.3995,5.0,-4.709,0.083,0.0,0.0471,0.3248,Q4(mejor),True
1769895000000,long,77760.0,739.4200169589578,-1.1314543801502146,False,H21,trend,78293.1,77683.0,1.75,0.6964,-0.3258,7.0,0.354,0.1065,0.0,0.062,0.1486,Q3,True
1770237000000,long,73500.0,675.1705652294173,-1.136076725988168,False,H21,chop,73683.2,73388.4,-2.667,1.7766,0.5412,4.0,-2.392,0.1319,0.0,0.0145,0.0091,Q2,False
1770480000000,long,69000.0,548.5345213837027,-1.1572371412147975,False,H21,trend,69950.0,68949.0,-1.295,1.358,-0.9025,2.0,1.701,0.0614,0.0,0.0215,0.416,Q4(mejor),False
1770653700000,long,69150.0,522.9789980408141,0.49924327932499835,False,H21,chop,69606.3,69113.0,-1.583,8.798,-0.7094,3.0,-0.147,0.1196,0.0,0.1744,0.2044,Q3,False
1772578800000,long,68270.0,399.98469427449055,-1.2133519137645745,True,H21,trend,68849.2,68203.9,-0.185,1.0721,-0.5416,2.0,0.386,0.1027,0.0,0.2816,0.9352,Q3,False
1772635500000,long,71290.0,452.98934888771373,3.2395298114697013,True,H21,chop,71760.0,71243.2,-0.934,1.4375,-0.752,4.0,-2.021,0.1704,0.0,0.0007,0.0048,Q1(peor),False
1773033300000,long,67120.0,353.6535159325815,0.734739855895768,True,H21,chop,67387.3,67096.2,5.936,0.5065,0.6689,2.0,-0.026,0.1905,0.0,0.1763,0.3156,Q1(peor),False
1773044100000,long,67380.0,328.7009602014565,17.143064210135098,True,H21,trend,67800.0,67330.1,10.232,0.2584,0.5828,6.0,-6.257,0.1197,0.0,0.1321,0.4481,Q3,True
1773242100000,long,70080.0,458.32119978022695,-1.1911323326130334,True,H21,chop,70436.0,69994.1,16.867,0.1556,0.6322,3.0,-0.012,0.1039,0.0,0.2708,0.8118,Q3,False
1773714600000,long,75120.0,413.05966368610234,-1.227327934085956,True,H21,chop,75442.1,75080.3,-0.332,3.1987,-1.0806,3.0,-1.584,0.1549,0.0,0.3155,0.4861,Q2,False
1773762300000,long,73800.0,356.9197284355701,0.7360852102092659,True,H21,chop,74024.1,73677.4,-4.488,2.8053,-0.2352,5.0,2.596,0.1398,0.0,0.1617,0.3718,Q2,False
1775108700000,long,66540.0,259.0339226819167,-1.3210969402727017,True,H21,chop,66605.7,66423.3,1.087,0.4206,-1.1425,1.0,-3.077,0.2421,0.0,0.187,0.4666,Q1(peor),False
1776823200000,long,76210.0,270.40221702666327,12.787947615636387,True,H21,trend,76848.8,76176.1,-3.881,4.1969,-0.5253,5.0,-0.419,0.108,0.0,0.2752,1.8401,Q3,True
1777555800000,long,76090.0,202.4928730203178,17.033788803951563,True,H21,trend,76636.0,76062.4,-8.492,2.282,0.3826,4.0,-0.071,0.1394,0.0,0.3164,2.7429,Q2,False
1777897800000,long,78910.0,273.31252057703324,-1.360896382616307,True,H21,chop,78953.5,78800.3,12.12,0.1526,1.0785,4.0,0.157,0.2441,0.0,0.156,0.1655,Q1(peor),False
1777990500000,long,81050.0,256.70108303904715,1.55189417960524,True,H21,chop,81437.2,80895.8,5.248,0.6371,0.4703,3.0,-7.643,0.1028,0.0,0.0525,0.3856,Q3,False
1779799500000,long,77060.0,177.57380292141758,-1.500000000000015,True,H21,chop,77113.3,77018.6,9.164,0.6673,0.1234,1.0,2.499,0.3208,0.0,0.4761,2.2513,Q1(peor),False
1780470000000,long,66940.0,376.19979175822345,-1.2224217073830235,True,H21,chop,67133.2,66826.0,8.067,0.2714,0.2532,2.0,-0.552,0.1556,0.0,-0.014,-0.0278,Q2,False
1780599600000,long,63650.0,439.5203268311026,0.6816190250554373,True,H21,chop,63855.7,63583.1,-19.513,7.4655,1.3259,5.0,1.078,0.1301,0.0,-0.1206,-0.2123,Q2,False
1780926300000,long,63440.0,363.6176429687804,0.7397880856487877,True,H21,chop,63859.2,63380.5,-0.611,2.7019,-0.8962,5.0,-0.024,0.1439,0.0,0.0106,0.0359,Q2,False
1781275500000,long,63460.0,245.1577935613611,-0.7915050177420899,True,H21,trend,63988.8,63432.2,-4.242,2.3113,-0.322,4.0,0.962,0.1741,0.0,0.3208,2.941,Q1(peor),False
1750626900000,short,99360.0,497.4838788544483,-1.2496563311478437,False,H21s,chop,99476.6,99073.6,20.361,14.3954,1.0002,3.0,-0.045,0.1876,0.0,-0.234,-0.4129,Q1(peor),False
1752606900000,short,117090.0,526.6746523052025,-1.2778992673358887,False,H21s,chop,117166.7,116784.1,1.87,3.1744,-0.6515,6.0,1.276,0.1272,0.0,-0.1575,-0.1769,Q3,True
1752848100000,short,119060.0,401.4655710462665,2.25317252153775,False,H21s,trend,119088.5,117750.0,-10.731,0.0272,-0.3688,9.0,0.972,0.093,0.0,-0.2211,-3.1093,Q4(mejor),True
1753672500000,short,119370.0,255.73718763790382,-1.5000000000000195,False,H21s,chop,119481.5,119264.5,0.78,1.2315,0.8809,2.0,0.822,0.2032,0.0,-0.2238,-0.1631,Q1(peor),False
1758581100000,short,112600.0,231.73687069430775,-1.5000000000000173,False,H21s,chop,112624.0,112532.4,-8.026,0.1261,0.4617,1.0,-0.282,0.3946,0.0,-0.2721,-0.1732,Q1(peor),False
1759278600000,short,114010.0,247.48531871898382,-1.5000000000000018,False,H21s,chop,114193.8,113929.2,-1.465,0.4232,-0.2708,7.0,6.223,0.2183,0.0,-0.1524,-0.1653,Q1(peor),False
1759521600000,short,122600.0,542.8418466212429,0.7563743827456895,False,H21s,chop,122644.0,121966.3,25.612,2846.7775,2.3816,11.0,-1.093,0.0731,0.0,-0.3663,-0.769,Q4(mejor),True
1760032800000,short,120950.0,536.5315541239703,-1.2817867818545274,False,H21s,chop,121050.0,120628.8,1.296,1.5014,-0.5602,3.0,0.579,0.1475,0.0,-0.1422,-0.3175,Q2,False
1760137200000,short,113630.0,1941.1070535737485,1.8626078573788662,False,H21s,chop,113698.7,112550.1,1.547,11.1111,-0.9778,3.0,1.72,0.0552,0.0,-0.138,-0.1898,Q4(mejor),False
1760359500000,short,114740.0,401.7485469371083,-1.3570019134940423,False,H21s,chop,114770.9,114250.4,18.949,18949000000.0,0.0173,17.0,-15.339,0.2626,0.0,0.5142,2.4724,Q1(peor),False
1760564700000,short,111120.0,505.7194307887978,0.9531174217454712,False,H21s,chop,111150.0,110635.4,0.656,33.8,-0.7879,2.0,1.352,0.1424,0.0,-0.238,-0.2679,Q2,False
1760712300000,short,105550.0,714.2339454909268,-1.1847258882512421,False,H21s,chop,105732.3,105024.7,-7.941,0.7207,2.5648,5.0,-0.592,0.0822,0.0,0.0788,0.25,Q4(mejor),True
1761804000000,short,110230.0,575.2194612337455,-1.2395390095190284,False,H21s,chop,110262.9,110025.0,-5.216,0.2027,-0.654,3.0,-0.004,0.164,0.0,0.0415,0.0535,Q2,False
1762284600000,short,101320.0,673.5743977776774,2.547162331279134,False,H21s,chop,101400.0,100600.0,-0.476,0.1019,-0.8356,2.0,0.516,0.0919,0.0,-0.4288,-0.6912,Q4(mejor),False
1762302600000,short,101020.0,662.7961782097531,-1.1905186000635593,False,H21s,trend,101040.6,100334.0,1.058,2.15,-1.0736,6.0,-0.006,0.0757,0.0,-0.1578,-0.3658,Q4(mejor),True
1762466400000,short,101240.0,500.37494008068995,-1.2529103475477714,False,H21s,chop,101327.4,100949.4,5.679,2.1968,1.0453,6.0,-0.254,0.163,0.0,0.1038,0.1198,Q2,False
1762884000000,short,103470.0,399.258570336103,1.1417193865526096,False,H21s,chop,103537.4,103122.3,0.812,2.0062,-0.8331,3.0,0.024,0.1298,0.0,0.1294,0.2235,Q2,False
1763046900000,short,102850.0,572.9586247349251,3.7330487886268706,False,H21s,chop,102999.9,101989.4,7.715,3.8563,0.4502,18.0,-5.505,0.0611,0.0,-0.0382,-0.1299,Q4(mejor),True
1763106300000,short,97450.0,657.3727338819638,0.7326811084620086,False,H21s,chop,97619.5,97064.6,0.29,1.0125,2.0325,4.0,-0.234,0.1709,0.0,0.0225,0.0495,Q1(peor),False
1763163900000,short,94850.0,620.4996359683607,-1.191075857466004,False,H21s,chop,94946.8,94314.9,1.397,2.3764,-0.4247,7.0,-0.701,0.1459,0.0,0.0442,0.0584,Q2,False
1763689500000,short,87220.0,525.9334191532864,2.438559622365766,False,H21s,chop,87294.4,86956.6,1.953,1.414,0.8673,4.0,0.053,0.2019,0.0,-0.2655,-0.2101,Q1(peor),False
1764086400000,short,87000.0,397.2463596505144,-1.273759588623221,False,H21s,chop,87050.0,86653.3,4.103,2.5356,0.1139,3.0,-1.197,0.1248,0.0,-0.0969,-0.1698,Q3,False
1764097200000,short,87200.0,405.14989513917345,0.8205193616528709,False,H21s,chop,87300.0,86700.8,-4.48,0.4557,-0.4472,7.0,0.587,0.086,0.0,-0.2495,-1.4003,Q4(mejor),True
1764774000000,short,92880.0,534.7789922766339,0.9529450620909903,False,H21s,chop,92942.8,92086.6,1.932,2.0271,-0.8488,5.0,-0.044,0.0636,0.0,-0.0026,-0.0119,Q4(mejor),True
1767584700000,short,92900.0,263.5121697115975,-1.4406817344606817,False,H21s,chop,92947.0,92833.0,1.033,1.0768,2.3412,1.0,-0.979,0.3329,1.0,-0.1642,-0.1393,Q1(peor),False
1768196700000,short,92070.0,246.3953284819175,1.2387765298984106,False,H21s,chop,92093.6,92033.0,-6.708,0.4947,1.3642,2.0,-0.095,0.4761,1.0,-0.1738,-0.0907,Q1(peor),False
1768415400000,short,97000.0,490.8899775168103,1.0497090799720414,False,H21s,chop,97083.3,96270.1,-1.703,0.1879,-0.5826,8.0,-0.733,0.0896,0.0,-0.1875,-0.6632,Q4(mejor),True
1768460400000,short,96200.0,245.45889891961866,-1.4898987183975487,False,H21s,chop,96289.7,96141.2,5.9,2.0025,1.8732,4.0,-2.891,0.232,1.0,0.1757,0.1581,Q1(peor),False
1768487400000,short,96750.0,298.29370853395676,0.7630212659380791,False,H21s,trend,96876.1,95757.0,-0.379,0.9243,-0.4462,5.0,-1.653,0.0618,0.0,-0.2138,-2.6099,Q4(mejor),True
1768925700000,short,90840.0,361.0226044906028,3.4672990493201676,False,H21s,chop,90920.0,90505.2,-0.484,0.9564,1.0867,2.0,0.374,0.1701,1.0,0.0976,0.2335,Q1(peor),False
1769893200000,short,77960.0,758.7652267689684,-1.1284323484550913,False,H21s,chop,78113.9,77559.0,4.378,15.7905,-0.727,3.0,1.217,0.1259,0.0,0.0074,0.0175,Q3,False
1769998500000,short,77410.0,672.0711549589955,2.6887926771834856,False,H21s,chop,77522.4,76995.2,11.078,5.2756,0.8846,6.0,-0.298,0.1322,0.0,0.2488,0.3207,Q2,False
1770160500000,short,75810.0,570.047844235196,-1.1662360466026147,False,H21s,chop,75920.0,75596.0,6.226,3.7188,-0.0732,4.0,0.062,0.128,0.0,0.1231,0.162,Q3,False
1770310800000,short,68270.0,911.0805535510978,8.573108176383242,False,H21s,trend,68350.0,67105.6,-0.359,0.7169,-0.9746,4.0,-0.161,0.058,0.0,0.0163,0.0643,Q4(mejor),False
1770365700000,short,65080.0,711.6300738253981,0.5349537360334566,False,H21s,chop,65171.2,64700.0,2.938,1.3739,0.8172,3.0,-1.179,0.074,0.0,-0.0723,-0.1248,Q4(mejor),False
1770910200000,short,67890.0,424.40437687491897,5.533276268163276,False,H21s,chop,67985.0,67207.2,5.747,3.231,-0.2029,6.0,-3.75,0.1063,0.0,-0.2932,-1.5485,Q3,True
1771248600000,short,68820.0,382.2244764081003,-0.017934075769028862,False,H21s,trend,68857.6,68220.3,8.666,1.9704,0.2523,3.0,0.104,0.1145,0.0,-0.0621,-0.4492,Q3,False
1772481600000,short,69080.0,461.4842121336444,0.521615894262236,True,H21s,chop,69198.9,68533.8,-4.465,0.6179,0.6268,4.0,-0.662,0.0731,0.0,-0.2335,-0.9058,Q4(mejor),False
1772657100000,short,73460.0,442.8972735643182,-0.28518311423695525,True,H21s,trend,73484.0,72939.8,-0.468,0.1832,-0.9468,3.0,1.023,0.1197,0.0,-0.1316,-0.3821,Q3,False
1773322200000,short,70370.0,286.5162986649847,1.0523586897903636,True,H21s,chop,70433.2,69900.0,-64.401,0.2037,5.5433,3.0,-0.151,0.1006,1.0,-0.0707,-0.4982,Q3,False
1773414900000,short,72730.0,409.76610265935426,5.195946914224342,True,H21s,chop,72796.8,72423.0,8.873,2.4553,-0.1456,4.0,-1.19,0.1122,0.0,0.011,0.047,Q3,False
1774218600000,short,68250.0,293.0284505479192,-1.2911406719739351,True,H21s,chop,68308.8,68060.1,11.799,19.6693,0.0482,2.0,0.515,0.1974,0.0,-0.0943,-0.2059,Q1(peor),False
1774447200000,short,71590.0,294.6123733188477,0.8182262700570833,True,H21s,chop,71673.5,71218.4,-3.137,0.5597,-0.4058,6.0,-0.508,0.277,0.0,0.0401,0.4489,Q1(peor),False
1774930500000,short,67820.0,266.3302841715686,0.9762533545221778,True,H21s,chop,67865.6,67430.0,26.102,3.4976,2.8283,8.0,-1.143,0.1149,0.0,-0.0253,-0.1237,Q3,True
1775656800000,short,71640.0,335.61809777081,0.705946237425872,True,H21s,chop,71725.0,71273.3,-1.434,0.8774,-0.0033,4.0,-13.786,0.1609,0.0,-0.1533,-0.9154,Q2,False
1779120900000,short,76600.0,299.3714530284842,0.9350423935490185,True,H21s,chop,76620.0,76176.0,13.254,1.9268,2.2315,2.0,28.296,0.0988,0.0,-0.2285,-1.0551,Q4(mejor),False
1780314300000,short,72710.0,194.31301639429574,10.531250532485773,True,H21s,trend,72732.0,72160.5,3.418,1.346,-0.4559,5.0,-2.906,0.0914,0.0,-0.3612,-7.5909,Q4(mejor),True
1780421400000,short,67800.0,372.7019580837255,2.6521638677428223,True,H21s,chop,67823.4,67435.7,-6.554,0.4899,0.3209,5.0,-4.324,0.145,0.0,-0.1475,-0.4621,Q2,False
