bar_ts,side,lvl,atr,r,oos,kind,regime,m5_delta_at_level,m5_absorption_ratio,m5_large_order_z,m5_stacked_imb,m5_exhaustion,m5_vol_concentration,m5_level_near_poc,m5_bar_imb_ratio,m5_delta_norm_bar,m15_delta_at_level,m15_absorption_ratio,m15_large_order_z,m15_stacked_imb,m15_exhaustion,m15_vol_concentration,m15_level_near_poc,m15_bar_imb_ratio,m15_delta_norm_bar,h1_delta_at_level,h1_absorption_ratio,h1_large_order_z,h1_stacked_imb,h1_exhaustion,h1_vol_concentration,h1_level_near_poc,h1_bar_imb_ratio,h1_delta_norm_bar
1750553100000,short,2296.4908,30.558445064066177,0.8413518658544354,False,H5,chop,-286.28,0.7013,1.0658,4,-55.32,0.4698,0.0,0.0671,26.324,-31.84,0.9253,-0.5162,2,12.41,0.3121,0.0,-0.0339,-23.2463,-966.26,0.7541,0.4743,1,59.52,0.1035,0.0,-0.0958,-1028.9617
1750685400000,long,2246.6428,14.471872808756135,1.3595928286174677,False,H5,trend,-575.69,1.5183,0.9803,1,-363.19,0.9593,1.0,-0.1241,-62.1067,659.55,0.2786,-0.7615,4,-45.14,0.1201,0.0,0.211,2465.0369,117.84,0.945,-0.1296,4,-45.14,0.1197,0.0,0.0648,1475.4504
1750700700000,short,2281.8194000000003,23.173786831539278,-1.158988956146618,False,H5,chop,-0.39,0.75,-1.0222,1,0.39,0.6399,0.0,-0.2148,-131.6841,230.73,1.9187,-0.9943,1,103.87,0.281,0.0,0.0094,22.2523,743.0,1.1909,0.7244,3,-55.22,0.1121,0.0,0.0924,1627.1385
1751396400000,long,2407.133,10.852525209199104,-1.1284385946013935,False,H5,chop,-559.78,1.5286,0.5152,3,-955.74,0.3818,0.0,-0.2577,-890.4517,-690.98,1.5942,0.8989,1,-60.2,0.3652,0.0,-0.0975,-283.569,-707.38,1.4431,0.1032,7,-588.41,0.2514,0.0,-0.1301,-975.9452
1751812200000,short,2559.1378000000004,8.690777940039945,1.3617596168523352,False,H5,chop,1.71,1710000000.0,-1.4126,2,-1.71,0.9996,0.0,0.2091,97.7116,5.82,1.0039,0.7035,2,-162.51,0.2625,0.0,-0.161,-892.293,1878.45,1.3614,1.4224,2,-162.51,0.3173,0.0,0.0258,380.7703
1751902200000,short,2540.5238,11.97931014002853,1.0847874401975264,False,H5,chop,-820.49,0.4837,1.8482,1,-850.43,0.7489,1.0,-0.0021,-1.1912,-18.61,0.9813,1.9044,0,2.74,0.4366,1.0,-0.2441,-225.4671,-839.1,0.6754,0.1773,1,-847.69,0.3971,0.0,-0.2733,-1646.6975
1751907600000,long,2520.0515,13.144401933622614,1.6984362918773697,False,H5,chop,306.05,0.4093,-0.6268,2,306.05,0.6742,0.0,-0.3836,-183.8996,-998.6,2.1916,0.5271,4,-46.93,0.3439,1.0,-0.0844,-214.9934,-998.6,2.1916,-0.1232,4,-46.93,0.158,0.0,0.1303,925.747
1752070500000,short,2660.7919,11.505813917007028,1.2928092716808262,False,H5,chop,15.17,15170000000.0,-1.5998,2,-15.17,0.6552,0.0,0.2948,140.4916,-975.87,0.6247,2.5363,1,-43.89,0.3272,1.0,-0.0514,-146.6667,-975.87,0.6247,-0.1296,1,-43.89,0.1718,0.0,-0.0675,-1166.1487
1752240600000,short,2998.0915999999997,17.50818749258473,-1.2628230568595655,False,H5,chop,-76.48,0.8864,1.0928,1,-10.19,0.651,1.0,-0.0923,-30.2721,-366.49,0.7719,0.7711,2,-162.94,0.2306,0.0,-0.0315,-96.1487,814.37,1.2303,1.4279,3,-36.97,0.2019,0.0,0.0561,462.6527
1752421500000,long,2988.6454,13.070551421739202,-1.251483734990903,False,H5,chop,-42.23,1.0975,0.6606,1,-58.26,0.6062,1.0,-0.194,-76.7443,265.3,0.715,1.5067,2,-11.82,0.4797,1.0,0.2092,148.2738,-266.44,1.107,0.8965,1,-466.29,0.237,1.0,-0.0765,-486.4737
1752707700000,long,3354.5184,24.709051677434687,0.6204722140609211,False,H5,chop,313.87,0.3384,0.2798,1,-177.43,0.6334,1.0,-0.0319,-5.4227,-94.89,1.1844,0.418,1,-22.2,0.1634,0.0,0.1988,227.6708,548.75,0.6928,0.5514,1,-22.2,0.1769,0.0,0.0536,158.395
1752862500000,long,3576.0498,29.33594058547179,-1.5000000000000049,False,H5,chop,-129.23,6.4298,-1.1416,4,-129.23,0.324,0.0,-0.4128,-137.6056,-771.6,5.2902,-0.0354,4,-25.53,0.3028,0.0,-0.0416,-70.0867,-1803.09,5.4405,0.1005,4,-25.53,0.1842,0.0,-0.1605,-565.2312
1753192800000,long,3640.2306,24.19866090343598,2.2857099818158138,False,H5,chop,116.55,0.9472,1.2765,2,-418.94,0.2436,0.0,-0.0176,-41.1734,-198.77,4.5375,-1.2223,4,-65.18,0.1579,0.0,0.1417,424.5479,-198.77,4.5375,-1.1992,4,-65.18,0.1172,0.0,0.1857,1364.7912
1753299900000,short,3606.9387,22.044252755130433,1.8418869991700166,False,H5,chop,4.3,1.1215,-1.1778,2,-4.3,0.6689,0.0,-0.1139,-16.1121,240.18,2.3342,0.0474,3,-610.28,0.1956,0.0,-0.0841,-64.8858,653.32,1.5717,1.0686,3,-165.82,0.1665,0.0,-0.1099,-304.7919
1753426800000,long,3624.0634,25.190271734628443,-1.5000000000000115,False,H5,trend,-121.41,84.731,-1.361,7,-121.41,0.4592,0.0,-0.5114,-96.4904,520.54,0.6227,1.297,2,-143.42,0.2983,0.0,0.0576,70.8543,1073.22,0.522,0.4753,3,-114.1,0.1024,0.0,0.1245,934.5524
1753722900000,long,3780.9991,21.119348902994098,0.5194510830534682,False,H5,chop,-135.64,238.9649,-1.1086,7,-135.64,0.3543,0.0,-0.5258,-155.5526,-267.67,2.1512,-0.7033,2,-250.57,0.237,0.0,-0.0898,-152.0374,-403.81,2.7367,-1.1871,3,-250.57,0.188,0.0,-0.1097,-387.2288
1753731900000,long,3768.0528,22.491462492456026,-1.4999999999999898,False,H5,trend,-502.71,11.6281,0.0942,8,-502.71,0.351,0.0,-0.3496,-149.8271,-125.71,1.1688,0.954,2,-31.15,0.2072,1.0,0.2399,365.7877,-125.71,1.1688,-0.5697,2,-31.15,0.1571,0.0,0.0492,248.8562
1753880400000,short,3781.4052,18.709785281384903,1.355455904769668,False,H5,chop,-89.27,0.3879,-0.4503,0,89.27,0.5841,0.0,-0.2919,-32.2708,201.13,4.4547,-0.5908,2,-0.84,0.3807,0.0,0.0548,44.1683,194.06,3.9261,-1.2292,2,-0.84,0.1668,0.0,-0.0324,-149.2738
1754037000000,long,3602.1843,25.22645701955096,2.2517155473872252,False,H5,chop,7.94,0.9344,-0.8236,0,56.92,0.6489,0.0,-0.0525,-21.4025,16.25,0.6634,-1.4828,5,-296.78,0.1754,0.0,0.0062,15.9824,-1654.41,1.9646,0.4197,5,-296.78,0.1509,0.0,-0.1193,-1118.0294
1754411400000,short,3586.51,23.394334206635932,-1.35493209010163,False,H5,chop,27.23,1.4509,-0.6618,2,-127.35,0.641,0.0,0.4241,113.5848,331.88,1.6384,-0.0397,1,-39.14,0.2345,0.0,-0.3306,-658.7775,978.64,1.9484,-0.2549,1,-39.14,0.1913,0.0,-0.0968,-481.9329
1754573400000,long,3830.5633,19.009455915618826,-1.2929860212608508,False,H5,trend,-815.44,2.6531,0.3601,1,-176.24,0.6031,0.0,-0.0923,-63.2654,140.83,0.8349,-0.22,2,-18.86,0.2046,0.0,0.2378,882.6718,-1490.17,1.7936,0.6679,2,-176.24,0.1139,0.0,-0.0024,-21.3315
1754665200000,short,3985.0436,24.313593718398288,3.1101959888217787,False,H5,chop,221.94,22.1573,-0.7429,5,-221.94,0.3894,0.0,0.3529,180.2099,516.36,4.3869,-0.4942,2,-67.82,0.1752,0.0,-0.1942,-436.3485,516.36,4.3869,-0.732,2,-67.82,0.1647,0.0,-0.0516,-358.3469
1754670600000,short,3966.2735000000002,23.980721739335344,-1.18497476908922,False,H5,chop,-6.6,0.8649,-0.9825,3,-28.78,0.4396,0.0,-0.0353,-16.6067,34.37,1.113,-0.2986,1,-84.04,0.5227,0.0,-0.2159,-128.7693,906.0,1.5437,0.7513,3,-28.78,0.2303,0.0,-0.075,-246.0802
1754826300000,short,4213.374,21.48039082615239,-1.2201176506733338,False,H5,trend,56.44,1.0654,2.5727,9,-394.47,0.2994,1.0,0.3951,297.1287,511.33,3.8097,0.3744,4,-74.83,0.2181,0.0,-0.3318,-427.4066,567.77,1.5435,1.3646,2,-394.47,0.1276,0.0,-0.0078,-27.0312
1754878500000,short,4318.105,22.54320025388213,0.32287447178502815,False,H5,chop,9.12,1.2992,-0.9849,2,-9.12,0.5898,0.0,0.0891,48.7766,-70.25,0.711,-1.0188,1,21.64,0.1975,0.0,-0.0529,-113.1876,333.23,1.1532,0.4369,6,-180.93,0.18,0.0,-0.0078,-61.7925
1754935200000,long,4282.7293,29.205060711819698,-1.5000000000000322,False,H5,chop,-8.31,1.2446,-2.165,2,-8.31,0.4493,0.0,-0.0244,-2.3746,-1174.01,2.2336,1.041,6,-55.95,0.1604,0.0,-0.3018,-729.743,-1914.68,2.4471,0.4372,12,-55.95,0.1399,0.0,-0.1227,-693.5836
1755009900000,long,4397.959199999999,31.696032684894007,2.5375197480007783,False,H5,chop,189.66,0.4847,0.346,1,-3.05,0.5285,0.0,0.1709,22.0674,-112.85,2.431,-0.7414,4,16.34,0.2688,0.0,-0.0766,-94.986,870.04,0.7627,1.7685,2,-67.46,0.1422,0.0,0.0455,215.6743
1755217800000,long,4538.7966,31.780540385077373,0.5606685862785131,False,H5,trend,8.89,0.0022,-1.322,3,8.89,0.7416,0.0,-0.4329,-33.4264,-30.48,1.0724,0.7429,3,-184.02,0.206,1.0,0.2337,164.1844,-747.45,2.3665,0.0259,3,-184.02,0.1435,0.0,0.1369,452.7421
1755528300000,long,4284.258100000001,33.660473812761914,-1.500000000000019,False,H5,trend,-38.62,1.6835,-1.0974,2,-38.62,0.4303,0.0,-0.1704,-32.8905,-73.86,1.3684,-0.6357,1,-22.67,0.1476,0.0,0.2623,347.1374,380.84,0.7363,-0.2909,3,-160.22,0.1234,0.0,0.0555,313.4258
1755552600000,short,4351.5675,26.007968549567746,0.7095802795120709,False,H5,chop,-253.49,0.2556,0.5602,3,-31.42,0.5655,0.0,-0.1489,-15.4134,12.15,1.6425,-1.2334,1,10.99,0.2352,0.0,-0.3368,-175.605,138.62,1.1452,0.8967,3,42.03,0.1622,0.0,0.0064,12.7892
1755641700000,long,4125.300499999999,26.490102514921155,-1.318867072332469,False,H5,chop,66.31,0.1698,-0.6411,2,66.31,0.5106,0.0,-0.1684,-19.0196,607.9,0.3437,1.7469,3,-375.23,0.2262,0.0,0.039,26.6031,446.39,0.5769,0.1731,3,-375.23,0.1978,0.0,-0.0964,-198.8026
1756056600000,long,4853.4249,27.634767234940714,-1.0332611295189809,False,H5,trend,87.39,0.4902,-0.5807,6,-5.32,0.4287,0.0,-0.4755,-124.4816,-581.94,4.9448,-0.4777,6,-246.47,0.0982,0.0,0.141,603.0063,-471.01,1.2511,1.1323,1,-7.64,0.067,0.0,0.1317,1289.5567
1756080000000,long,4778.098,37.66636000852037,-1.2227954520149753,False,H5,chop,126.33,0.4703,0.7038,1,-17.42,0.653,0.0,-0.0131,-0.7038,93.99,0.612,-0.305,3,-3.21,0.2986,0.0,0.154,55.4999,277.0,0.6543,-0.0148,8,-48.72,0.0798,0.0,-0.1383,-644.8951
1756158300000,short,4372.7039,40.145071058624225,-1.1537348296813836,False,H5,chop,-7.74,0.0227,-0.9567,1,7.74,0.4892,0.0,-0.2292,-37.9142,-47.92,0.8338,-0.5038,2,-460.14,0.1969,0.0,0.0082,6.5002,468.05,1.4068,-0.2262,1,-497.69,0.1157,0.0,0.0693,273.0178
1756325700000,long,4545.318,34.269939992978244,-1.0905309943600219,False,H5,trend,-102.49,2.0016,-0.5165,2,-20.83,0.3918,0.0,0.4262,147.9054,-552.81,1.8161,0.1764,6,-293.42,0.0809,0.0,0.0512,272.5196,-852.01,1.746,0.2318,6,-293.42,0.0681,0.0,0.0218,188.7727
1756689300000,long,4386.98,20.890960253389892,0.8223778416158852,False,H5,chop,-292.73,3.23,1.2378,5,-2.94,0.433,1.0,-0.2242,-43.1507,6.36,0.7946,-1.0687,2,-71.33,0.2635,0.0,0.0805,46.8935,-368.34,2.8868,-0.9757,7,-2.94,0.1156,0.0,0.0838,315.4144
1756822500000,long,4336.475,31.05029468252968,-1.4999999999999927,False,H5,chop,123.5,0.292,-1.1134,3,123.5,0.2798,0.0,0.0513,17.7444,-89.56,2.2486,-1.0968,5,-14.71,0.1619,0.0,0.0031,3.6251,-120.03,1.3021,-0.7675,6,-14.71,0.1132,0.0,-0.0786,-406.9549
1756839600000,short,4303.2817000000005,30.397405524439257,0.42217697604460824,False,H5,chop,-73.71,0.0711,-0.7495,2,296.91,0.4474,0.0,-0.1708,-52.5009,616.5,5.2839,0.2479,2,-162.09,0.1795,0.0,-0.1916,-210.5239,616.5,5.2839,-0.5866,2,-162.09,0.1415,0.0,-0.0666,-223.2575
1757107800000,long,4296.1525,20.46868103977988,0.5187504581218385,False,H5,chop,-210.13,8.4277,-0.9177,1,-210.13,0.4622,0.0,-0.129,-45.8017,40.65,0.9301,1.2579,1,-75.87,0.2174,0.0,0.0568,48.6534,-1112.61,1.7748,0.9679,7,-111.64,0.1207,0.0,-0.0924,-604.1479
1757423700000,long,4334.133100000001,14.875881385024131,0.7504837633318325,False,H5,chop,44.39,0.5777,-1.0484,1,-52.0,0.4023,0.0,0.2769,159.4117,36.13,0.8254,-1.4439,4,-208.49,0.2213,0.0,-0.0135,-17.5875,-401.24,1.3749,-0.0504,5,-208.49,0.1393,1.0,-0.0294,-200.5643
1757596500000,long,4387.1025,26.901231327517436,6.188672519793898,False,H5,chop,-426.92,4.9632,-0.464,4,-36.51,0.298,0.0,-0.1762,-171.2844,-269.07,1.813,-0.2681,2,-0.88,0.2203,0.0,0.2328,311.6185,-695.99,2.5866,-0.8826,3,-37.39,0.1268,0.0,0.0029,23.6443
1757726100000,short,4723.581700000001,22.131181434870054,0.8887893080289699,False,H5,chop,-164.11,0.6691,0.5995,2,4.81,0.3236,0.0,0.0307,12.472,179.45,2.087,-0.0532,2,-25.9,0.2326,0.0,-0.1581,-97.7381,15.34,1.0232,-0.1128,2,-25.9,0.1605,0.0,-0.0123,-29.3437
1757861100000,long,4589.8416,18.705925513855583,1.0098149600406456,False,H5,chop,286.82,0.7774,-0.5751,9,-992.35,0.2612,0.0,-0.245,-799.004,862.78,0.241,0.4209,2,-117.96,0.2299,0.0,0.252,432.5667,541.4,0.7851,0.731,6,-992.35,0.1065,0.0,-0.043,-492.9513
1758142800000,long,4489.813099999999,32.45010406145685,14.682057355571514,False,H5,trend,-139.65,139650000000.0,-1.2929,5,-139.65,0.5884,0.0,-0.4892,-113.3309,-517.41,1.6912,2.6199,3,-64.58,0.2256,1.0,0.1899,144.8938,-517.41,1.6912,1.5451,3,-64.58,0.1539,0.0,0.1857,306.3768
1758305700000,long,4443.4267,16.360995496382856,1.7771641645955654,False,H5,chop,-253.06,1.5756,-0.5023,10,-346.04,0.2755,0.0,-0.5276,-1509.4748,346.71,0.2289,-0.5261,0,38.29,0.3826,0.0,0.2585,167.0393,-82.48,1.0836,-0.7233,10,-346.04,0.1473,0.0,-0.2898,-1560.0658
1758548700000,long,4177.1675,22.23688050693348,-1.5000000000000004,False,H5,trend,-1165.09,180.7978,-0.1704,5,-1165.09,0.6285,0.0,-0.664,-313.8071,-343.16,1.4545,1.0013,6,-440.92,0.1621,0.0,0.0222,44.4824,-341.13,1.4499,-0.4137,6,-440.92,0.1603,0.0,0.0471,252.1352
1758776400000,long,3979.1169,31.876875801446566,1.0822658090778159,False,H5,chop,-27.06,1.6813,-1.1792,1,-27.06,0.2897,0.0,0.2049,209.1231,-250.92,1.7452,-0.4821,2,77.73,0.1357,0.0,0.0593,101.7515,-250.92,1.7452,-0.7113,2,77.73,0.1317,0.0,0.0798,279.2024
1758798900000,long,3997.3943,20.005660734888675,-1.1862635919422835,False,H5,chop,-968.9,2.0679,2.2874,7,-232.09,0.2948,1.0,-0.3568,-419.6277,-197.68,1.275,0.3899,4,-649.34,0.3089,0.0,-0.0471,-49.334,-931.74,1.3952,1.5441,5,-232.09,0.235,0.0,-0.1114,-428.1933
1758895200000,short,3971.6655,28.025507325621266,-1.15401313761345,False,H5,chop,114.49,1.388,-0.4745,1,-50.57,0.4328,0.0,-0.2795,-143.7687,-210.03,0.5771,-0.2552,3,-56.61,0.1998,0.0,-0.1849,-228.8069,-210.03,0.5771,-0.8645,3,-56.61,0.1224,0.0,-0.086,-324.828
1759377600000,long,4373.4871,18.0843168912366,-1.3219530451188355,False,H5,chop,-10.16,1.3001,-0.9637,1,-10.16,0.9104,0.0,-0.0942,-13.8562,-33.31,1.0922,0.5366,3,-96.94,0.3984,0.0,0.1759,81.5552,580.31,0.7029,1.4364,9,-264.38,0.221,0.0,-0.1119,-311.8055
1760157900000,long,3779.9487,53.06710794544712,-1.1753713501551344,False,H5,trend,38.29,0.7214,-0.8192,1,38.29,0.4499,1.0,0.2242,34.5154,47.03,0.7717,0.1977,2,-74.95,0.2349,0.0,0.1483,36.7847,21.01,0.9533,-0.7984,2,-61.79,0.1336,0.0,0.0395,49.2671
1760233500000,short,3727.991,28.630761807479757,0.6840827428834734,False,H5,chop,-14.7,0.3564,-0.6258,2,14.7,0.5627,0.0,-0.0657,-9.5209,-32.41,0.8527,-0.1768,2,-7.5,0.3269,0.0,-0.2505,-113.1374,449.0,1.8643,0.1314,2,-25.64,0.182,0.0,-0.0272,-59.9991
1760243400000,short,3812.7309999999998,29.528040215940596,-1.167902446239871,False,H5,chop,-236.81,0.4869,-0.1723,3,-31.98,0.6149,0.0,0.0801,29.6098,268.16,2.2031,-0.3062,2,-98.65,0.2889,0.0,-0.069,-55.6502,392.14,1.4754,0.1815,4,-153.13,0.2016,0.0,0.1531,442.9613
1760318100000,long,4133.045899999999,30.677210459772226,0.6560269166389204,False,H5,chop,-0.09,1.0016,-0.3834,1,-10.19,0.3451,0.0,0.1829,16.9683,8.72,0.8425,-0.9191,1,19.95,0.2167,0.0,0.0383,12.3437,58.81,0.7634,-0.5457,1,-66.93,0.09,0.0,0.1433,214.3314
1760356800000,long,4071.3291,30.802600222812845,8.141765398376739,False,H5,trend,-20.64,1.2222,-0.3215,2,-20.64,0.3852,0.0,0.077,12.2408,419.94,0.4004,0.6435,1,14.88,0.1653,0.0,0.1834,231.9489,419.94,0.4004,-0.3631,1,14.88,0.1219,0.0,0.1523,526.8562
1760449500000,long,3929.2688,34.108366731603226,1.7483988228764313,False,H5,chop,-429.41,2.0026,1.1043,1,-38.15,0.1993,0.0,-0.0576,-38.5029,-22.06,1.4807,-1.0216,3,-7.94,0.1627,0.0,0.0446,77.8026,-132.89,1.0727,0.7687,5,-1.5,0.0915,0.0,0.0173,110.8508
1760465700000,short,4127.8901,43.98756105816937,0.9436818969650935,False,H5,chop,152.52,5.0967,-0.348,3,3.57,0.537,1.0,0.3387,62.5099,272.46,3.0613,-0.1419,1,9.56,0.2277,0.0,-0.1503,-55.8622,419.77,2.8168,-0.7043,3,9.56,0.1444,0.0,0.0693,115.4283
1760704200000,short,3790.3869999999997,31.95807738118709,0.3631002457851561,False,H5,chop,-531.04,0.0839,0.2441,1,1.83,0.6333,0.0,0.2339,65.5521,1360.45,3.4296,3.5854,2,-83.67,0.2758,1.0,0.0736,40.2371,944.55,1.7025,1.3388,2,-5.97,0.2101,0.0,0.089,206.9302
1761575400000,long,4140.808300000001,23.08331341794356,0.3195388221026115,False,H5,chop,952.65,0.3596,2.6232,0,46.22,0.5841,1.0,0.3092,99.6802,-48.99,1.8123,-0.9588,5,-19.25,0.3033,0.0,-0.0136,-11.6855,228.21,0.912,2.2993,10,-42.43,0.1639,0.0,-0.0963,-385.4607
1762324200000,short,3328.5,28.254345365803076,0.4048437319468373,False,H5,chop,121.69,1522.125,-0.6988,2,-121.69,0.7204,0.0,0.2327,16.4322,14.0,1.1198,-1.2619,2,-34.54,0.3481,1.0,0.1188,32.0829,78.68,1.1383,-0.391,3,-3.84,0.2014,0.0,-0.0661,-123.7473
1762468200000,short,3314.0775000000003,23.258753212740487,0.561499545766833,False,H5,chop,-10.1,0.4679,-0.9912,1,1.86,0.4667,0.0,-0.0987,-11.3811,66.05,1.9097,-0.8411,1,34.18,0.2945,0.0,-0.2053,-89.2137,-18.41,0.9866,2.9661,4,-122.96,0.195,1.0,0.0246,35.1911
1762522200000,short,3237.2915000000003,22.658051515173327,0.928881954691803,False,H5,chop,587.93,4.4678,1.1129,8,18.34,0.2904,0.0,0.3473,153.0361,-380.58,0.7035,2.0459,2,16.1,0.3784,1.0,-0.1195,-87.1911,1518.07,1.5866,2.7861,4,-50.16,0.2103,1.0,0.139,500.1666
1763082900000,long,3195.7524999999996,30.726482776130567,0.5427072899104226,False,H5,chop,113.8,0.7214,1.3913,1,71.01,0.3876,1.0,0.1883,36.0839,-645.06,2.7739,1.1016,2,10.66,0.193,0.0,0.0627,56.52,-548.7,1.391,1.1958,5,-87.03,0.1442,1.0,0.0349,88.7456
1763102700000,long,3136.0256,34.23794323655418,-1.4999999999999818,False,H5,trend,-15.56,15560000000.0,-1.1198,2,-15.56,0.5133,0.0,-0.0232,-3.7654,-109.34,1.2646,0.2151,2,-63.19,0.0982,0.0,0.2387,536.1338,-109.34,1.2646,-0.466,3,-63.19,0.1007,0.0,0.0089,36.8825
1763332200000,short,3078.325,25.954715797076265,-1.2125195121083154,False,H5,chop,155.18,4.6385,0.4606,2,-48.98,0.4429,1.0,0.3394,29.4937,281.86,2.1992,1.6769,2,-77.45,0.3065,1.0,0.1343,40.9232,926.47,2.3685,1.954,4,-41.3,0.1319,0.0,0.1265,297.7278
1763389800000,long,3119.0119,24.894517188533502,-1.1926024685932919,False,H5,trend,-140.62,1.3011,1.3607,1,-20.37,0.5549,1.0,0.0237,5.1883,63.11,0.803,-0.5002,3,-132.43,0.1335,0.0,0.0828,373.6489,-401.25,1.2276,1.2906,4,-375.13,0.0779,0.0,0.0556,530.1834
1763436600000,long,2963.6534,33.82997722267944,13.022428695236593,False,H5,trend,-210.27,7.7763,-0.2854,7,-210.27,0.3315,0.0,-0.2815,-55.9785,-268.69,1.6837,0.1236,5,-2.23,0.1117,0.0,0.1418,308.2609,-1474.84,1.6539,2.1,3,-49.62,0.085,0.0,-0.0462,-280.2308
1763651700000,long,2968.3985000000002,26.875707495757666,-1.1187522367720082,False,H5,chop,2.3,0.883,-1.1358,4,2.3,0.3604,0.0,-0.3684,-129.0548,-732.88,2.8756,0.1678,4,-84.76,0.2192,0.0,0.0543,106.5583,524.84,0.8848,1.7623,5,-26.05,0.1316,0.0,-0.0811,-638.135
1763726400000,long,2681.3025,26.939519009566038,-1.1294283146223876,False,H5,chop,85.98,0.6602,-0.6771,0,78.44,0.4857,0.0,0.4918,140.3191,11.84,0.9666,-0.4445,4,-55.33,0.25,0.0,-0.1274,-121.968,57.58,0.9112,-0.9699,1,-131.78,0.0554,0.0,-0.0316,-344.7129
1763758800000,long,2731.7114,31.010818316599515,0.6425868274159516,False,H5,chop,-374.42,3.3824,0.4087,3,-250.74,0.3314,0.0,-0.229,-73.1509,20.3,0.7788,-0.8601,1,-8.2,0.3717,0.0,0.0195,5.0895,20.3,0.7788,-0.9456,1,-8.2,0.2144,0.0,0.0161,26.1744
1763966700000,long,2830.0504,20.910505845737813,-1.4961488244951953,False,H5,chop,-67.39,2.4238,-1.1456,1,-67.39,0.3928,0.0,-0.148,-28.8869,-650.64,2.8027,0.8628,3,24.63,0.4257,0.0,-0.2237,-130.2025,-650.64,2.8027,-0.0617,5,24.63,0.3174,0.0,-0.0637,-190.1728
1764552600000,long,2843.822,20.826197648889305,0.7223318307554623,False,H5,chop,-1801.67,4.1064,2.036,3,-7.84,0.6191,1.0,-0.351,-192.5392,-525.17,2.963,0.3439,1,0.61,0.2652,0.0,0.1288,102.8901,-3141.18,2.9729,1.0239,2,-12.45,0.2246,0.0,0.0074,35.3132
1764792000000,short,3130.8143,20.751272359984956,-1.3550471463216982,False,H5,chop,16.37,1.172,-0.3264,0,-16.37,0.973,0.0,-0.0635,-3.1945,43.26,2.8238,-1.0974,2,-25.43,0.2977,0.0,-0.0181,-9.3459,522.92,2.1049,-0.2886,7,-139.22,0.1261,0.0,0.2223,926.7947
1764830700000,short,3207.375,15.108470103004116,0.44171835485059757,False,H5,chop,-331.11,0.5138,-0.431,4,-409.44,0.4823,0.0,0.0761,86.2099,1197.74,4.5613,0.2185,3,15.0,0.5543,0.0,0.2822,300.7571,1400.85,1.9528,1.3037,5,-109.26,0.2263,0.0,0.2541,1430.1574
1764939600000,short,3133.085,15.48961030191415,-1.4999999999999858,False,H5,trend,152.74,7.7198,0.6048,1,-152.74,0.8265,0.0,0.078,3.7677,194.62,1.594,0.6041,4,-29.08,0.1948,0.0,-0.1175,-131.3338,194.62,1.594,-0.9626,4,-29.08,0.1401,0.0,-0.1341,-1033.3346
1764945900000,long,3093.4130999999998,18.267503630208832,0.5212443325143062,False,H5,chop,56.86,0.8012,-0.3519,5,-5.19,0.3344,0.0,-0.2817,-250.298,-48.63,1.4069,-0.8839,0,-19.51,0.3959,0.0,0.2873,346.7589,-955.35,3.1176,-0.391,5,-5.19,0.2582,0.0,0.0659,375.8144
1765308600000,short,3373.9694,25.003687582254788,-1.3827374528847747,False,H5,trend,11.59,1.7497,-0.8784,1,-11.59,0.8269,0.0,0.137,5.7424,71.5,1.2198,0.1092,2,-58.96,0.2124,0.0,-0.2253,-205.4649,371.75,1.9204,-0.4501,1,-2.27,0.1863,0.0,-0.1246,-279.6104
1765731600000,short,3099.1311,15.267933501391425,1.3350407834204043,False,H5,chop,-98.3,0.0594,-0.6811,2,98.3,0.4275,0.0,-0.0386,-7.3009,-29.4,0.9204,0.3217,2,1.35,0.3052,0.0,-0.2387,-267.9531,-29.4,0.9204,-0.4358,2,1.35,0.3107,0.0,-0.0634,-168.1151
1765849500000,long,2940.2334,17.11985743385381,0.6831289864442137,False,H5,chop,213.54,0.3721,-0.1371,1,3.87,0.4784,1.0,0.0287,10.3798,39.44,0.6367,-0.8479,1,-286.55,0.496,0.0,-0.0431,-18.0971,301.38,0.787,0.427,3,-178.15,0.1812,0.0,-0.0526,-190.9736
1766068200000,short,2965.1054,24.784995858330248,-1.0905805356551264,False,H5,trend,594.19,2.9082,-0.1307,2,-594.19,0.5389,0.0,0.2545,105.7547,-70.56,0.6758,-0.9983,3,-152.08,0.1405,0.0,-0.0899,-325.8742,334.34,1.1551,0.1467,3,-3288.83,0.0927,0.0,0.0244,293.4425
1766413800000,short,3059.848,13.452693315951068,-1.208149652755679,False,H5,trend,204.35,2.2602,0.4598,1,3.0,0.8791,1.0,-0.0136,-2.0732,81.83,1.4345,-0.7759,1,140.53,0.2353,0.0,-0.1756,-835.8438,978.61,1.4608,1.475,2,31.44,0.1386,0.0,-0.0045,-41.7128
1767369600000,long,3078.9206999999997,18.868184827972044,4.347227868155388,False,H5,chop,-41.5,1.1923,-0.0708,1,-42.16,0.5578,1.0,-0.0384,-14.4635,2402.32,0.3906,2.1742,1,2233.5,0.4034,0.0,0.1716,353.7738,2402.32,0.3906,1.1199,1,2233.5,0.1145,0.0,0.0874,1029.5919
1767425400000,long,3078.6666999999998,9.641641445465812,5.825330002305736,False,H5,chop,-87.0,1.5433,-0.6322,1,-87.0,0.6236,0.0,-0.0618,-31.9645,-79.49,1.5194,-0.5138,0,0.28,0.5149,0.0,0.1454,345.5895,-1400.97,2.1999,0.1781,5,-416.38,0.2152,0.0,-0.1801,-1986.7364
1768409100000,short,3387.8716,18.801021458898177,0.6719439911843615,False,H5,chop,369.79,1.9542,0.9063,1,-24.84,0.483,1.0,-0.1171,-52.5073,-2.51,0.8898,-1.3308,1,-5.75,0.2638,0.0,-0.2241,-361.7984,2732.49,2.7258,1.138,3,-106.83,0.1888,0.0,0.0297,270.8959
1768579200000,long,3260.2475999999997,14.708656210912848,3.772980931001791,False,H5,chop,6.69,0.0511,-1.4057,0,6.69,0.9245,0.0,-0.0613,-18.7461,-403.2,2.7094,-0.4692,5,-11.12,0.4502,0.0,0.0522,70.2579,-595.11,3.209,-0.6422,6,-11.12,0.3191,0.0,0.1759,998.2367
1768949100000,long,2942.9912,17.54372471853908,0.5876800876300077,False,H5,chop,481.49,0.4255,1.6812,1,-0.03,0.4588,0.0,0.0931,41.4023,928.12,0.2081,0.0465,2,-1758.61,0.3758,0.0,-0.0421,-43.2821,2180.65,0.5292,2.2192,12,653.61,0.1705,1.0,-0.0036,-36.8417
1769101200000,short,2946.233,19.487008275312455,-1.1383749174936102,False,H5,chop,29.53,1.4001,-0.491,1,-37.05,0.7372,1.0,0.1321,12.7757,-138.87,0.8452,1.0894,1,-0.85,0.4373,0.0,-0.2284,-157.2658,560.31,1.3717,2.4503,2,-233.58,0.2286,1.0,0.0491,106.6408
1769181300000,long,2900.192,15.94140698269443,11.13843258193458,False,H5,chop,-39.85,39850000000.0,-1.0666,9,-39.85,0.3674,0.0,-0.1659,-55.5804,-414.19,2.3858,0.2771,3,-145.79,0.2268,0.0,0.2344,501.2983,-414.19,2.3858,-0.4788,3,-145.79,0.1014,0.0,0.1825,1131.5457
1769461200000,long,2899.8571,15.247872068323437,1.0154899418000565,False,H5,chop,484.71,0.4442,0.3553,1,-391.45,0.8842,0.0,0.0001,0.0308,166.95,0.7275,2.5446,2,-233.75,0.3829,1.0,0.1624,70.4184,166.95,0.7275,-0.1482,2,-233.75,0.1658,0.0,0.2624,1067.3424
1769621400000,long,2997.3025,14.76543604474331,-1.500000000000011,False,H5,trend,-1.94,1.2082,-0.8543,0,-1.94,0.8797,0.0,0.1741,7.5325,481.15,0.2581,0.4289,3,-8.37,0.2383,0.0,0.0548,73.0815,454.33,0.3251,-0.4661,3,-8.37,0.1629,0.0,-0.0218,-80.3999
1769783400000,long,2727.4759,16.706960890669823,-1.500000000000024,False,H5,trend,-37.46,2.3241,-0.4329,4,-37.46,0.709,0.0,-0.2748,-18.8029,-143.28,2.7676,-0.9504,2,119.63,0.185,0.0,0.0881,238.2995,-177.37,3.1881,-1.4184,1,119.63,0.1421,0.0,0.0358,208.9141
1769951700000,short,2406.4264999999996,16.60539549919043,12.906396036886012,False,H5,chop,-14.19,0.9357,0.3005,2,-42.84,0.6142,1.0,0.0266,4.5244,94.59,2.4488,-0.5359,4,12.66,0.5754,0.0,0.1704,76.7389,203.43,1.5337,-0.4097,3,-30.18,0.2124,0.0,0.1357,485.3043
1769967900000,long,2299.7387,25.406796231243955,0.9109977516150345,False,H5,chop,359.51,0.1551,1.9693,1,51.38,0.457,1.0,0.2547,25.3298,3.43,0.9334,-1.0461,1,4.59,0.3634,0.0,0.2128,92.8519,409.7,0.8102,1.2835,0,71.49,0.214,0.0,0.1321,317.739
1770012900000,long,2192.7752,32.52537983702855,-1.0648326921400397,False,H5,chop,798.64,0.4205,2.5899,1,36.07,0.5245,1.0,-0.0461,-10.7252,-690.96,1.8618,1.3753,5,-12.75,0.213,1.0,0.0025,2.7852,778.96,0.8302,3.1124,1,155.31,0.1009,0.0,0.0457,348.0734
1770132600000,short,2306.4343,22.124600554674274,1.563368604335775,False,H5,chop,-322.0,0.6613,0.0867,10,38.39,0.2031,0.0,0.1203,388.078,411.92,3.1919,-0.5162,5,34.33,0.2514,0.0,-0.1002,-205.7556,461.72,1.3664,-0.2186,4,34.33,0.1376,0.0,0.0584,578.5659
1770253200000,long,2148.6666,25.674734271664317,-1.1773747553340954,False,H5,trend,-741.53,2.529,2.2027,1,-24.68,0.9297,1.0,-0.3451,-32.0802,155.19,0.6414,0.0532,1,-5.17,0.3111,0.0,0.1637,100.3765,282.69,0.9012,2.9546,5,-42.03,0.1321,1.0,-0.01,-39.8625
1770273900000,short,2091.3215,27.6133955719216,-1.1571343287016709,False,H5,chop,49.29,1.3544,0.2503,2,-36.64,0.5761,1.0,0.0676,5.6831,-94.51,0.2738,-1.3399,2,5.43,0.1907,0.0,-0.1873,-312.8605,1090.56,1.6198,0.5396,4,15.29,0.1961,0.0,-0.0755,-383.7858
1771204500000,short,1973.3564999999999,11.992261275276478,0.44554956463329004,False,H5,chop,-347.38,0.4315,0.515,2,-419.19,0.4721,0.0,-0.0708,-44.1176,-182.59,0.6901,1.0509,0,13.6,0.4655,0.0,-0.347,-209.812,-471.3,0.6973,1.4662,2,-419.19,0.2493,0.0,-0.0892,-268.1938
1771517700000,long,1915.8199,14.343380599266169,0.5635474438626221,False,H5,chop,21.34,0.9651,0.9331,1,13.21,0.6371,1.0,-0.1052,-44.553,-29.94,1.3684,-1.1441,2,44.3,0.4175,0.0,0.0345,36.7752,-393.42,1.4795,-0.4455,2,-26.59,0.2152,0.0,-0.0584,-262.0756
1771849800000,long,1912.2125,8.65788577878337,-1.4999999999999876,False,H5,trend,947.44,0.2361,1.3917,0,947.44,1.0,1.0,0.3632,129.49,-1060.39,5.2102,-0.2394,4,-308.58,0.2886,0.0,-0.0717,-370.2059,-0.96,1.0005,0.4863,4,-308.58,0.2549,1.0,-0.0199,-161.2657
1772043300000,long,2061.7765,16.634190696813302,1.9461425579004037,False,H5,trend,-37.36,3.256,-1.0365,2,-37.36,0.7863,0.0,-0.166,-110.5705,-1680.13,6.111,0.9104,3,14.05,0.2893,0.0,0.0927,185.4349,-1789.14,2.1796,0.2179,3,-97.8,0.2435,0.0,-0.0507,-339.6011
1772134200000,short,2025.1051,15.633140679174467,-1.1521387011427535,False,H5,chop,-186.19,0.5875,0.3112,0,458.9,0.6022,1.0,-0.3886,-109.7802,-34.13,0.9582,0.4348,2,-106.93,0.3983,0.0,-0.2727,-251.4504,1644.96,1.4383,1.8629,6,-102.65,0.2251,1.0,0.2078,1612.6689
1772350200000,long,1998.9249,13.31569818494583,0.7163371138559103,True,H5,chop,-48.29,1.2405,0.4136,1,-10.47,0.9501,1.0,0.1539,19.0572,92.36,0.6087,-0.3894,0,-14.38,0.6394,0.0,0.2497,220.7169,264.79,0.6326,-0.3572,2,-74.73,0.4353,0.0,0.0883,219.5266
1772475300000,long,2031.3078999999998,21.07282590039342,-1.1135561146468063,True,H5,chop,-38.35,1.9751,-0.8893,2,-12.76,0.6026,0.0,0.2129,34.1487,159.85,0.5423,-0.3558,1,-32.39,0.6444,0.0,0.0785,29.2908,-224.92,1.1194,0.5819,1,-56.63,0.3952,0.0,0.0244,58.4596
1772640000000,short,2153.4529,21.232950826523197,-1.136233122578761,True,H5,trend,-95.05,0.9741,2.8067,7,-442.0,0.3044,1.0,0.2179,595.8051,101.06,1.0659,0.2987,1,-10.62,0.2248,0.0,-0.186,-799.1141,101.06,1.0659,-0.3771,1,-10.62,0.2128,0.0,-0.0689,-578.2639
1772730000000,short,2087.349,17.57217801911952,2.3871664728801565,True,H5,chop,-9.22,0.5673,-0.9105,1,9.22,0.9828,0.0,0.2676,38.6224,186.86,3.5126,-1.2871,2,-45.73,0.2445,0.0,-0.0536,-88.4142,186.86,3.5126,-1.1006,2,-45.73,0.2215,0.0,-0.0572,-309.516
1772738100000,short,2088.2005,15.09571411276795,1.9934532618208094,True,H5,chop,381.94,1.5868,2.5698,1,-65.22,0.4491,1.0,0.0591,31.4798,703.21,5.0026,0.4547,3,10.71,0.3023,0.0,-0.0901,-95.8093,1085.15,2.3129,0.2595,3,10.71,0.2737,0.0,-0.0478,-165.1131
1773072000000,short,2027.2820000000002,12.86922929043613,-1.4350008052697236,True,H5,chop,-190.27,0.7172,1.4005,1,117.49,0.6995,1.0,0.0805,28.1035,539.42,1.712,1.3987,2,-26.18,0.4186,1.0,0.0626,68.8068,826.91,1.2431,1.8848,4,-1149.89,0.338,1.0,0.0122,66.436
1773412200000,short,2196.1585999999998,15.684091948622005,7.634105168470402,True,H5,trend,-124.48,0.7268,-0.5667,6,0.18,0.3752,0.0,0.0879,114.532,138.78,1.3125,-0.597,1,-16.32,0.2649,0.0,-0.1822,-727.9848,125.74,1.0454,0.4758,6,0.18,0.1456,0.0,-0.0572,-1004.8666
1773670500000,short,2296.6418999999996,16.528312992124853,0.8445358450270164,True,H5,chop,-199.79,0.8347,1.8422,1,4.48,0.4455,1.0,-0.1373,-104.036,-429.81,0.7031,1.4152,1,-39.33,0.2709,1.0,-0.2206,-394.4631,366.0,1.0935,2.0873,1,4.48,0.1365,1.0,-0.075,-809.5194
1773705600000,long,2347.8581999999997,17.69244718902289,-1.2515091030069985,True,H5,trend,-32.22,9.615,-0.8419,1,-32.22,0.9793,0.0,-0.0831,-9.0214,210.21,0.7209,-0.2651,2,-71.77,0.2653,0.0,0.1845,599.1455,168.65,0.9125,-0.0918,2,-71.77,0.1657,0.0,0.0767,618.1022
1773933300000,short,2133.3758,16.288217064967306,-1.204183248225213,True,H5,trend,-2.91,0.3632,-1.3892,0,2.91,0.7256,0.0,-0.2552,-61.4192,586.74,3.9809,-0.0558,6,-98.83,0.2879,0.0,0.0555,94.4272,2865.61,4.5585,0.9647,5,-952.25,0.1777,0.0,0.0767,564.9833
1774017900000,short,2136.9701999999997,13.404847993380164,0.362545369590763,True,H5,chop,-227.02,0.5606,1.6582,0,-27.45,0.5466,1.0,-0.1803,-51.4955,1325.81,4.5517,0.0795,4,49.37,0.3519,0.0,-0.0332,-78.8371,-479.99,0.8797,0.4605,2,66.6,0.1988,0.0,0.0888,1317.8874
1774858500000,short,2062.6259999999997,9.798381948514928,-1.236048975411775,True,H5,chop,46.9,1.1669,0.4077,1,-4.51,0.8968,0.0,0.1021,28.2904,-142.24,0.7764,-0.1986,0,208.99,0.6915,0.0,-0.334,-367.5484,-204.43,0.919,0.7009,3,-55.5,0.319,0.0,-0.0343,-226.3088
1774870200000,short,2066.8765,8.890581014711652,-1.0874010306539716,True,H5,chop,123.71,1.1466,-0.9818,2,-518.35,0.2251,0.0,0.1272,849.9996,1269.73,1.5981,2.1949,1,-286.78,0.5502,1.0,0.0368,94.2548,682.84,1.1768,1.2878,5,-518.35,0.2176,0.0,0.179,2616.6344
1775079900000,short,2162.8843,10.553775984068128,17.407508892178182,True,H5,chop,8.72,8720000000.0,-1.1895,1,-8.72,0.9962,0.0,-0.3812,-82.5496,288.98,1.594,-0.0452,3,-230.76,0.497,0.0,0.1643,307.0541,288.98,1.594,-0.4552,3,-230.76,0.4436,0.0,-0.006,-36.9375
1775479500000,short,2152.1949,7.9747454848949335,1.2854901237490837,True,H5,chop,93.13,1.6331,0.6906,1,-30.92,0.9521,1.0,0.0177,2.4603,672.19,2.4422,0.1871,3,-172.39,0.4333,0.0,-0.0441,-109.2925,1409.66,2.3658,0.2009,3,-172.39,0.4559,0.0,-0.044,-234.0539
1778116500000,long,2325.974,8.11331540761611,0.39074333727855903,True,H5,chop,422.2,0.3432,0.1681,0,122.47,0.7968,1.0,0.2702,153.3331,605.39,0.3722,1.3665,1,-39.85,0.3974,1.0,0.2094,260.4669,2261.41,0.4671,1.0954,3,-222.5,0.2517,0.0,-0.0852,-962.3883
1778731200000,long,2239.6933,7.333164137280036,4.542187760798141,True,H5,chop,-969.53,2.609,0.7207,3,-56.41,0.767,1.0,-0.5542,-655.676,79.34,0.7834,0.6025,0,-58.62,0.4758,0.0,0.1054,79.72,79.34,0.7834,-0.4749,0,-58.62,0.3607,0.0,0.1534,432.8882
1780069500000,short,2031.6737,10.77320077892395,0.6807144404065895,True,H5,chop,-779.68,0.6266,0.785,1,-179.84,0.3546,0.0,-0.2078,-808.8803,-185.64,0.9251,0.2594,1,2.41,0.5913,0.0,-0.3083,-1028.8846,6909.5901,2.2952,2.507,7,-931.64,0.1672,0.0,0.1319,3792.0597
1780450200000,short,1867.9499999999998,14.609113525007464,-1.4142067393877253,True,H5,trend,5.86,1.4393,-0.7998,2,-5.86,0.9143,1.0,0.2888,33.4264,-28.84,0.9086,-0.2818,1,-56.29,0.3837,0.0,-0.1225,-139.1446,-22.98,0.9301,-1.5875,1,-56.29,0.2378,0.0,-0.0296,-111.2107
1780591500000,short,1777.3924,13.390248370775417,0.8897991335715802,True,H5,chop,548.92,4.6597,0.7485,1,-217.68,0.8685,1.0,0.1501,35.7424,-385.32,0.3642,0.4539,2,-111.93,0.4863,1.0,-0.1799,-114.6185,293.72,1.2874,-0.1749,2,-111.93,0.3546,0.0,-0.1698,-574.4031
1780632900000,long,1722.7853,12.29948354840972,-1.1384850278343903,True,H5,trend,0.04,0.8889,-1.4264,1,0.04,0.6,0.0,-0.2893,-74.3039,-631.11,2.5477,-0.0634,2,-419.23,0.3291,0.0,-0.1765,-411.275,-659.85,1.4642,0.2765,1,-113.05,0.2009,0.0,-0.0293,-211.4902
1780682400000,short,1595.8166999999999,19.528984959374572,7.88314601688655,True,H5,chop,-101.02,0.0558,-1.413,0,101.02,0.6626,0.0,-0.2949,-96.644,227.15,1.3125,-0.2379,1,9.24,0.5333,0.0,0.0491,55.6829,227.15,1.3125,-1.0069,1,9.24,0.1218,0.0,-0.1343,-1696.1158
1781703000000,long,1755.9874,8.348211665329785,1.3881210771583508,True,H5,chop,-38.53,1.1199,-0.0013,0,-20.81,0.9219,1.0,-0.1094,-44.7006,-442.97,2.0025,-0.3147,2,10.11,0.3281,0.0,0.2234,821.0609,-908.43,1.6489,-0.1819,1,0.61,0.2387,0.0,0.115,988.0547
1781804700000,short,1682.6218,10.523813692211709,-1.217237565975109,True,H5,chop,-41.2,0.6357,-1.0872,1,41.2,0.97,0.0,0.0246,14.4254,-372.97,0.6033,0.6543,3,-10.22,0.5052,0.0,-0.0979,-109.1021,-1447.63,0.7817,1.4542,0,4.53,0.3323,0.0,-0.0937,-975.8782
1750611600000,long,2190.3894999999998,21.56570331553284,-1.1269602402917203,False,H21,trend,-153.87,1.8223,-0.0374,1,5.4,0.4368,0.0,0.2132,58.4929,128.82,0.6739,-0.8899,2,-11.66,0.1982,0.0,0.174,436.4583,239.87,0.8848,0.2453,2,-85.34,0.2076,0.0,0.0339,191.53
1752707700000,long,3348.862,24.709051677434687,0.6909346747177789,False,H21,chop,-177.43,1.9766,0.0403,1,-177.43,0.6334,0.0,-0.0319,-5.4227,-9.2,1.0221,-0.3812,1,-22.2,0.1634,1.0,0.1988,227.6708,158.08,0.7465,-1.0482,1,-22.2,0.1769,0.0,0.0536,158.395
1753361100000,long,3624.638,23.291347478502033,-1.1945270665075065,False,H21,trend,20.82,0.9534,0.3385,2,-6.37,0.4787,1.0,-0.3026,-117.7343,-229.79,3.0816,-0.4933,1,-66.37,0.2158,0.0,0.4237,315.3313,-352.96,1.631,-0.5492,4,-6.37,0.183,0.0,-0.089,-424.2782
1753386300000,long,3726.9346,24.045882549318044,-1.1937407886961582,False,H21,chop,-105.36,1.2943,-0.0414,3,-192.54,0.4755,0.0,-0.3593,-138.3459,-51.92,1.881,-1.0094,2,-482.44,0.3279,0.0,-0.0559,-61.0113,-395.71,1.4592,-0.3835,3,-192.54,0.1947,0.0,-0.1841,-775.4172
1753722900000,long,3781.0249000000003,21.119348902994098,-1.2237891493108493,False,H21,chop,-135.64,238.9649,-1.1086,7,-135.64,0.3543,0.0,-0.5258,-155.5526,-267.67,2.1512,-0.7033,2,-250.57,0.237,0.0,-0.0898,-152.0374,-403.81,2.7367,-1.1871,3,-250.57,0.188,0.0,-0.1097,-387.2288
1754891100000,long,4298.774600000001,20.24435558944309,-1.2654304418957185,False,H21,chop,-123.22,56.2556,-0.9767,7,-123.22,0.5345,0.0,-0.5467,-113.3126,267.03,0.8091,1.2087,2,-246.41,0.3334,0.0,0.0141,17.6247,143.81,0.8973,0.8575,2,-246.41,0.1594,0.0,-0.0768,-277.9683
1754935200000,long,4269.240400000001,29.205060711819698,-1.1827269099920135,False,H21,chop,-8.31,1.2446,-2.165,2,-8.31,0.4493,0.0,-0.0244,-2.3746,-397.86,1.4025,0.351,6,-55.95,0.1604,0.0,-0.3018,-729.743,-397.86,1.4025,-0.7447,12,-55.95,0.1399,0.0,-0.1227,-693.5836
1755525600000,long,4276.190699999999,33.395935431141865,1.0868458524642732,False,H21,chop,-79.36,79359999000.0,-1.0798,8,-79.36,0.2434,0.0,-0.4608,-611.3025,-460.21,1.3798,2.1466,3,-160.22,0.1264,1.0,0.1003,189.8833,-460.21,1.3798,-0.0956,3,-160.22,0.1234,0.0,0.0555,315.9085
1756076400000,long,4778.098,42.64595588695491,-1.1400513220018336,False,H21,trend,470.48,0.3281,1.4297,1,58.84,0.4144,0.0,0.2832,46.7939,-798.45,2.8687,1.9857,6,72.6,0.1806,0.0,0.1079,67.9868,-767.56,1.996,0.3832,5,-38.28,0.1458,0.0,-0.0553,-86.9339
1756125000000,long,4606.1466,28.67513068920296,-1.2007901310862361,False,H21,trend,0.43,0.0,-1.3113,1,0.43,0.5074,0.0,0.3811,208.5992,829.92,0.3882,1.2003,4,-10.66,0.239,1.0,0.1754,212.2512,1740.62,0.5177,2.4409,2,-9.34,0.1414,1.0,0.2219,977.9948
1758142800000,long,4488.5424,32.45010406145685,5.143855779852258,False,H21,trend,-139.65,139650000000.0,-1.2929,5,-139.65,0.5884,0.0,-0.4892,-113.3309,-872.7,2.7486,2.3362,3,-64.58,0.2256,1.0,0.1899,144.8938,-872.7,2.7486,1.3353,3,-64.58,0.1539,0.0,0.1857,306.3768
1758517200000,long,4282.5401999999995,18.234252686032043,-1.2935779898509683,False,H21,chop,8.24,0.2975,-0.8786,1,8.24,0.9077,0.0,-0.1656,-23.1263,-116.02,1.1257,1.7871,1,-579.5,0.4183,1.0,-0.0341,-22.9063,-891.78,1.681,2.2538,24,-51.12,0.1051,1.0,-0.4183,-2665.9316
1758548700000,long,4177.002200000001,22.23688050693348,-1.2348014933287121,False,H21,trend,-1165.09,180.7978,-0.1704,5,-1165.09,0.6285,0.0,-0.664,-313.8071,-343.16,1.4545,1.0013,6,-440.92,0.1621,0.0,0.0222,44.4824,-341.13,1.4499,-0.4137,6,-440.92,0.1603,0.0,0.0471,252.1352
1758680100000,long,4163.963,15.251625425657142,-1.3412720680409693,False,H21,chop,-598.69,4.7517,2.1876,8,-598.69,0.4202,0.0,-0.3337,-126.2357,-699.97,2.0231,1.2822,4,-505.01,0.4424,0.0,-0.1346,-142.2471,-1093.01,1.664,1.8273,7,-23.9,0.264,0.0,-0.2036,-682.4066
1759411800000,long,4390.478,14.792081417887749,1.218160226471559,False,H21,chop,119.33,0.3359,0.0046,4,-26.77,0.6039,1.0,0.0058,0.8484,-215.67,1.3021,0.4727,1,39.29,0.2923,0.0,0.1337,239.1435,-137.76,1.0723,0.5021,4,-5.0,0.1532,0.0,0.1734,1574.0503
1759886100000,long,4458.6259,22.430014796438318,0.8246643473207622,False,H21,chop,-219.92,5.9677,1.8682,2,-30.45,0.4867,1.0,-0.1436,-11.424,5.52,0.9167,-0.6831,3,-110.58,0.335,0.0,0.3678,221.8991,-214.4,2.9399,-0.8373,4,-110.58,0.2089,0.0,0.1279,169.5942
1760318100000,long,4133.045899999999,30.677210459772226,0.5636756869351918,False,H21,chop,-0.09,1.0016,-0.3834,1,-10.19,0.3451,0.0,0.1829,16.9683,8.72,0.8425,-0.9191,1,19.95,0.2167,0.0,0.0383,12.3437,58.81,0.7634,-0.5457,1,-66.93,0.09,0.0,0.1433,214.3314
1760449500000,long,3930.7504,34.108366731603226,3.8887632833237453,False,H21,chop,-48.83,1.0948,0.6461,1,-38.15,0.1993,0.0,-0.0576,-38.5029,12.36,0.37,-1.1078,3,-7.94,0.1627,0.0,0.0446,77.8026,488.97,0.678,0.0003,5,-1.5,0.0915,0.0,0.0173,110.8508
1761051600000,long,3861.3549999999996,19.487966748453406,0.9914426531883718,False,H21,chop,-261.89,261890000000.0,-0.7905,7,-261.89,0.4139,0.0,-0.5566,-522.6589,-703.24,4.0618,-0.1589,3,-48.25,0.165,0.0,-0.1195,-272.7529,-1461.11,3.8358,-0.2175,4,-415.43,0.1365,0.0,-0.1557,-1124.1942
1761067800000,long,3997.5045,37.98921020776396,-1.1315342066253,False,H21,trend,37.31,0.8028,-0.9115,1,-10.03,0.2317,0.0,0.5546,529.2113,325.98,0.7293,1.6403,2,-30.56,0.173,0.0,0.2069,216.0921,260.11,0.8192,-0.2915,9,-71.03,0.0709,0.0,0.0154,99.9371
1761149700000,long,3815.2473,32.37986241195252,0.7498556055796289,False,H21,chop,86.71,0.2724,-0.806,7,86.71,0.3582,0.0,-0.3579,-66.9537,-624.47,3.5605,1.0324,7,-231.23,0.1796,1.0,-0.2304,-174.7104,-1092.35,1.4221,1.7159,7,-25.65,0.1132,0.0,-0.0722,-377.3651
1762196400000,long,3620.6764999999996,26.308696044007196,-1.1720285040896579,False,H21,chop,-230.9,7.5615,-0.2099,4,-230.9,0.5283,0.0,-0.3267,-43.5635,-888.03,2.4046,0.9416,4,-290.94,0.3045,0.0,-0.2101,-188.324,-1145.58,2.6401,0.7117,4,-290.94,0.1794,0.0,-0.0161,-35.1302
1762463700000,long,3297.228,25.10581901056291,-1.164166522441111,False,H21,trend,3.77,0.4006,-0.9519,4,3.77,0.6036,0.0,-0.5384,-52.7304,-9.38,1.0778,-0.5888,1,-8.64,0.3135,0.0,0.1411,67.9842,55.45,0.7394,-0.7415,1,-3.88,0.205,0.0,0.0322,51.2351
1762745400000,long,3627.9147,20.12064374716718,-1.225385103577434,False,H21,chop,-144.14,2.1267,0.5687,1,75.14,0.752,0.0,0.0915,8.2791,1085.45,0.2119,1.5719,1,-48.16,0.4602,1.0,0.399,203.6386,812.0,0.6372,2.1416,1,-77.71,0.2674,1.0,0.0922,167.8177
1764772200000,long,3059.188,21.65894943921391,8.702915879138764,False,H21,trend,45.03,0.0663,-0.7311,0,45.03,0.7057,0.0,0.2005,91.612,-413.84,2.2241,-0.2788,2,67.79,0.0917,0.0,-0.018,-101.2274,679.87,0.7699,1.4367,1,-193.38,0.0539,0.0,-0.0373,-616.1591
1764789300000,long,3115.3900000000003,21.85109301583919,2.0230753049571595,False,H21,chop,-11.24,1.0673,0.2063,3,-0.07,0.486,0.0,-0.1759,-26.9392,69.29,0.5372,-1.0341,1,16.33,0.3311,0.0,0.2053,62.487,220.31,0.854,1.9144,1,48.55,0.285,0.0,0.0768,100.0298
1764936900000,long,3120.6445000000003,15.414720377083478,-1.253057177138233,False,H21,chop,-1.67,1.0451,-1.0339,3,-1.67,0.5655,0.0,-0.3145,-78.3459,-200.83,1.9813,-0.5996,2,-214.58,0.4673,0.0,-0.3194,-217.3007,-67.74,1.1182,-0.4342,1,-214.58,0.3139,0.0,-0.0787,-162.025
1765568700000,long,3062.5937999999996,21.956901790961087,2.209268019845882,False,H21,chop,-86.81,2.0857,-0.5541,2,-86.81,0.5546,0.0,0.1565,32.9477,-220.87,3.3683,-0.3736,1,-322.09,0.6055,0.0,0.2268,99.1784,-220.87,3.3683,-1.2466,1,-322.09,0.2876,0.0,0.0921,188.144
1765849500000,long,2939.8431,17.11985743385381,0.8325945713959658,False,H21,chop,213.54,0.3721,-0.1371,1,3.87,0.4784,1.0,0.0287,10.3798,39.44,0.6367,-0.8479,1,-286.55,0.496,0.0,-0.0431,-18.0971,301.38,0.787,0.427,3,-178.15,0.1812,0.0,-0.0526,-190.9736
1768529700000,long,3296.5965,12.093670118952168,-1.3407357389831844,False,H21,chop,-256.28,1424.7778,-0.6965,1,-256.28,0.8355,0.0,-0.4676,-60.3183,156.99,0.6524,-0.1858,5,-248.63,0.4974,0.0,-0.287,-427.7213,-140.92,1.2417,-0.1379,5,-248.63,0.2986,0.0,-0.3141,-910.0091
1769112000000,long,2946.233,16.82199783393041,-1.2189271028540805,False,H21,chop,51.09,0.1648,-1.0371,0,51.09,0.7308,0.0,0.2369,17.3457,296.01,0.5955,0.3827,1,-196.97,0.4198,0.0,0.0799,57.536,278.51,0.626,-0.3108,3,652.22,0.3881,0.0,0.1153,352.2007
1771520400000,long,1920.8462,13.75652593898972,0.45280490287246067,False,H21,chop,-47.24,4.2027,-0.6233,3,83.2,0.7734,1.0,0.0514,8.1605,347.83,0.3973,0.4905,1,68.66,0.3529,0.0,0.4422,287.7718,469.11,0.4894,-0.6496,2,-8.68,0.1914,0.0,0.0228,135.6651
1772476200000,long,2029.3014,20.4290526217939,-1.1241676154524132,True,H21,chop,44.05,0.3308,-1.0678,1,44.05,0.6534,0.0,0.2118,34.2654,-110.21,1.9589,-0.9936,0,33.88,0.4581,0.0,0.2351,161.2977,230.63,0.8444,0.0344,1,-56.63,0.3952,0.0,0.0244,60.3019
1772485200000,long,2029.6329999999998,17.77931799114325,0.8494383782994437,True,H21,chop,-323.49,323490001000.0,-0.4423,3,-323.49,0.5649,0.0,-0.1659,-42.3025,-101.43,1.1377,0.8437,1,-9.71,0.5038,0.0,0.0835,51.6133,-101.43,1.1377,-0.1584,1,-9.71,0.3978,0.0,-0.0443,-95.6229
1772659800000,long,2147.2025000000003,16.318715113204384,0.47941974699358686,True,H21,chop,-77.39,1.1834,1.7093,0,174.9,0.842,1.0,0.2335,28.9294,-54.67,1.2489,-0.2875,2,-69.72,0.5123,0.0,0.0331,13.5096,-56.08,1.0374,0.0521,1,16.2,0.2984,1.0,-0.0376,-103.0492
1773678600000,long,2279.3328,17.28260340599668,3.3586072998632828,True,H21,trend,131.95,0.7165,1.0463,0,7.58,0.6315,1.0,0.3436,80.3276,270.25,0.3469,-0.5867,0,-56.38,0.3575,0.0,0.1399,108.523,1373.76,0.4201,0.1402,1,-152.73,0.3233,0.0,0.0521,292.5456
1773709200000,long,2347.8581999999997,19.102970485362402,-1.1536317481225669,True,H21,trend,-6.93,1.1686,-1.1062,0,29.97,0.4096,0.0,0.3417,43.5943,-86.64,1.7979,-0.8626,1,18.97,0.2782,0.0,0.2096,277.4281,-86.64,1.7979,-1.3447,3,18.97,0.1999,0.0,-0.0256,-111.8439
1773754200000,long,2319.1282,12.503182961078167,-1.2318537814750254,True,H21,trend,272.03,0.4129,1.4493,1,-12.16,0.8389,1.0,0.2884,44.1999,-116.83,1.5299,-0.7367,2,76.92,0.284,0.0,0.0126,53.3904,431.45,0.8505,1.0238,2,-5.85,0.153,0.0,-0.0238,-228.7002
1774558800000,long,2061.8248000000003,10.73529551918721,0.78356028656113,True,H21,chop,366.34,0.254,-0.5994,0,366.34,1.0,1.0,0.2271,56.5574,-248.64,1.2912,0.224,1,23.76,0.5594,1.0,0.0688,90.5946,-248.64,1.2912,0.1537,1,23.76,0.2861,0.0,0.0442,135.6581
1775034900000,long,2129.8278,10.093133960103088,-1.263771863181811,True,H21,chop,-93.43,5.0835,-0.6305,2,-93.43,0.9268,0.0,-0.2431,-39.4971,-198.5,1.3372,0.1336,3,-536.85,0.5636,0.0,-0.3017,-309.5074,-215.88,1.2225,-0.4911,3,-617.1,0.412,1.0,-0.1364,-532.1291
1776087900000,long,2183.8253999999997,9.550134358838235,29.609739357161835,True,H21,trend,109.32,0.2185,-0.8349,0,-16.24,0.5936,0.0,0.3677,348.9532,-146.76,1.4867,-0.731,1,-90.02,0.2477,0.0,0.0232,155.6512,-889.67,1.7953,-0.1387,2,-218.24,0.2095,0.0,0.019,245.1536
1776221100000,long,2318.1368,9.678645591477071,1.1827879695013923,True,H21,chop,17.6,0.783,-0.5188,0,17.6,0.9187,0.0,0.1339,15.06,-543.8,2.4829,2.3133,3,-489.58,0.5143,1.0,-0.2729,-159.4882,-1159.83,1.4934,2.9549,9,-1216.12,0.3709,1.0,-0.3315,-1259.1421
1776643200000,long,2259.6499999999996,11.015542698102902,5.021041958546241,True,H21,chop,-36.5,2.9261,-1.0273,1,-36.5,0.7878,0.0,-0.0466,-4.7969,-41.11,1.2406,-0.6897,1,-41.34,0.5116,0.0,0.2357,454.4324,-41.11,1.2406,-1.0455,1,-41.34,0.2935,0.0,0.1078,553.5288
1777992300000,long,2376.0095,9.35809456053516,-1.3173735695645854,True,H21,chop,84.32,0.6306,-0.1639,0,4.04,0.8292,1.0,-0.0074,-2.6052,-37.65,1.1364,-0.1925,1,-38.74,0.506,0.0,0.1973,140.9069,-2006.19,2.6487,0.5036,2,-33.81,0.2664,1.0,-0.1757,-1560.2012
1778022000000,long,2364.6289,9.225241321038437,-1.320402038509189,True,H21,chop,3.17,0.1913,-0.6949,1,3.17,0.9191,1.0,-0.1042,-41.6705,-238.24,1.4907,0.7067,2,-4.6,0.6025,1.0,-0.1243,-91.8111,-213.85,1.2203,-0.3777,1,4.69,0.3633,0.0,-0.0019,-9.7992
1781616600000,long,1795.4355,10.618668016320955,-1.2113536623944285,True,H21,chop,-53.07,2.6773,-0.929,4,-53.07,0.8399,0.0,-0.3686,-185.2285,70.45,0.9172,-0.1685,2,22.34,0.4106,0.0,-0.1709,-411.3953,-1146.89,1.5806,0.3359,3,28.16,0.2961,0.0,-0.1968,-2047.8067
1781664300000,long,1793.5797,7.88138084308573,-1.2844646984629442,True,H21,chop,72.96,0.5524,-0.7796,0,13.71,0.8189,0.0,0.3831,238.9429,-334.65,1.8459,0.8064,2,-29.53,0.8568,1.0,0.027,13.5712,1247.89,0.6037,1.8052,2,-446.87,0.2307,1.0,0.0872,688.5354
1750553100000,short,2301.805,30.558445064066177,3.6943021728795324,False,H21s,chop,246.45,2.3799,-0.4804,4,-55.32,0.4698,0.0,0.0671,26.324,251.01,3.2268,-1.0336,2,12.41,0.3121,0.0,-0.0339,-23.2463,1572.07,1.5628,0.5535,1,59.52,0.1035,0.0,-0.0958,-1028.9617
1750572900000,short,2296.3941,17.14113020313713,4.852902712998606,False,H21s,chop,-34.58,0.5309,-0.8069,5,34.58,0.7146,0.0,0.3616,62.6866,1087.55,3.8786,0.9766,6,-724.33,0.5178,0.0,0.1743,129.1338,1087.55,3.8786,-0.4969,6,-724.33,0.4245,0.0,0.0017,4.5475
1751992200000,short,2576.1728999999996,10.952333789999788,-1.2940209992449427,False,H21s,chop,217.59,1.1427,2.1831,4,-49.49,0.4751,1.0,0.3336,492.9187,-836.92,0.4288,0.2221,2,-91.15,0.3127,0.0,-0.0046,-13.4273,-562.68,0.8402,1.7391,2,-140.64,0.23,0.0,0.1121,865.1964
1752240600000,short,2998.0816000000004,17.50818749258473,-1.2140485416658489,False,H21s,chop,-76.48,0.8864,1.0928,1,-10.19,0.651,1.0,-0.0923,-30.2721,-366.49,0.7719,0.7711,2,-162.94,0.2306,0.0,-0.0315,-96.1487,814.37,1.2303,1.4279,3,-36.97,0.2019,0.0,0.0561,462.6527
1752543900000,short,2997.205,15.355275341093982,1.0634735085449232,False,H21s,chop,-13.21,0.8037,-1.4462,2,13.21,0.4553,0.0,0.1196,69.0043,-740.56,0.4878,0.6639,1,30.19,0.2629,0.0,-0.3938,-1172.429,-740.56,0.4878,-0.9485,1,30.19,0.1326,0.0,-0.2369,-2441.3896
1753287300000,short,3613.4646000000002,26.12432446820775,0.5039720653583122,False,H21s,chop,-758.05,0.0858,0.1669,2,-57.9,0.2761,0.0,-0.2175,-193.3776,488.42,1.9814,0.1936,1,-184.61,0.2911,0.0,-0.0837,-107.6476,-269.63,0.7968,0.3232,1,56.85,0.1073,0.0,-0.1407,-838.9254
1753299900000,short,3606.5049,22.044252755130433,0.7370560323053656,False,H21s,chop,4.3,1.1215,-1.1778,2,-4.3,0.6689,0.0,-0.1139,-16.1121,240.18,2.3342,0.0474,3,-610.28,0.1956,0.0,-0.0841,-64.8858,653.32,1.5717,1.0686,3,-165.82,0.1665,0.0,-0.1099,-304.7919
1753465500000,short,3640.1156,23.924303742907995,-1.1901892129817477,False,H21s,chop,95.72,2.0063,-0.166,3,-95.72,0.5326,0.0,0.3553,52.4818,-316.6,0.6469,2.1396,1,8.26,0.4207,1.0,-0.0318,-12.1533,-1261.81,0.542,1.2276,4,-22.1,0.2329,0.0,-0.088,-275.7514
1753736400000,short,3793.1784,22.235621603371168,-1.2132377086000183,False,H21s,chop,14.39,14390000000.0,-1.2427,2,-14.39,0.8341,0.0,-0.0105,-1.9577,204.12,2.4992,-0.3714,2,-15.0,0.3147,0.0,0.0255,13.4019,66.94,1.0774,0.241,2,-270.01,0.1839,0.0,-0.0214,-46.4332
1753878600000,short,3781.6947,18.880638551191968,1.0537669329997474,False,H21s,chop,240.43,2.8486,-1.052,3,-240.43,0.4003,0.0,-0.1067,-56.0447,-302.4,0.3894,-0.8532,1,-112.47,0.2565,0.0,-0.1691,-264.7781,-302.4,0.3894,-1.2045,2,-112.47,0.1832,0.0,-0.077,-440.9237
1753884900000,short,3781.014,19.502545789108012,-1.242341053886387,False,H21s,chop,-128.43,0.4537,0.292,0,128.43,0.5054,0.0,-0.1285,-26.5704,41.42,1.0973,0.0352,0,-332.39,0.3274,0.0,-0.0662,-50.4785,225.73,1.2317,0.3354,9,43.87,0.1317,0.0,0.1353,845.7198
1753982100000,short,3795.4408,19.19127278886666,6.479301338408509,False,H21s,chop,2500.34,7.1106,2.3273,4,-549.49,0.6713,1.0,0.5284,282.6441,-22.18,0.8974,-0.7214,3,6.36,0.2552,0.0,-0.1506,-232.0977,2206.02,2.9583,1.226,3,-23.47,0.1511,0.0,-0.0751,-376.1965
1753997400000,short,3753.1023999999998,20.09096371079701,4.3781008384081135,False,H21s,chop,547.24,547240010999.9999,0.0375,7,-547.24,0.413,0.0,0.4631,149.0332,432.63,4.7774,-0.5353,2,-84.21,0.3246,0.0,0.0146,11.1359,789.03,7.8893,-0.9006,3,-84.21,0.1491,0.0,-0.0894,-464.0634
1754411400000,short,3588.8427,23.394334206635932,-1.1917581126855699,False,H21s,chop,127.35,130.949,-0.6949,2,-127.35,0.641,0.0,0.4241,113.5848,2.84,1.0043,-0.0976,1,-39.14,0.2345,0.0,-0.3306,-658.7775,2.84,1.0043,-1.1634,1,-39.14,0.1913,0.0,-0.0968,-481.9329
1754670600000,short,3966.6805,23.980721739335344,-1.2067640281596217,False,H21s,chop,-72.99,0.1217,-0.9789,3,-28.78,0.4396,0.0,-0.0353,-16.6067,-2.64,0.9851,-0.6437,1,-84.04,0.5227,0.0,-0.2159,-128.7693,-790.97,0.7167,1.0428,3,-28.78,0.2303,0.0,-0.075,-246.0802
1754822700000,short,4214.893,19.75865599865091,0.8699087398879614,False,H21s,chop,88.6,20.1361,-1.1341,4,-88.6,0.5458,0.0,0.3181,58.9645,150.79,1.3306,0.7964,3,-12.91,0.2963,0.0,-0.2068,-183.0995,-442.25,0.8401,2.6963,8,-247.27,0.1695,1.0,-0.192,-819.7511
1755870300000,short,4309.8931999999995,27.050120462422488,-1.19916238478435,False,H21s,chop,-113.93,0.8545,0.7926,5,-286.13,0.1323,0.0,0.0451,101.1574,-822.0,0.6564,1.7921,1,-0.89,0.2256,0.0,-0.2363,-565.5794,-935.93,0.7052,1.6649,3,-286.13,0.109,0.0,-0.0352,-281.2945
1756094400000,short,4732.5027,32.21959052128571,4.24560335094032,False,H21s,trend,-256.35,0.5424,0.8339,1,-85.92,0.2343,0.0,-0.5609,-269.1546,91.06,1.4356,0.0952,2,-1.33,0.1967,0.0,-0.3097,-148.6363,91.06,1.4356,-0.984,2,-1.33,0.1699,0.0,-0.0663,-169.5229
1756311300000,short,4647.2672,29.507146226916284,3.4716541895573947,False,H21s,trend,-14.05,0.3186,-1.2606,2,14.05,0.3649,0.0,-0.1383,-32.8886,372.53,2.552,0.5946,3,1.76,0.1691,0.0,0.0759,63.9069,74.31,1.1002,-0.0285,2,189.37,0.1205,0.0,-0.0202,-58.2815
1756497600000,short,4343.6463,27.946787587870837,0.5412401066947099,False,H21s,chop,-126.51,0.5311,0.0384,2,-316.17,0.3884,0.0,0.0641,13.9086,-16.48,0.8379,-0.9327,2,-49.4,0.3173,0.0,-0.2743,-236.9771,-275.23,0.5405,-0.7744,2,-49.4,0.196,0.0,-0.0755,-201.2492
1758600000000,short,4187.883599999999,18.839955295892615,1.1800069515830087,False,H21s,chop,-134.03,0.1501,-1.6408,0,134.03,0.8789,0.0,-0.2658,-21.1221,-124.57,0.4594,-0.543,2,-42.69,0.3622,0.0,-0.4293,-246.8212,-124.57,0.4594,-0.8486,2,-42.69,0.2068,0.0,-0.148,-332.3914
1758828600000,short,3939.6081999999997,31.34313287975234,0.613575405776468,False,H21s,chop,104.86,1.1612,0.2827,3,-209.1,0.5497,0.0,-0.1151,-45.7277,56.14,1.2909,-0.7153,1,-102.84,0.3448,0.0,-0.1902,-109.2919,276.31,1.3048,-0.4411,3,-209.1,0.1833,0.0,-0.2089,-815.987
1760309100000,short,4143.5404,33.73784744247277,0.723001780861243,False,H21s,chop,-6.89,0.5294,-0.9325,1,6.89,0.6259,0.0,-0.4681,-86.6451,-834.71,0.2785,1.0191,2,1.18,0.3774,1.0,-0.0893,-42.8842,-675.91,0.5769,0.4287,4,-22.78,0.1565,0.0,-0.0908,-248.9279
1760709600000,short,3790.3869999999997,36.854811448701554,0.9418999698312045,False,H21s,chop,-703.02,0.3358,1.6796,2,-14.26,0.255,1.0,-0.1803,-83.6898,111.19,3.7701,-0.9464,4,-25.85,0.2027,0.0,-0.0363,-32.1247,111.19,3.7701,-1.4085,4,-25.85,0.0938,0.0,-0.0115,-55.3119
1761106500000,short,3868.8325,20.243517442836186,-1.2388932970100666,False,H21s,chop,86.56,1.9491,-0.3198,1,-0.01,0.8254,0.0,0.0223,2.9827,-370.39,0.3149,0.596,0,24.76,0.463,1.0,-0.1786,-53.3647,-148.77,0.8291,0.4705,4,-24.95,0.2368,1.0,0.2734,470.5902
1762215300000,short,3596.5494,24.35687444806085,-1.1845756835338892,False,H21s,trend,-602.95,0.2482,2.4678,2,-28.93,0.6321,1.0,-0.0799,-9.7492,199.38,2.8906,-0.2707,2,0.9,0.2482,0.0,-0.2971,-255.2959,-234.71,0.8348,2.1754,4,-286.32,0.1057,0.0,0.0499,169.3666
1762301700000,short,3284.424,44.15232745783671,-1.0929855850503143,False,H21s,trend,-10.18,0.1587,-1.7784,0,10.18,0.5513,0.0,-0.5691,-74.8647,285.8,4.8959,-0.5823,7,-500.87,0.2001,0.0,-0.0388,-25.0476,95.43,1.1882,-0.3819,2,44.75,0.0901,0.0,-0.1003,-227.7099
1762794000000,short,3539.9081,22.753395882746744,-1.1944714163899914,False,H21s,chop,72.32,2.97,-0.7571,4,-72.32,0.5612,0.0,-0.0742,-16.6041,35.88,1.1828,-0.4835,2,-117.21,0.3258,0.0,0.1573,84.8405,558.91,3.7038,-0.5057,3,102.12,0.1847,0.0,0.2505,588.9877
1763157600000,short,3179.098,31.5124137250686,-1.1261049862657375,False,H21s,trend,0.24,1.042,-1.0726,0,-0.24,0.6468,0.0,-0.2901,-19.9268,61.89,2.2618,-0.833,6,-85.76,0.1882,0.0,-0.0413,-19.8934,225.6,3.237,-1.1276,7,-8.45,0.1376,0.0,0.0707,112.5369
1763330400000,short,3076.9506,26.330380451047088,-1.1460741616381394,False,H21s,chop,9.26,9260000000.0,-0.9945,1,-9.26,0.7219,0.0,0.0951,5.4412,113.9,1.4289,0.0374,3,-44.22,0.1493,0.0,0.0027,2.6228,453.98,1.4304,2.3863,4,-41.3,0.1319,1.0,0.1265,293.48
1763390700000,short,3193.3373,27.232051675066813,8.476781452077553,False,H21s,trend,-18.41,0.9391,-0.6551,2,77.29,0.2546,0.0,-0.2774,-261.6703,-16.97,0.9677,0.1517,1,147.88,0.1477,0.0,-0.0846,-169.1885,190.17,1.1256,0.7803,4,-89.12,0.0779,0.0,0.0556,484.6737
1764192600000,short,3030.5358,17.261626414469138,0.6194223109844242,False,H21s,chop,35.53,1.5227,-0.713,3,-11.06,0.6196,0.0,0.1698,46.8015,726.82,4.8907,0.9845,6,46.09,0.4589,1.0,0.2645,127.5239,336.9,1.3376,1.1229,2,46.09,0.3243,1.0,0.0207,32.8225
1764977400000,short,3021.5429,17.32853553417329,-1.2179600588608048,False,H21s,chop,420.5,13.4852,0.6199,9,-24.31,0.5073,0.0,0.7154,192.2649,211.93,3.3263,-0.4623,1,129.19,0.4943,0.0,-0.4277,-107.9526,645.59,2.6172,0.3874,4,-14.14,0.2961,0.0,0.043,63.0192
1765217700000,short,3129.1375,22.407042377798792,-1.174562167065633,False,H21s,trend,-26.83,0.0397,-1.0852,3,26.83,0.7283,0.0,0.3242,47.4105,-15.15,0.985,1.5935,2,-223.68,0.3187,1.0,0.1367,121.531,-15.15,0.985,0.3216,2,-223.68,0.1315,0.0,-0.0763,-342.2571
1765729800000,short,3099.0798999999997,14.154822285637403,1.1206992294960092,False,H21s,chop,130.57,1.7583,1.1882,2,-103.56,0.7098,1.0,0.4263,56.248,108.83,4.3261,-0.6087,1,41.06,0.3993,0.0,-0.2134,-118.6338,424.41,1.7064,0.3002,2,-166.33,0.2343,0.0,0.1316,392.2324
1765754100000,short,3067.8402,15.322824753251728,2.1028611707617633,False,H21s,chop,-472.26,0.0,0.3036,1,-111.53,0.4724,0.0,-0.3199,-99.0496,-41.06,0.4292,-0.9791,1,-42.55,0.3996,0.0,-0.084,-44.0487,-947.95,0.1901,-0.1716,6,-11.74,0.1625,0.0,-0.1552,-1134.3072
1766538000000,short,2973.8822,12.733071517261951,2.7856616928797076,False,H21s,chop,542.8,65.3891,-0.2707,3,-542.8,0.7223,0.0,0.3727,118.6846,481.55,1.9611,1.1126,3,-610.25,0.4747,0.0,0.2594,199.5002,481.55,1.9611,0.1755,3,-610.25,0.2911,0.0,-0.036,-73.6421
1770277500000,short,2103.0872,27.116551981717343,-1.0969466546400302,False,H21s,trend,-40.76,0.9019,-0.4253,1,302.11,0.4537,0.0,-0.0569,-40.7353,26.08,1.0808,-0.0825,2,-12.29,0.3707,0.0,0.0897,50.1447,946.92,1.5448,0.9064,1,-31.36,0.1587,0.0,0.0701,293.61
1771248600000,short,1983.6446999999998,14.098263521521561,-1.1758766866014976,False,H21s,trend,-34.46,0.8993,-0.7167,0,20.66,0.2258,0.0,-0.405,-1275.5855,525.96,2.0987,-0.5717,4,-2.96,0.2346,0.0,-0.1683,-629.6109,491.5,1.5988,-0.5081,1,-33.59,0.1094,0.0,-0.1384,-1887.0657
1774981800000,short,2102.9684,17.25164126890113,0.5550189960144338,True,H21s,chop,32.75,1.9163,-1.2929,0,-28.4,0.6131,0.0,-0.3106,-219.9936,-75.0,0.6417,-0.972,1,-176.91,0.5414,0.0,0.0675,26.3465,-17.14,0.9922,0.4633,3,-537.02,0.3633,0.0,0.0762,312.4648
1776446100000,short,2437.1765,16.95663750065485,7.376523168002486,True,H21s,trend,70.53,1.2551,-1.0301,0,22.78,0.4399,0.0,-0.3625,-371.73,221.46,1.5152,-0.6945,1,-164.29,0.303,0.0,-0.1289,-362.0517,178.66,1.109,0.1754,2,-23.06,0.1922,0.0,-0.0823,-496.6492
1777495500000,short,2246.0838999999996,12.446320993663209,-1.2255770903248826,True,H21s,chop,261.12,14.6855,-0.3979,5,-261.12,0.6516,1.0,0.4457,122.0361,266.07,1.3281,-0.1599,1,-133.51,0.8029,1.0,-0.4629,-778.0187,527.19,1.6351,-0.6329,1,-133.51,0.308,1.0,-0.0259,-150.0556
1779661800000,short,2096.5942000000005,9.365392483096244,-1.2798326663543778,True,H21s,chop,-20.25,0.8952,0.2401,0,-19.49,0.8795,1.0,0.0207,3.4147,-448.5,0.1687,-0.9769,2,-130.24,0.3761,0.0,-0.534,-1145.5857,950.62,1.4974,0.6762,4,-698.66,0.268,0.0,-0.0199,-190.8858
1780315200000,short,1982.3279000000002,6.74442566892889,-1.36740116900028,True,H21s,trend,-283.52,0.5377,-0.9528,1,-39.84,0.6081,0.0,-0.1653,-490.9121,46.12,1.0498,-0.6447,1,93.92,0.36,0.0,-0.0435,-408.011,774.53,1.6082,-0.5224,1,392.93,0.1986,0.0,0.0234,448.0782
1780450200000,short,1867.857,14.609113525007464,-0.8625148994710401,True,H21s,trend,5.86,1.4393,-0.7998,2,-5.86,0.9143,1.0,0.2888,33.4264,-28.84,0.9086,-0.2818,1,-56.29,0.3837,0.0,-0.1225,-139.1446,-22.98,0.9301,-1.5875,1,-56.29,0.2378,0.0,-0.0296,-111.2107
1780546500000,short,1814.7969,17.503119371154572,4.121969239174583,True,H21s,chop,2026.87,3.2523,2.0773,2,-47.73,0.7511,1.0,0.4422,289.1188,-50.74,0.9028,-0.2863,1,-147.13,0.5142,1.0,-0.0984,-67.4491,1976.13,2.3897,-0.0362,1,-194.86,0.3064,0.0,-0.0927,-414.8866
1780591500000,short,1777.2975,13.390248370775417,0.487519453092998,True,H21s,chop,548.92,4.6597,0.7485,1,-217.68,0.8685,1.0,0.1501,35.7424,-385.32,0.3642,0.4539,2,-111.93,0.4863,1.0,-0.1799,-114.6185,293.72,1.2874,-0.1749,2,-111.93,0.3546,0.0,-0.1698,-574.4031
1780620300000,short,1769.9808,10.89232479148103,15.764007715881325,True,H21s,trend,16.53,2.3461,-0.6121,1,4.45,0.8674,0.0,-0.1024,-9.3185,96.98,1.9425,-0.6319,1,14.74,0.4467,0.0,-0.0495,-38.1929,580.42,1.7411,0.6514,1,-76.68,0.2984,1.0,0.0897,230.2328
1780705800000,short,1597.545,16.028216172660017,4.028934721807509,True,H21s,chop,298.87,2.9638,0.2484,1,-298.87,0.7276,0.0,0.1055,23.7706,212.04,2.4113,-0.6261,1,-10.25,0.7018,0.0,-0.1277,-99.046,476.54,1.3117,-0.1546,1,-563.5,0.4113,0.0,0.0945,459.3256
1781593200000,short,1772.4487,6.468625743538048,-1.342508743408641,True,H21s,chop,57.16,1.2902,1.3304,1,-156.94,0.8542,1.0,0.1912,38.8506,56.83,1.5791,-0.8224,1,-6.03,0.8115,0.0,-0.2307,-266.998,1542.17,1.9879,1.0314,2,-227.6,0.4483,0.0,0.2415,1146.1925
1781707500000,short,1756.238,9.564252904026771,-1.2295315192967875,True,H21s,chop,100.88,4.2658,-0.8177,2,-28.72,0.7575,0.0,0.0171,5.5488,504.85,1.7549,-0.3939,1,2.3,0.2785,0.0,-0.1056,-549.6812,327.17,1.1241,0.8743,3,-18.43,0.2708,1.0,-0.1068,-1015.727
1781804700000,short,1682.6218,10.523813692211709,-1.199858845045553,True,H21s,chop,-41.2,0.6357,-1.0872,1,41.2,0.97,0.0,0.0246,14.4254,-372.97,0.6033,0.6543,3,-10.22,0.5052,0.0,-0.0979,-109.1021,-1447.63,0.7817,1.4542,0,4.53,0.3323,0.0,-0.0937,-975.8782
