bar_ts,side,lvl,atr,r,oos,kind,regime,n_m15,last_m15_h,n_h1,last_h1_h,n_h4,last_h4_h,bounce_h1,bounce_h4,zona
1736185500000,long,101310.0,502.30452249254125,3.9686202504096433,False,H5,chop,89,0.25,46,2.75,19,1.4375,2,1,agotada
1736343000000,short,95590.0,414.7944587709478,-1.459571388766546,False,H5,chop,93,0.25,47,1.5,19,1.375,4,2,agotada
1736357400000,long,92930.0,650.7534999171664,3.1567101054840925,False,H5,chop,1,0.25,0,0.0,0,0.0,0,0,virgen
1736422200000,short,93680.0,377.04502724796924,3.6373454341946476,False,H5,chop,90,0.25,46,1.5,19,1.875,5,3,agotada
1736431200000,long,91930.0,444.4543746870236,4.114664821142629,False,H5,trend,2,0.25,0,0.0,0,0.0,0,0,virgen
1736496000000,long,94450.0,344.31848799355583,1.3341439917071098,False,H5,chop,96,0.25,38,2.0,11,2.0,8,4,agotada
1736526600000,long,93390.0,710.8740256689032,4.371019167338042,False,H5,trend,59,0.25,28,1.5,11,1.125,13,9,agotada
1736742600000,short,94790.0,361.2618946694258,12.813826864584534,False,H5,chop,54,0.25,30,3.5,16,1.125,21,13,agotada
1736751600000,long,93590.0,339.3830719770805,-1.1339945920891135,False,H5,chop,11,0.25,4,5.0,8,1.75,4,7,agotada
1736821800000,short,95190.0,391.1833113605811,-1.3701090935940825,False,H5,chop,5,0.25,9,1.5,5,6.625,7,5,agotada
1736868600000,long,96400.0,494.3528114914328,-1.2922532245288938,False,H5,chop,96,0.25,47,1.5,19,1.875,6,1,agotada
1736987400000,short,100320.0,398.96435471602643,0.7374329522157963,False,H5,chop,8,0.25,2,1.5,1,1.125,1,0,fresca
1737049500000,short,100000.0,522.3381009206923,0.708609354599187,False,H5,chop,40,0.25,14,1.75,6,2.4375,12,6,agotada
1737134100000,long,104690.0,455.5184883356358,-1.354033879498152,False,H5,chop,96,0.25,47,1.25,19,1.3125,0,0,agotada
1737278100000,long,104000.0,386.76076744153636,4.857459683172882,False,H5,chop,64,0.25,39,1.25,19,1.3125,21,8,agotada
1737288000000,long,104310.0,482.8158600889214,4.240536110257715,False,H5,chop,72,0.25,43,2.0,19,2.0,16,7,agotada
1737336600000,short,100370.0,1042.6535173719453,-1.205809286143462,False,H5,chop,96,0.25,47,1.5,19,1.375,2,2,agotada
1737344700000,long,101520.0,851.6226489329916,11.220721073374012,False,H5,chop,20,0.25,5,1.75,5,1.9375,2,4,agotada
1737419400000,long,101860.0,943.9696831209392,0.7924470781645014,False,H5,chop,25,0.25,11,1.5,5,1.125,8,4,agotada
1737426600000,short,102500.0,1049.5574845282526,-1.1412651626033774,False,H5,chop,88,0.25,45,1.5,19,1.625,11,5,agotada
1737571500000,short,104380.0,517.0268096573291,-1.2294693302109716,False,H5,trend,94,0.25,32,1.75,15,1.6875,10,7,agotada
1737650700000,short,106070.0,992.1600018224531,-0.3504985675626223,False,H5,trend,5,0.25,16,1.75,7,1.1875,10,6,agotada
1737673200000,long,103840.0,1020.6584541182391,-1.1714796742853923,False,H5,chop,78,0.25,31,2.0,15,1.75,14,8,agotada
1737940500000,long,101200.0,463.80765201303865,-1.3320908541199414,False,H5,chop,1,0.25,0,0.0,0,0.0,0,0,virgen
1737946800000,long,100930.0,489.21525379300795,-1.3037573901962847,False,H5,trend,7,0.25,1,2.0,0,0.0,0,0,virgen
1738078200000,short,103220.0,475.168895096616,6.440279661564222,False,H5,chop,21,0.25,18,3.5,14,1.875,12,5,agotada
1738179000000,long,101480.0,578.6594359825267,13.450009164926408,False,H5,trend,38,0.25,21,3.5,12,1.875,17,8,agotada
1738209600000,short,105190.0,403.39695661971945,-1.3853127871225104,False,H5,chop,2,0.25,0,0.0,1,20.0,0,1,fresca
1738471500000,short,99710.0,397.01332500418357,-1.4999999999999922,False,H5,chop,96,0.25,47,1.75,19,1.1875,1,1,agotada
1738539000000,long,96880.0,741.566967237572,-1.1285353997343563,False,H5,chop,16,0.25,5,1.5,1,1.875,4,0,fresca
1738544400000,short,96580.0,897.6992122708518,3.436251563590035,False,H5,trend,96,0.25,47,2.0,19,1.25,1,1,agotada
1738566000000,long,93850.0,780.7116091020362,6.6024048699995515,False,H5,chop,21,0.25,5,2.0,1,1.75,4,0,fresca
1738724400000,short,97950.0,531.2691749872106,-1.2101226149676725,False,H5,chop,91,0.25,35,2.0,17,1.75,5,5,agotada
1738798200000,long,96270.0,468.19464705760083,1.4912554966933196,False,H5,chop,7,0.25,5,1.5,7,1.875,4,4,agotada
1738872000000,long,95940.0,484.4706146701314,1.182654604725846,False,H5,chop,9,0.25,4,2.0,3,6.0,3,3,confirmada
1738947600000,long,97780.0,582.958999368296,-1.2512851660532278,False,H5,chop,89,0.25,42,2.0,17,1.25,7,9,agotada
1738962000000,long,95700.0,518.6412561134662,0.8003450310036471,False,H5,chop,2,0.25,3,25.0,2,6.25,3,2,fresca
1739199600000,long,97230.0,364.9034295216291,-1.229658461838697,False,H5,chop,81,0.25,45,2.0,19,1.75,5,4,agotada
1739370600000,long,94650.0,497.2575201211981,5.472237018179106,False,H5,trend,9,0.25,3,1.5,3,4.625,2,3,confirmada
1739386800000,short,96900.0,556.8300508383935,-1.2769547230167437,False,H5,chop,9,0.25,24,2.0,13,6.75,5,6,agotada
1739430000000,long,95990.0,277.8628935024544,-1.265199227013965,False,H5,chop,42,0.25,25,15.0,8,3.75,10,6,agotada
1739470500000,long,95450.0,393.5168881703452,12.082905535183981,False,H5,chop,23,0.25,24,1.25,8,1.5625,19,7,agotada
1739801700000,short,96910.0,218.43350820857137,3.490707873284325,False,H5,chop,37,0.25,33,15.25,16,4.5625,4,5,agotada
1739904300000,long,93650.0,362.09575700631905,-1.4999999999999791,False,H5,chop,3,0.25,0,0.0,0,0.0,0,0,virgen
1739978100000,long,95730.0,287.1659116565577,-1.237904332144282,False,H5,chop,80,0.25,43,1.25,16,1.8125,12,9,agotada
1739991600000,long,95620.0,322.6170074567994,18.638255595064702,False,H5,trend,70,0.25,38,3.0,15,1.75,15,9,agotada
1740152700000,long,97480.0,490.6433577050319,1.1071636305938608,False,H5,chop,9,0.25,26,22.75,15,5.9375,4,3,agotada
1740410100000,short,94900.0,373.3246460809352,2.721747239654504,False,H5,chop,96,0.25,47,1.25,19,1.8125,1,0,agotada
1740416400000,long,94440.0,427.9918275966678,0.9479315581562281,False,H5,chop,9,0.25,2,2.0,1,1.25,1,0,fresca
1740446100000,long,91610.0,637.8012831705311,0.29999874305624097,False,H5,chop,7,0.25,2,1.25,1,1.3125,1,0,fresca
1740469500000,long,89020.0,639.1920769233271,-1.0614440656235142,False,H5,chop,2,0.25,0,0.0,0,0.0,0,0,virgen
1740587400000,long,86800.0,651.0394014642524,-1.0883598637570358,False,H5,chop,16,0.25,9,2.5,4,1.125,9,3,confirmada
1740592800000,long,85900.0,679.9280593441964,-1.1464264397807427,False,H5,chop,3,0.25,2,4.0,2,1.5,2,1,fresca
1740615300000,short,84400.0,704.4738548093849,-1.174371296033869,False,H5,chop,94,0.25,47,1.25,19,1.0625,6,2,agotada
1740633300000,short,85510.0,495.06265720599043,-1.3567561149633154,False,H5,chop,60,0.25,41,1.25,19,1.3125,5,3,agotada
1740710700000,long,79500.0,881.9323014346201,-1.186571206666948,False,H5,trend,1,0.25,0,0.0,0,0.0,0,0,virgen
1740753000000,long,81710.0,681.5385955365703,8.454219226578221,False,H5,trend,52,0.25,13,1.5,3,1.625,1,0,confirmada
1740930300000,short,88210.0,600.228202522746,-1.102815720078219,False,H5,chop,1,0.25,0,0.0,0,0.0,0,0,virgen
1740940200000,short,93530.0,1054.6399394258208,-1.0807072359774885,False,H5,trend,4,0.25,1,1.5,0,0.0,0,0,virgen
1740985200000,long,91580.0,509.67251344913467,-1.172480846822502,False,H5,chop,43,0.25,35,14.0,17,3.75,3,2,agotada
1740990600000,long,91890.0,485.36325785133425,-1.1648188782731832,False,H5,chop,44,0.25,35,1.5,17,1.125,3,2,agotada
1741048200000,short,86390.0,737.1796038785312,2.4364449189637867,False,H5,trend,94,0.25,40,1.5,14,1.125,12,7,agotada
1741053600000,long,83160.0,902.2190037629588,-1.0714715641354888,False,H5,trend,2,0.25,0,0.0,0,0.0,0,0,virgen
1741135500000,long,86590.0,619.0180236348745,5.102900766074345,False,H5,chop,78,0.25,28,3.75,13,1.1875,7,5,agotada
1741188600000,long,88020.0,714.6410005402568,-1.1857692298868854,False,H5,chop,74,0.25,41,1.5,14,1.875,5,6,agotada
1741230000000,short,91790.0,520.4468011466274,-1.209878184039896,False,H5,chop,4,0.25,1,2.0,5,15.75,0,4,agotada
1741297500000,long,89190.0,643.2779947559541,0.8177334572239666,False,H5,chop,24,0.25,27,1.75,15,1.4375,10,5,agotada
1741305600000,long,89890.0,653.8935428061163,-1.3558151439073478,False,H5,trend,44,0.25,36,2.0,17,2.0,15,7,agotada
1741314600000,long,87460.0,1017.4871898982758,-1.1614957030691104,False,H5,chop,8,0.25,10,1.5,11,8.625,5,6,agotada
1741547700000,long,82320.0,556.0759246093787,1.2906687077457777,False,H5,chop,10,0.25,3,1.25,0,0.0,2,0,virgen
1741574700000,short,82390.0,602.5464420653543,0.695592938437484,False,H5,chop,79,0.25,43,5.75,19,1.6875,2,1,agotada
1741605300000,long,82090.0,573.2416295786829,1.1000399380517332,False,H5,chop,62,0.25,18,1.25,4,1.8125,12,3,confirmada
1741655700000,long,77000.0,715.7137891914334,5.447982893080352,False,H5,trend,3,0.25,1,1.25,0,0.0,0,0,virgen
1741661100000,long,79090.0,660.5383914883079,0.8912443184811955,False,H5,chop,41,0.25,11,1.75,3,1.6875,6,2,confirmada
1741787100000,short,83470.0,529.9321020815723,1.7645244694430808,False,H5,trend,18,0.25,7,1.75,9,3.4375,6,9,agotada
1741792500000,long,80840.0,593.2181708296832,1.7768545917334475,False,H5,chop,9,0.25,24,22.25,10,5.8125,9,6,agotada
1741874400000,long,81730.0,466.5283203066514,-1.2157359351448789,False,H5,chop,14,0.25,14,20.0,12,5.5,9,8,agotada
1742154300000,long,83100.0,434.9138011096569,-1.1618711551187826,False,H5,chop,24,0.25,6,3.75,9,1.9375,3,3,agotada
1742218200000,long,82850.0,368.5399848179658,-1.5000000000000235,False,H5,chop,47,0.25,16,1.5,8,2.375,11,8,agotada
1742223600000,long,82840.0,433.9222181525158,0.5513182250909954,False,H5,trend,44,0.25,16,2.0,8,2.75,11,8,agotada
1742307300000,long,81220.0,304.801943276323,1.7995759168557075,False,H5,chop,3,0.25,1,1.25,0,0.0,0,0,virgen
1742406300000,long,83940.0,317.67350036087345,2.0126995472956555,False,H5,chop,88,0.25,45,2.75,19,1.4375,7,4,agotada
1742419800000,short,85640.0,429.02514608056464,-1.1807990525070058,False,H5,chop,10,0.25,3,1.5,1,1.375,2,0,fresca
1742432400000,long,85990.0,442.098930525099,-1.3377901810372117,False,H5,chop,92,0.25,47,2.0,19,1.25,2,1,agotada
1742466600000,long,85140.0,273.3952367770473,0.6662491468195942,False,H5,chop,43,0.25,36,6.5,18,1.625,6,3,agotada
1742569200000,short,84200.0,345.85584888038886,1.3201504354710818,False,H5,chop,89,0.25,47,2.0,13,1.75,15,6,agotada
1742928300000,long,87560.0,299.372486270608,1.3191183188670865,False,H5,chop,82,0.25,44,1.75,19,1.6875,12,5,agotada
1742941800000,long,87300.0,308.56559695811677,-1.3821318157234792,False,H5,chop,69,0.25,33,4.5,18,1.625,11,6,agotada
1743000300000,long,86510.0,338.0621368124786,-1.44896557562321,False,H5,chop,4,0.25,9,1.75,9,7.6875,4,5,agotada
1743008400000,long,86440.0,346.2744076761859,-1.2842565765497673,False,H5,chop,13,0.25,10,2.0,9,1.25,8,5,agotada
1743083100000,long,85920.0,286.5756082461729,1.1294612232406074,False,H5,chop,6,0.25,2,18.75,1,5.4375,2,1,fresca
1743088500000,short,87340.0,336.83158275132877,1.7382604381345408,False,H5,chop,54,0.25,39,1.25,17,1.8125,12,11,agotada
1743248700000,long,81990.0,280.38962099943785,-1.4999999999999976,False,H5,chop,1,0.25,0,0.0,0,0.0,0,0,virgen
1743268500000,long,81850.0,260.42435353849163,4.428548856412625,False,H5,trend,4,0.25,2,5.25,2,1.3125,2,1,fresca
1743355800000,short,82410.0,233.9472960566473,-1.3725883617780525,False,H5,chop,96,0.25,47,1.5,19,1.375,5,3,agotada
1743372900000,long,81780.0,246.60117389910943,-0.31249692111102606,False,H5,trend,3,0.25,4,1.25,3,1.5625,3,2,confirmada
1743426000000,short,82750.0,309.39889401750514,0.7271946265850494,False,H5,chop,35,0.25,33,15.0,16,4.25,17,8,agotada
1743584400000,long,84610.0,269.98887506267715,-1.498498715174704,False,H5,trend,69,0.25,43,2.0,19,1.25,9,4,agotada
1743600600000,long,84560.0,322.0953799615364,10.92162157169577,False,H5,trend,57,0.25,41,1.5,19,1.375,11,5,agotada
1743645600000,short,83730.0,503.68201094574255,0.8308848699771199,False,H5,chop,84,0.25,40,4.0,13,1.5,5,5,agotada
1743654600000,long,83280.0,396.261019716364,-1.4190111238846979,False,H5,chop,24,0.25,12,1.5,12,1.125,8,7,agotada
1743760800000,short,84610.0,323.1027530334958,7.9754612438060875,False,H5,trend,7,0.25,14,2.0,10,9.5,3,5,agotada
1743777900000,long,82220.0,614.7471510171173,3.8669245589394565,False,H5,chop,40,0.25,16,1.75,6,1.6875,8,4,agotada
1743966000000,long,78880.0,455.44213591366025,-1.168614005482988,False,H5,chop,2,0.25,0,0.0,0,0.0,0,0,virgen
1743973200000,long,78800.0,523.681687166833,-1.216626012128672,False,H5,trend,4,0.25,2,2.0,1,1.25,1,0,fresca
1743986700000,long,77860.0,687.471978648265,-1.2637915209429593,False,H5,trend,8,0.25,2,1.75,1,1.1875,1,0,fresca
1744009200000,long,74760.0,686.9230974846572,7.295939936935741,False,H5,chop,2,0.25,0,0.0,0,0.0,0,0,virgen
1744074000000,long,78990.0,490.55874842798096,1.2239985127134498,False,H5,chop,89,0.25,30,2.0,8,1.25,10,5,agotada
1744135200000,short,77310.0,549.0485926115421,-1.1810469964509183,False,H5,chop,96,0.25,44,2.0,19,1.5,7,3,agotada
1744156800000,long,76280.0,441.22993265882997,-1.4250135182305934,False,H5,trend,9,0.25,11,2.0,4,2.0,9,3,confirmada
1744164900000,short,76230.0,579.7409831214186,-1.1711058642331373,False,H5,trend,94,0.25,46,1.25,19,1.5625,6,3,agotada
1744304400000,short,79440.0,581.9904646559722,-1.1657312797668766,False,H5,trend,94,0.25,23,2.0,13,1.25,1,8,agotada
1744381800000,long,81420.0,510.213474496314,7.276288500838084,False,H5,chop,77,0.25,32,5.5,18,1.625,14,6,agotada
1744596000000,long,84170.0,455.6785783020887,0.7842277698663638,False,H5,chop,59,0.25,31,2.0,17,1.5,13,6,agotada
1744646400000,long,84060.0,483.5760662822008,2.491211276060723,False,H5,chop,48,0.25,23,2.0,15,2.0,17,8,agotada
1744817400000,short,85100.0,340.2138992907948,-1.3032736810536123,False,H5,chop,9,0.25,23,22.5,13,5.875,12,11,agotada
1745235000000,long,86760.0,204.6550112091786,1.283977247842567,False,H5,chop,57,0.25,38,10.5,18,2.875,2,2,agotada
1745247600000,short,88200.0,384.34773779649635,1.323015873015844,False,H5,chop,3,0.25,0,0.0,0,0.0,0,0,virgen
1745289900000,long,87910.0,336.21406726898505,5.288256929435198,False,H5,chop,93,0.25,47,1.75,19,1.6875,4,2,agotada
1745332200000,long,90150.0,381.7905405768623,4.04196339434259,False,H5,chop,96,0.25,47,1.5,19,1.625,1,0,agotada
1745370000000,long,92850.0,496.0554790388349,-1.316946308743088,False,H5,chop,92,0.25,47,2.0,19,1.25,3,1,agotada
1745403300000,long,93380.0,308.24966834463885,1.6236068389863334,False,H5,chop,87,0.25,45,3.25,19,1.5625,6,3,agotada
1745503200000,long,92700.0,282.1161604735971,0.8023462810543573,False,H5,chop,55,0.25,31,2.0,17,1.5,15,6,agotada
1745516700000,long,92680.0,305.83336909497353,8.748582937706518,False,H5,chop,52,0.25,28,3.75,16,1.4375,16,6,agotada
1745543700000,short,94170.0,292.3440258547434,0.7456703548835213,False,H5,chop,5,0.25,8,1.25,6,1.3125,7,5,agotada
1745584200000,long,94380.0,289.62647344761655,-1.4999999999999754,False,H5,chop,96,0.25,47,1.5,19,1.125,0,1,agotada
1745848800000,long,93900.0,359.3495033253672,-1.4999999999999793,False,H5,chop,55,0.25,36,9.0,14,2.5,19,12,agotada
1745892900000,long,94750.0,288.7472601504065,-1.2833581980350335,False,H5,chop,89,0.25,47,1.25,19,1.5625,7,5,agotada
1746410400000,long,93840.0,272.9079107516317,1.3618357487923316,False,H5,chop,4,0.25,1,3.0,1,1.5,1,0,fresca
1746455400000,long,93800.0,283.05722864113415,-1.5000000000000104,False,H5,chop,20,0.25,8,1.5,3,1.625,7,2,confirmada
1746641700000,long,96190.0,301.816145625983,0.47463739314537196,False,H5,chop,39,0.25,35,1.25,17,3.5625,7,4,agotada
1746672300000,short,98670.0,325.03918911675606,-1.3199972536111053,False,H5,chop,2,0.25,0,0.0,0,0.0,0,0,virgen
1746719100000,short,101300.0,422.0320317722174,-1.248684152377973,False,H5,chop,1,0.25,0,0.0,0,0.0,0,0,virgen
1746783000000,long,102530.0,429.64645805923334,1.2717255774313032,False,H5,chop,80,0.25,45,1.5,19,1.375,8,3,agotada
1746932400000,long,103710.0,349.6843006568593,0.46222150869216555,False,H5,chop,89,0.25,47,2.0,19,1.75,6,5,agotada
1746990000000,short,104510.0,305.5477868845452,0.556717803892029,False,H5,chop,44,0.25,12,4.0,7,1.75,10,6,agotada
1747037700000,long,104250.0,411.9654016409135,-1.2472008795010998,False,H5,chop,92,0.25,47,1.25,19,1.0625,13,8,agotada
1747065600000,long,102460.0,505.35723555674093,-1.2716913723972723,False,H5,chop,7,0.25,1,2.0,4,17.0,0,4,confirmada
1747107000000,long,101550.0,377.98434965457807,6.600292153174525,False,H5,chop,14,0.25,4,1.5,2,1.875,3,1,fresca
1747243800000,long,102820.0,331.09660395443564,0.6061342629576633,False,H5,chop,11,0.25,22,1.5,9,1.375,7,4,agotada
1747317600000,long,102040.0,353.615320989672,-1.12178474464401,False,H5,chop,29,0.25,8,2.0,7,1.5,4,6,agotada
1747324800000,short,103200.0,386.7353456798178,-1.4999999999999907,False,H5,chop,50,0.25,37,12.0,17,3.0,8,12,agotada
1747592100000,long,104220.0,404.05470847551874,-1.185703160170592,False,H5,chop,82,0.25,44,4.25,19,1.5625,3,2,agotada
1747611900000,long,105750.0,471.84481964633136,-1.3103464002974878,False,H5,trend,96,0.25,47,1.75,19,1.9375,0,0,agotada
1747681200000,long,104720.0,374.29326651860595,1.3260504201680192,False,H5,chop,85,0.25,44,2.0,19,1.75,8,4,agotada
1747710900000,long,105860.0,376.3111367770431,-1.50000000000002,False,H5,chop,92,0.25,47,1.25,19,1.8125,5,2,agotada
1747756800000,short,105300.0,315.9051541469449,-1.5000000000000093,False,H5,chop,82,0.25,28,4.0,9,2.0,15,7,agotada
1747814400000,long,106420.0,402.47158577965797,-1.4999999999999853,False,H5,chop,81,0.25,45,4.0,19,2.0,13,5,agotada
1747836900000,short,107430.0,334.7604598071007,-1.4999999999999873,False,H5,chop,20,0.25,10,1.25,5,2.5625,7,5,agotada
1747944000000,long,111100.0,386.50619190830787,-1.2379174293933064,False,H5,chop,92,0.25,47,2.0,19,2.0,9,3,agotada
1748004300000,short,108540.0,487.17136669348287,-1.2636233390607716,False,H5,chop,96,0.25,45,1.75,12,1.1875,4,2,agotada
1748009700000,short,109850.0,534.7142016849925,3.551896848196945,False,H5,chop,90,0.25,39,1.25,11,1.5625,4,3,agotada
1748135700000,long,107300.0,367.7805059100933,-1.4049155892589822,False,H5,trend,12,0.25,10,1.25,6,1.3125,9,5,agotada
1748215800000,long,108600.0,387.4973893339313,3.404747342871576,False,H5,chop,96,0.25,46,1.5,15,1.875,10,6,agotada
1748309400000,long,108300.0,366.540357755833,0.6482160578020455,False,H5,chop,1,0.25,22,26.5,13,7.375,3,6,agotada
1748529000000,long,106950.0,359.6361246146061,-1.4397397403664247,False,H5,chop,23,0.25,7,10.5,4,2.625,7,4,confirmada
1748569500000,short,105830.0,394.81593876184286,-1.5000000000000147,False,H5,chop,95,0.25,47,1.75,19,1.4375,2,1,agotada
1748592000000,long,104940.0,296.59646280500914,-1.235679617940383,False,H5,chop,5,0.25,3,7.0,2,2.0,3,1,fresca
1748871000000,long,103960.0,276.57357761571154,-1.3438688928732307,False,H5,chop,16,0.25,17,1.5,12,1.375,12,9,agotada
1749046500000,long,104440.0,246.64449964234544,0.9288567395982548,False,H5,chop,2,0.25,8,1.25,9,10.5625,3,7,agotada
1749526200000,short,109440.0,270.50454227911837,-1.4999999999999893,False,H5,chop,26,0.25,6,1.5,1,1.875,0,0,fresca
1749572100000,short,109080.0,348.59192283862745,0.9319724917621777,False,H5,chop,76,0.25,19,1.25,5,1.0625,2,1,agotada
1749652200000,short,110210.0,303.96366008028394,9.917887673557013,False,H5,chop,18,0.25,12,2.5,5,3.625,12,5,agotada
1749699000000,long,107840.0,264.08931890039565,-1.347688031908115,False,H5,chop,3,0.25,1,5.5,7,1.875,1,2,agotada
1749759300000,long,106360.0,402.02591394209213,-1.50000000000002,False,H5,chop,3,0.25,2,1.25,2,1.0625,1,1,fresca
1750085100000,short,107610.0,275.1370126599737,-1.4070292961329725,False,H5,chop,2,0.25,0,0.0,0,0.0,0,0,virgen
1750119300000,long,106190.0,441.3818923962743,2.278784262584094,False,H5,chop,26,0.25,31,11.25,16,3.0625,4,3,agotada
1750174200000,long,104220.0,364.8275734224531,-1.4999999999999944,False,H5,chop,2,0.25,1,42.5,3,10.875,1,3,confirmada
1750253400000,long,103870.0,268.5566027074964,1.730526940727259,False,H5,chop,21,0.25,9,2.5,4,1.375,9,3,confirmada
1750259700000,long,104340.0,395.1379007907148,1.3794134560092282,False,H5,chop,59,0.25,18,1.25,6,1.8125,13,5,agotada
1750441500000,long,102800.0,432.48128600378595,0.399617156580128,False,H5,trend,2,0.25,0,0.0,0,0.0,0,0,virgen
1750542300000,long,101700.0,339.09373527748306,-1.0983212323016462,False,H5,chop,2,0.25,0,0.0,0,0.0,0,0,virgen
1750702500000,short,102820.0,588.7363003233827,-1.2369968474358801,False,H5,chop,3,0.25,18,1.25,14,1.5625,15,8,agotada
1750707900000,long,102660.0,527.869510077061,9.980671445619727,False,H5,chop,96,0.25,47,1.75,14,1.9375,2,3,agotada
1750784400000,short,106200.0,351.5476865510088,2.410451977401104,False,H5,chop,3,0.25,1,19.0,1,5.25,1,1,fresca
1751551200000,short,110240.0,352.06785613458896,4.834583416134974,False,H5,chop,7,0.25,2,4.0,1,1.5,2,0,fresca
1751638500000,long,107700.0,233.84370358782024,-1.4136772353656926,False,H5,chop,2,0.25,1,1.25,8,12.5625,0,2,agotada
1752072300000,long,108640.0,255.84491845367455,3.0587923128823724,False,H5,chop,87,0.25,46,2.75,19,1.6875,10,10,agotada
1752173100000,long,113010.0,385.4000153839712,3.831790696988481,False,H5,chop,94,0.25,47,1.75,19,1.6875,1,0,agotada
1752227100000,short,118610.0,355.14094227543444,1.481049944812734,False,H5,chop,4,0.25,2,3.75,1,1.4375,2,0,fresca
1752250500000,long,116730.0,440.8448945544495,2.6326261585438315,False,H5,chop,55,0.25,38,1.25,18,1.0625,3,3,agotada
1752479100000,short,122900.0,446.5520431631828,7.187628450083857,False,H5,chop,2,0.25,1,2.75,0,0.0,1,0,virgen
1752504300000,long,120730.0,427.98416250882775,-1.499999999999997,False,H5,chop,57,0.25,38,10.75,18,2.6875,3,3,agotada
1752673500000,long,118250.0,320.2997441276437,1.5010923185341791,False,H5,chop,80,0.25,33,1.75,13,1.4375,3,5,agotada
1752680700000,long,118950.0,482.8806750985673,0.39719618997222045,False,H5,chop,96,0.25,40,1.75,15,1.9375,3,7,agotada
1752717600000,long,118090.0,392.95493519281945,0.5460591236807871,False,H5,chop,38,0.25,36,3.0,13,1.5,9,6,agotada
1752783300000,long,118780.0,391.83234547850054,0.6164000782509131,False,H5,chop,80,0.25,45,1.25,17,1.0625,15,8,agotada
1752848100000,short,119060.0,401.4655710462665,1.4940625574774042,False,H5,trend,94,0.25,38,1.25,13,1.5625,17,10,agotada
1753119900000,long,117450.0,384.16737041203044,1.6033276571590482,False,H5,chop,24,0.25,17,1.75,12,4.4375,13,12,agotada
1753128000000,long,116730.0,377.6215785150327,1.619293811930664,False,H5,chop,14,0.25,4,19.0,3,5.0,4,3,confirmada
1753149600000,short,117780.0,376.02594184391603,1.013476579924466,False,H5,chop,80,0.25,44,2.0,19,1.5,10,5,agotada
1753306200000,long,117470.0,369.88011167857826,1.412018671433819,False,H5,chop,18,0.25,18,1.5,11,1.375,12,9,agotada
1753455600000,long,114960.0,459.68602817922954,10.439561586638707,False,H5,chop,19,0.25,7,6.0,3,1.75,7,2,confirmada
1753821900000,long,117170.0,360.47330411253085,1.4337455996958528,False,H5,chop,18,0.25,8,1.75,5,1.1875,7,4,agotada
1753887600000,short,118700.0,362.8384012709164,2.4773799494523523,False,H5,chop,7,0.25,20,5.0,15,1.75,12,8,agotada
1753902900000,long,116190.0,405.7528355702462,1.8483103706987825,False,H5,chop,2,0.25,1,1.25,0,0.0,0,0,virgen
1753983000000,long,117790.0,311.2912786740001,-1.5000000000000067,False,H5,chop,43,0.25,36,2.5,16,1.375,17,11,agotada
1754037000000,long,114360.0,371.03414458567727,1.5756849714353094,False,H5,chop,8,0.25,3,1.5,2,1.125,2,1,fresca
1754056800000,long,114270.0,469.4742027708988,-1.316515709748205,False,H5,trend,11,0.25,6,3.0,3,1.5,6,2,confirmada
1754405100000,long,112730.0,379.3463473949501,10.635916200952071,False,H5,chop,2,0.25,0,0.0,4,15.6875,0,3,confirmada
1754496000000,short,115400.0,363.15953441646946,-1.4475415072753919,False,H5,chop,4,0.25,10,2.0,4,10.0,8,4,confirmada
1754596800000,short,117400.0,303.4253864115848,4.902867688813021,False,H5,chop,2,0.25,0,0.0,0,0.0,0,0,virgen
1754667900000,long,115880.0,267.73079231532665,6.407191347370603,False,H5,chop,11,0.25,26,21.75,15,5.9375,9,4,agotada
1754886600000,short,121710.0,391.6574334025061,-1.3050739292832771,False,H5,chop,9,0.25,2,1.5,1,1.125,0,0,fresca
1754922600000,long,119870.0,416.4803484359126,1.3756027547756662,False,H5,chop,57,0.25,38,1.5,17,3.625,3,2,agotada
1755064800000,long,119050.0,281.5055579542959,8.870802383724435,False,H5,chop,61,0.25,30,2.0,16,1.5,11,6,agotada
1755102600000,short,121560.0,482.1250418428906,-1.2925572994994539,False,H5,chop,10,0.25,3,1.5,4,1.125,2,2,confirmada
1755186300000,long,118050.0,641.4391203707067,-1.2283307979461915,False,H5,chop,9,0.25,3,1.75,4,12.9375,2,4,confirmada
1755701100000,short,113470.0,393.22639450883514,-1.1998149365947894,False,H5,chop,87,0.25,47,1.75,19,1.6875,11,4,agotada
1755714600000,long,113270.0,439.9366755589025,2.479737206085754,False,H5,chop,76,0.25,25,2.5,7,1.625,14,4,agotada
1755741600000,short,114690.0,296.59582886457207,8.601005609323483,False,H5,chop,13,0.25,18,2.0,13,1.5,7,4,agotada
1755814500000,long,112570.0,305.3181051644095,-1.4433529907065898,False,H5,chop,31,0.25,15,1.25,6,1.5625,9,5,agotada
1755895500000,long,116970.0,356.44578922710497,-1.392672358813996,False,H5,chop,96,0.25,47,1.75,19,1.1875,1,1,agotada
1756082700000,long,112240.0,471.0312095531179,2.261008953555684,False,H5,chop,8,0.25,3,3.75,6,1.1875,3,5,agotada
1756125900000,long,111590.0,330.2459230978303,-1.2340646420266719,False,H5,chop,26,0.25,8,1.75,5,1.1875,3,3,agotada
1756212300000,short,110520.0,364.70937572943154,0.6137521416690448,False,H5,chop,58,0.25,43,1.75,18,1.1875,12,3,agotada
1756694700000,long,107500.0,293.83871218230047,-1.5,False,H5,chop,4,0.25,2,2.75,2,12.6875,2,2,fresca
1756723500000,long,108300.0,346.5562104559289,1.8727995024680943,False,H5,chop,58,0.25,32,3.75,16,1.6875,18,12,agotada
1756771200000,short,109200.0,345.6065188878092,-1.264362715178444,False,H5,chop,45,0.25,28,3.0,11,2.0,20,10,agotada
1756782900000,short,110360.0,365.18273766851064,-1.5000000000000193,False,H5,chop,2,0.25,1,1.25,0,0.0,0,0,virgen
1756922400000,short,112280.0,337.3742470946922,3.723219789488528,False,H5,chop,13,0.25,3,2.0,1,1.5,2,0,fresca
1757524500000,short,113960.0,304.5834208335437,-1.4999999999999931,False,H5,trend,17,0.25,4,1.25,1,1.3125,1,0,fresca
1758043800000,short,116770.0,306.9233695840715,-1.5000000000000033,False,H5,chop,2,0.25,2,35.5,1,9.375,2,1,fresca
1758522600000,long,112750.0,403.31419399423334,-1.2306489779541347,False,H5,chop,2,0.25,0,0.0,0,0.0,0,0,virgen
1758551400000,short,113350.0,318.67139683907266,6.876988678135795,False,H5,chop,67,0.25,41,1.5,18,2.625,2,2,agotada
1758617100000,long,113000.0,209.2371616367225,-1.5,False,H5,chop,96,0.25,26,1.75,7,1.1875,1,1,agotada
1758650400000,long,111870.0,295.6341424077629,-1.5000000000000209,False,H5,chop,20,0.25,10,14.0,6,3.5,10,6,agotada
1758687300000,long,111340.0,306.855268560784,2.4371517098341933,False,H5,trend,11,0.25,7,1.25,5,1.0625,6,4,agotada
1758814200000,long,110860.0,398.0764104546847,1.6550996651152043,False,H5,chop,11,0.25,5,1.5,2,1.875,4,1,fresca
1758895200000,short,109680.0,349.3390039963761,1.762369969042905,False,H5,chop,73,0.25,46,2.0,19,1.5,18,5,agotada
1759515300000,long,121980.0,630.264992859923,-0.5417700260848579,False,H5,chop,93,0.25,47,1.25,19,1.5625,2,0,agotada
1759633200000,short,124060.0,307.06511825428254,-1.5000000000000093,False,H5,chop,2,0.25,1,35.0,1,8.75,1,1,fresca
1759764600000,short,125130.0,401.05348656174704,-1.2556711109054184,False,H5,chop,9,0.25,7,1.5,2,7.875,5,2,fresca
1759777200000,short,126000.0,404.1987261498695,10.669402102389348,False,H5,chop,3,0.25,2,2.0,1,9.75,1,1,fresca
1759845600000,short,123880.0,406.9402357097074,8.68759583016422,False,H5,trend,96,0.25,38,2.0,13,1.5,8,7,agotada
1759858200000,long,121220.0,525.3400570413887,-1.4999999999999951,False,H5,chop,7,0.25,2,1.5,2,1.375,1,1,fresca
1759931100000,long,121790.0,404.43081920335794,1.4308234712182482,False,H5,chop,72,0.25,18,5.75,7,1.4375,5,4,agotada
1760024700000,long,120730.0,495.9088308502927,-1.499999999999997,False,H5,chop,4,0.25,8,1.75,4,1.9375,7,3,confirmada
1760103900000,short,122220.0,319.84272886412987,4.684381941477756,False,H5,chop,6,0.25,24,23.75,14,6.4375,10,12,agotada
1760116500000,long,117800.0,587.8020799660803,-1.2546472620999696,False,H5,chop,1,0.25,0,0.0,0,0.0,0,0,virgen
1760156100000,short,112440.0,983.8066380438376,0.9735904994474588,False,H5,chop,91,0.25,47,1.25,19,1.0625,6,2,agotada
1760183100000,long,112280.0,491.80418612074664,-1.3204934903668386,False,H5,chop,55,0.25,15,1.75,3,1.9375,9,2,confirmada
1760236200000,short,110420.0,460.35420357374153,1.3129504298921513,False,H5,chop,93,0.25,47,1.5,19,1.625,6,3,agotada
1760280300000,long,111330.0,447.221903544083,8.566608404153506,False,H5,trend,77,0.25,31,1.75,9,1.6875,21,6,agotada
1760372100000,short,114880.0,587.8444276972767,-1.2066379779053042,False,H5,chop,76,0.25,21,1.25,9,1.0625,10,6,agotada
1760453100000,short,111780.0,568.5336756338472,1.1908472934181042,False,H5,chop,83,0.25,44,3.75,17,1.6875,6,6,agotada
1760461200000,long,112280.0,671.3978759582078,-1.2757823692265313,False,H5,trend,46,0.25,11,2.0,10,1.25,2,3,agotada
1760541300000,long,110690.0,528.9574812553091,-1.4999999999999893,False,H5,chop,4,0.25,9,1.25,2,6.8125,8,2,fresca
1760562900000,long,110680.0,492.4929493171847,0.6283313620786787,False,H5,chop,23,0.25,15,1.25,4,1.3125,14,3,confirmada
1760625900000,short,111320.0,562.796744067282,28.43642322143125,False,H5,trend,73,0.25,44,1.75,19,1.6875,19,8,agotada
1760633100000,long,107980.0,737.6908786490942,-1.121942824123205,False,H5,trend,4,0.25,1,1.75,1,1.1875,0,0,fresca
1760691600000,long,104830.0,521.32492944744,-1.2807633253508095,False,H5,chop,4,0.25,0,0.0,0,0.0,0,0,virgen
1760708700000,long,105150.0,689.7498494443265,-1.3729826262543958,False,H5,chop,21,0.25,6,1.75,2,1.4375,4,1,fresca
1760940900000,short,111150.0,387.4414844483048,-1.4012435073820235,False,H5,chop,2,0.25,1,1.25,0,0.0,0,0,virgen
1760978700000,long,110430.0,421.33688284246773,-1.36657793467276,False,H5,chop,68,0.25,43,2.75,19,1.1875,8,3,agotada
1761050700000,short,109280.0,405.0358959576837,2.292667154709648,False,H5,chop,64,0.25,32,8.75,10,2.1875,7,4,agotada
1761067800000,long,112300.0,727.7782072718522,-1.1124432449252617,False,H5,chop,91,0.25,47,1.5,19,1.375,2,1,agotada
1761172200000,long,106960.0,491.70779228288313,7.687833309465034,False,H5,chop,8,0.25,2,1.5,1,3.625,1,1,fresca
1761253200000,long,109420.0,416.54019420285914,2.7584700940770337,False,H5,chop,82,0.25,44,4.0,16,1.25,8,6,agotada
1761517800000,long,114330.0,385.98652064782715,3.9450246422098765,False,H5,chop,96,0.25,47,1.5,19,1.625,0,0,agotada
1761572700000,long,114800.0,309.3604874255542,-1.2345153658626287,False,H5,chop,74,0.25,44,1.75,19,1.4375,11,4,agotada
1761677100000,long,114700.0,384.61321141265876,-1.4093440304390736,False,H5,chop,86,0.25,39,2.75,19,1.6875,19,7,agotada
1761748200000,long,112220.0,322.9825534564855,-1.499999999999995,False,H5,chop,22,0.25,7,10.5,4,2.625,7,4,confirmada
1761762600000,short,111380.0,578.9433850810076,-1.2983010964938468,False,H5,trend,96,0.25,47,1.5,19,1.625,2,0,agotada
1761800400000,long,108460.0,589.0833662251185,2.2073737635128734,False,H5,chop,3,0.25,0,0.0,0,0.0,0,0,virgen
1761809400000,short,111260.0,520.6998210989618,4.511443084941503,False,H5,chop,67,0.25,43,1.5,19,1.875,9,3,agotada
1761939900000,short,109920.0,497.2698925952585,-1.2122458583844766,False,H5,chop,59,0.25,33,1.75,17,1.9375,15,7,agotada
1762140600000,long,108050.0,393.3515488411976,-1.3136880187226645,False,H5,chop,2,0.25,0,0.0,2,18.875,0,2,fresca
1762185600000,long,105690.0,586.9723061517071,-1.3087425026952615,False,H5,trend,3,0.25,0,0.0,0,0.0,0,0,virgen
1762247700000,long,103780.0,490.3543653727585,1.105923169909638,False,H5,chop,4,0.25,1,1.25,0,0.0,0,0,virgen
1762281000000,long,100600.0,648.5361494705107,-1.1412302375411545,False,H5,trend,3,0.25,1,1.5,0,0.0,0,0,virgen
1762317000000,long,101530.0,627.8221126936152,1.4472153124769274,False,H5,chop,44,0.25,11,1.5,3,1.125,3,2,confirmada
1762453800000,long,101290.0,596.6996727853602,0.3613991056589835,False,H5,chop,10,0.25,20,1.5,6,1.625,16,5,agotada
1762475400000,long,100860.0,462.52398047868417,0.811185924189829,False,H5,chop,23,0.25,11,1.5,6,1.125,10,5,agotada
1762520400000,long,99580.0,429.8758454556317,5.504596403833903,False,H5,trend,5,0.25,1,2.0,3,1.25,0,2,confirmada
1762797600000,short,105920.0,395.4424509313044,-1.4999999999999853,False,H5,chop,61,0.25,15,4.0,4,1.5,3,1,confirmada
1762883100000,long,102950.0,398.0399988234962,-1.3144983914810107,False,H5,chop,5,0.25,2,1.75,8,1.4375,1,2,agotada
1762894800000,long,102650.0,368.90302474308464,-1.4999999999999811,False,H5,chop,7,0.25,2,2.0,7,1.25,1,2,agotada
1762975800000,long,100980.0,460.17063462304884,0.6556017353093487,False,H5,chop,2,0.25,0,0.0,0,0.0,0,0,virgen
1762996500000,short,102400.0,391.34117238477404,1.0956861233424604,False,H5,chop,62,0.25,40,8.25,18,2.3125,4,3,agotada
1763005500000,short,102440.0,461.454765020461,1.503397606596292,False,H5,chop,58,0.25,39,1.75,18,2.9375,4,3,agotada
1763082900000,long,98870.0,583.5869253105285,0.51238118825744,False,H5,chop,22,0.25,6,1.25,2,1.3125,3,1,fresca
1763091900000,long,98840.0,480.1345079567729,-1.448909173446822,False,H5,chop,27,0.25,7,2.75,2,1.9375,5,1,fresca
1763172000000,short,95620.0,525.2467144998509,-1.2317036963471062,False,H5,chop,78,0.25,45,2.0,19,1.5,8,3,agotada
1763315100000,long,93900.0,403.45617544801564,0.9689344387033771,False,H5,chop,6,0.25,3,1.75,1,11.4375,2,1,fresca
1763323200000,long,93960.0,480.7701211951559,1.0116808486439925,False,H5,chop,14,0.25,6,2.0,1,12.0,5,1,fresca
1763340300000,long,94670.0,566.2885650263966,-1.2575613904123408,False,H5,trend,38,0.25,11,1.75,8,1.1875,3,6,agotada
1763390700000,short,95100.0,546.4387896660721,3.32451754904353,False,H5,trend,61,0.25,41,1.75,18,1.6875,8,8,agotada
1763426700000,long,91300.0,482.8113556986842,-1.408068185489624,False,H5,chop,8,0.25,3,3.75,2,1.1875,3,1,fresca
1763432100000,long,91120.0,508.14615515333446,-1.3334690846447126,False,H5,chop,5,0.25,2,2.25,1,1.5625,2,0,fresca
1763571600000,short,89880.0,519.7844972776829,-1.3848786278425538,False,H5,trend,96,0.25,47,2.0,19,1.25,3,1,agotada
1763581500000,long,88680.0,497.41651197824626,1.4235028515871955,False,H5,chop,6,0.25,2,1.75,0,0.0,1,0,virgen
1763660700000,long,86700.0,727.8405342170291,-1.1078608393237679,False,H5,trend,3,0.25,0,0.0,0,0.0,0,0,virgen
1763666100000,long,86300.0,706.5341398890404,-1.1517821528839407,False,H5,trend,3,0.25,2,1.25,0,0.0,1,0,virgen
1763696700000,short,86030.0,567.5698548705766,1.186719816978305,False,H5,chop,96,0.25,47,1.75,19,1.9375,1,0,agotada
1763735400000,long,83600.0,801.2371568028915,-1.209482305635865,False,H5,trend,26,0.25,7,1.5,2,1.625,3,1,fresca
1763948700000,long,86480.0,443.90690760771633,-1.225900670572461,False,H5,trend,72,0.25,43,1.75,19,1.4375,10,5,agotada
1763954100000,long,87230.0,470.2453554247027,-1.3171825624850588,False,H5,chop,89,0.25,46,1.25,19,1.8125,5,2,agotada
1764099000000,long,86180.0,435.1516952985735,14.502076970940063,False,H5,chop,4,0.25,12,4.5,12,1.875,9,8,agotada
1764104400000,short,87350.0,402.57760717691207,1.0091965841031498,False,H5,chop,86,0.25,38,2.0,12,1.25,18,8,agotada
1764171000000,short,87260.0,347.3339617475628,1.5415654366261593,False,H5,chop,81,0.25,47,1.5,17,1.875,19,12,agotada
1764211500000,short,91750.0,371.84249491248374,2.634287011807469,False,H5,chop,1,0.25,0,0.0,0,0.0,0,0,virgen
1764554400000,long,87100.0,446.6470293268668,-1.5000000000000222,False,H5,chop,5,0.25,1,2.0,0,0.0,0,0,virgen
1764563400000,long,85680.0,405.43989981615624,2.415841892312404,False,H5,chop,2,0.25,0,0.0,0,0.0,0,0,virgen
1764646200000,long,86300.0,389.149466843947,23.909771664008343,False,H5,trend,92,0.25,25,1.5,6,1.875,11,3,agotada
1764673200000,short,87240.0,296.46111108127394,-1.1575809068282683,False,H5,chop,18,0.25,23,3.0,14,1.75,11,3,agotada
1764754200000,long,92870.0,303.3567019607783,-1.3702179507192973,False,H5,chop,91,0.25,47,1.5,19,1.375,4,1,agotada
1764808200000,long,92780.0,400.41739023202996,1.8551545410841757,False,H5,chop,76,0.25,43,3.5,19,1.125,13,5,agotada
1764813600000,long,93130.0,420.50342346838875,-1.4999999999999751,False,H5,trend,91,0.25,47,2.0,19,1.5,10,4,agotada
1765129500000,short,90830.0,434.498042031248,-1.127064699831528,False,H5,chop,2,0.25,0,0.0,7,13.4375,0,2,agotada
1765145700000,long,89340.0,442.21463936686496,2.219743215022322,False,H5,chop,75,0.25,42,5.25,13,1.5625,24,10,agotada
1765213200000,long,89900.0,460.6785948570096,0.6988537789046322,False,H5,chop,22,0.25,30,2.0,17,1.25,6,6,agotada
1765231200000,short,91260.0,389.3239799443455,1.1394021388524014,False,H5,chop,58,0.25,19,8.0,6,2.5,8,5,agotada
1765313100000,long,92940.0,439.19773548288,-1.255330199816493,False,H5,chop,80,0.25,44,4.75,19,1.1875,2,1,agotada
1765422900000,long,89540.0,463.09187326074294,0.8439940951530324,False,H5,chop,1,0.25,3,45.25,5,11.8125,3,5,agotada
1765483200000,long,90790.0,481.7897223903858,1.4770906463911968,False,H5,chop,77,0.25,19,2.0,11,2.0,2,3,agotada
1765723500000,long,88890.0,259.8269831739955,-1.499999999999976,False,H5,chop,7,0.25,3,1.75,1,1.6875,2,0,fresca
1765767600000,long,89270.0,348.6278863173192,1.0698131799614277,False,H5,chop,64,0.25,15,2.0,5,1.75,1,2,agotada
1765812600000,long,86650.0,428.4549452910285,-1.4195076662833703,False,H5,chop,1,0.25,0,0.0,0,0.0,0,0,virgen
1765901700000,long,87700.0,471.625802314992,-1.27078325768329,False,H5,chop,96,0.25,27,1.25,8,1.0625,3,2,agotada
1765908000000,long,87070.0,442.99402632798336,1.3279334634968447,False,H5,chop,91,0.25,25,3.0,7,1.5,5,1,agotada
1765949400000,long,86310.0,258.5293129751527,0.9377889242968297,False,H5,chop,25,0.25,21,15.5,6,4.375,6,4,agotada
1765980000000,short,87650.0,293.2356702772817,-1.2359490161819537,False,H5,chop,49,0.25,18,11.0,12,3.5,14,6,agotada
1766070900000,long,87980.0,555.7248631176659,-1.4272776048998357,False,H5,trend,93,0.25,47,1.25,18,1.8125,4,1,agotada
1766083500000,short,86460.0,642.4835151180016,3.5014733649689647,False,H5,chop,78,0.25,45,1.75,19,1.6875,11,11,agotada
1766122200000,long,86700.0,411.2386781106512,8.173375624759492,False,H5,chop,65,0.25,38,1.5,15,1.375,12,9,agotada
1766157300000,short,88770.0,477.1780738746302,4.601949932504016,False,H5,trend,6,0.25,5,1.25,3,5.8125,4,3,confirmada
1766367900000,short,89090.0,347.7001845036183,-0.8449187915388671,False,H5,trend,12,0.25,4,1.75,4,3.4375,3,4,confirmada
1766418300000,long,89360.0,413.0721159122533,-1.2167052320974068,False,H5,chop,80,0.25,45,1.75,19,1.9375,5,1,agotada
1766602800000,short,87430.0,240.43691709577018,-1.4999999999999845,False,H5,chop,69,0.25,42,2.0,19,1.75,16,8,agotada
1766717100000,short,89200.0,325.0212729812169,-1.23378911987459,False,H5,chop,2,0.25,0,0.0,0,0.0,0,0,virgen
1767002400000,long,88030.0,309.9723407369062,-1.1683847598816461,False,H5,chop,66,0.25,40,9.0,16,2.5,3,2,agotada
1767010500000,long,86820.0,306.9336710114468,2.8520962911772263,False,H5,chop,1,0.25,0,0.0,2,17.0625,0,2,fresca
1767367800000,long,89050.0,401.5259115496563,0.5616668821420856,False,H5,trend,81,0.25,44,1.5,19,1.875,3,2,agotada
1767612600000,short,92940.0,209.56197024391935,-1.2876918498255048,False,H5,chop,26,0.25,8,1.5,2,1.875,5,1,fresca
1767627000000,long,93340.0,342.9334600080353,-0.12728745736058034,False,H5,trend,96,0.25,47,1.5,19,1.875,1,0,agotada
1767717900000,long,92360.0,360.30085128973326,-1.500000000000023,False,H5,chop,1,0.25,18,26.75,13,7.1875,9,5,agotada
1767735900000,short,93600.0,392.51546393594913,7.64102755075191,False,H5,chop,74,0.25,28,5.75,9,1.4375,9,6,agotada
1767796200000,long,91500.0,261.4018668308106,1.3808888888889237,False,H5,chop,10,0.25,4,4.5,7,1.625,4,3,agotada
1767816000000,short,91170.0,328.1283973942329,-1.3942609254967397,False,H5,chop,96,0.25,47,2.0,19,2.0,1,1,agotada
1767853800000,long,90200.0,244.26574464389657,-1.4999999999999893,False,H5,chop,2,0.25,0,0.0,0,0.0,0,0,virgen
1767862800000,long,90150.0,263.0908484653971,-1.4999999999999785,False,H5,chop,11,0.25,2,2.0,1,1.25,1,0,fresca
1768190400000,long,91760.0,308.4719706970908,-1.5000000000000022,False,H5,chop,94,0.25,47,2.0,19,2.0,1,0,agotada
1768204800000,long,91360.0,234.49361839792257,-1.5000000000000233,False,H5,chop,76,0.25,43,6.0,19,2.0,3,3,agotada
1768282200000,short,92050.0,229.66508042758667,-1.2969147060902797,False,H5,chop,24,0.25,11,9.5,4,2.375,10,4,confirmada
1768321800000,long,93110.0,377.2865636534864,3.0671162333724467,False,H5,chop,96,0.25,47,1.5,19,1.125,1,1,agotada
1768414500000,long,96650.0,466.09689886425747,-1.438191565500282,False,H5,chop,91,0.25,47,1.25,19,1.5625,3,1,agotada
1768460400000,short,96200.0,245.45889891961866,-1.4381630620543824,False,H5,chop,66,0.25,18,2.0,5,1.75,3,2,agotada
1768499100000,short,96950.0,445.30084147656095,6.064734229415945,False,H5,chop,59,0.25,21,1.75,7,1.4375,13,5,agotada
1768901400000,long,90990.0,282.30746501203174,-1.3830042666880036,False,H5,chop,14,0.25,4,1.5,1,1.375,1,0,fresca
1768922100000,long,90250.0,364.25009537869636,-1.1252167825445638,False,H5,chop,2,0.25,1,1.25,0,0.0,0,0,virgen
1769011200000,short,90260.0,424.00960476445283,8.344347623337065,False,H5,chop,12,0.25,27,11.0,16,3.0,5,4,agotada
1769095800000,long,88580.0,327.3334548599746,2.531169564235808,False,H5,chop,13,0.25,12,20.5,5,5.875,8,5,agotada
1769185800000,long,89490.0,373.01218044408915,0.9746621836603047,False,H5,trend,89,0.25,36,1.5,18,1.125,17,14,agotada
1769366700000,long,87000.0,323.55458888428825,-1.1989398125600936,False,H5,chop,1,0.25,0,0.0,0,0.0,0,0,virgen
1769437800000,long,87640.0,254.15388819343457,0.9246496822322031,False,H5,trend,88,0.25,22,1.5,5,1.625,13,3,agotada
1769445900000,long,87420.0,429.41853643313766,-1.357780856779099,False,H5,chop,59,0.25,19,1.75,6,1.1875,11,4,agotada
1769634000000,long,89050.0,420.4885830751409,-1.3476304084193371,False,H5,chop,71,0.25,44,2.0,19,1.25,17,6,agotada
1769655600000,long,87850.0,321.156800179763,-1.2350697065368093,False,H5,chop,2,0.25,12,32.0,10,8.75,8,8,agotada
1769710500000,short,84500.0,542.1481623251449,5.692956804086987,False,H5,trend,96,0.25,47,1.25,19,1.5625,2,0,agotada
1769738400000,short,82440.0,540.7541976057926,1.0368481984572555,False,H5,chop,96,0.25,47,2.0,19,1.5,0,0,agotada
1769747400000,short,82990.0,468.2975129884868,0.4040103849692009,False,H5,chop,87,0.25,45,3.5,19,1.125,2,1,agotada
1769870700000,long,80900.0,386.2169571506944,-1.2460918951355264,False,H5,chop,1,0.25,2,36.75,1,9.6875,2,1,fresca
1769876100000,long,80920.0,512.1503518314532,-1.1597788157993778,False,H5,chop,6,0.25,4,1.25,2,1.0625,3,1,fresca
1769907600000,short,78860.0,561.7042693106629,0.5124229604612635,False,H5,chop,78,0.25,43,2.0,19,1.25,3,2,agotada
1769914800000,short,78900.0,473.71941541160635,0.6604187119107651,False,H5,chop,76,0.25,43,2.0,19,1.75,5,2,agotada
1769990400000,long,76930.0,691.2003464328106,-1.2317167868732,False,H5,trend,24,0.25,9,2.0,4,2.0,7,3,confirmada
1770003900000,long,74600.0,756.8061005215303,18.267787919070273,False,H5,trend,1,0.25,0,0.0,0,0.0,0,0,virgen
1770131700000,long,77120.0,427.8969634047587,-1.3033445930703345,False,H5,trend,2,0.25,18,1.25,8,7.8125,10,7,agotada
1770139800000,short,75890.0,544.0214832266689,2.3194803797237875,False,H5,trend,96,0.25,47,1.5,19,1.375,4,2,agotada
1770165900000,short,76040.0,502.99127510447363,-1.1803332595959306,False,H5,chop,83,0.25,45,1.75,19,1.1875,8,5,agotada
1770228000000,long,72530.0,770.2777056319596,0.6582509479168276,False,H5,chop,3,0.25,0,0.0,0,0.0,0,0,virgen
1770257700000,long,71970.0,637.6556485788308,-1.3371193625649291,False,H5,chop,5,0.25,4,1.25,2,1.5625,3,1,fresca
1770291000000,long,70010.0,549.1849129763544,-1.2176059708106397,False,H5,chop,2,0.25,1,6.5,1,1.875,1,0,fresca
1770341400000,long,64050.0,1212.9151066901425,0.701966446547079,False,H5,chop,21,0.25,5,1.5,1,1.375,3,0,fresca
1770348600000,short,64690.0,1031.7385416291786,-1.1017277765087603,False,H5,trend,82,0.25,46,1.5,19,1.875,6,1,agotada
1770467400000,short,69340.0,568.9266996131219,-1.0671611425510854,False,H5,chop,62,0.25,19,6.5,13,2.125,5,5,agotada
1770653700000,long,69150.0,522.9789980408141,0.6845525201486123,False,H5,chop,25,0.25,21,1.25,11,1.0625,16,9,agotada
1770661800000,long,70200.0,529.9263025949984,0.5879339196497282,False,H5,chop,58,0.25,35,1.5,18,1.625,14,10,agotada
1770738300000,short,69270.0,450.26200107738805,-1.1602653581483258,False,H5,chop,80,0.25,44,1.75,18,1.9375,13,9,agotada
1770825600000,long,66460.0,627.2212018369062,-1.082008169330442,False,H5,trend,15,0.25,5,2.0,2,2.0,4,1,fresca
1770849000000,long,67520.0,434.9889404377076,-1.1845163423847516,False,H5,chop,70,0.25,18,1.5,4,1.625,5,2,confirmada
1770914700000,short,66250.0,512.4678504548311,-1.1314077518674062,False,H5,trend,96,0.25,47,1.75,19,1.1875,3,2,agotada
1770998400000,long,68570.0,430.1297495342998,2.603785103893557,False,H5,chop,96,0.25,47,2.0,19,2.0,0,5,agotada
1771004700000,short,69180.0,396.3146909504005,-1.4371889135861629,False,H5,chop,8,0.25,2,1.75,5,1.4375,1,4,agotada
1771182900000,long,68140.0,300.0111341259512,4.335201447192138,False,H5,trend,3,0.25,2,1.25,7,13.8125,1,2,agotada
1771245900000,long,69390.0,275.87954631944666,-1.254773235895708,False,H5,trend,96,0.25,34,1.75,16,1.1875,10,5,agotada
1771293600000,long,68580.0,278.4527412933942,-1.444888702410058,False,H5,trend,86,0.25,34,2.0,12,1.5,18,10,agotada
1771344900000,short,67730.0,380.109518447053,-1.156624149526956,False,H5,chop,91,0.25,46,2.25,19,1.0625,4,3,agotada
1771443900000,long,66100.0,356.6140114855004,0.5436940208511148,False,H5,chop,5,0.25,1,1.75,0,0.0,0,0,virgen
1771511400000,long,65910.0,260.9810568034379,9.378572787147982,False,H5,trend,11,0.25,5,1.5,2,4.625,4,2,fresca
1771517700000,long,66120.0,362.45131503463347,2.109056964791443,False,H5,chop,36,0.25,11,1.25,4,1.0625,10,3,confirmada
1771811100000,short,65090.0,347.29209938132357,-1.1309752731810905,False,H5,trend,96,0.25,47,1.75,19,1.4375,0,0,agotada
1771817400000,long,64720.0,325.87653094706593,0.9349812121792994,False,H5,chop,7,0.25,2,1.5,0,0.0,0,0,virgen
1771898400000,long,64110.0,361.6961332617813,-1.2664972017111205,False,H5,chop,14,0.25,5,6.0,3,1.5,5,2,confirmada
1771981200000,long,64180.0,332.57749689862305,4.792238240759761,False,H5,trend,96,0.25,28,2.0,9,1.25,12,5,agotada
1772028000000,long,66200.0,257.67012344230307,1.6340080563947166,False,H5,chop,96,0.25,47,2.0,15,1.5,0,2,agotada
1772065800000,short,68300.0,447.5791898750953,-1.2228193093710928,False,H5,chop,30,0.25,8,1.5,2,1.125,3,1,fresca
1772092800000,long,67800.0,257.02114143870716,1.5822517207473554,False,H5,chop,46,0.25,37,6.0,19,2.0,6,3,agotada
1772213400000,long,65170.0,325.93519596029995,1.6409827821378773,False,H5,chop,1,0.25,0,0.0,7,13.375,0,5,agotada
1772219700000,long,65240.0,304.7381683072893,0.7614998494046575,False,H5,chop,8,0.25,3,1.25,7,13.8125,2,5,agotada
1772273700000,long,63520.0,354.68842642231374,9.453489244955938,False,H5,chop,14,0.25,4,1.25,1,1.5625,3,0,fresca
1772289000000,long,64750.0,358.2805735639306,-1.2126482003247554,False,H5,chop,34,0.25,9,1.5,4,1.625,2,2,confirmada
1772333100000,short,68060.0,481.8130240809367,8.495498953495602,True,H5,chop,3,0.25,4,41.75,8,10.6875,4,8,agotada
1772397900000,long,65180.0,322.92416671599,0.7144630860648798,True,H5,chop,3,0.25,15,26.75,6,7.1875,5,4,agotada
1772413200000,long,66460.0,433.8384488777341,-1.3424370210938428,True,H5,trend,59,0.25,38,2.0,15,1.25,10,5,agotada
1772420400000,long,66240.0,401.4715641688258,0.8382396124545154,True,H5,chop,58,0.25,36,2.0,15,1.75,15,7,agotada
1772497800000,long,68760.0,327.31606422656415,0.6073453753917668,True,H5,chop,82,0.25,46,1.5,19,1.125,8,3,agotada
1772578800000,long,68270.0,399.98469427449055,-1.2305420177992314,True,H5,trend,83,0.25,37,2.0,17,1.75,8,4,agotada
1772595900000,long,67530.0,367.3798278200722,6.054191009535858,True,H5,chop,37,0.25,22,10.75,14,2.9375,7,6,agotada
1772602200000,long,67780.0,358.5678423309476,20.813217925266983,True,H5,trend,64,0.25,31,1.5,16,1.375,14,6,agotada
1772673300000,short,73080.0,369.3724640990942,0.6894749240644167,True,H5,chop,35,0.25,9,1.25,3,1.3125,5,2,confirmada
1772738100000,short,71330.0,415.88600832980364,-1.3075072604399631,True,H5,chop,89,0.25,34,2.25,8,1.8125,7,2,agotada
1773018900000,long,66290.0,382.68257155005216,0.4293666054754587,True,H5,chop,14,0.25,4,1.25,2,1.3125,3,1,fresca
1773049500000,short,68320.0,336.3506248604195,1.7420117741238041,True,H5,chop,2,0.25,2,23.75,9,6.4375,2,7,agotada
1773156600000,short,71340.0,499.307054501438,0.7206006697680906,True,H5,chop,5,0.25,2,1.5,1,1.875,1,0,fresca
1773164700000,long,70650.0,467.1069523338717,-1.1624004834400556,True,H5,chop,85,0.25,46,2.75,19,1.4375,7,2,agotada
1773236700000,short,70490.0,384.55465190531015,-1.0784805013512975,True,H5,chop,21,0.25,17,16.75,6,4.4375,10,5,agotada
1773243000000,short,70180.0,467.50539979592565,-1.1411593950841907,True,H5,chop,50,0.25,29,1.5,8,2.875,20,7,agotada
1773345600000,short,70400.0,310.1899163583977,0.7787950557962843,True,H5,chop,53,0.25,25,2.0,13,2.0,17,11,agotada
1773362700000,short,71490.0,323.7752710904769,-1.0912104514480738,True,H5,chop,2,0.25,1,31.75,4,8.1875,1,4,confirmada
1773412200000,short,73710.0,388.92316144618496,12.02314125732983,True,H5,trend,3,0.25,1,1.5,0,0.0,0,0,virgen
1773670500000,short,74280.0,362.1902519370427,-0.7049375418501787,True,H5,trend,9,0.25,5,1.25,2,2.5625,4,2,fresca
1773681300000,short,73830.0,363.0655368915483,-1.315573266328105,True,H5,chop,39,0.25,13,1.25,5,1.3125,10,4,agotada
1773714600000,long,75120.0,413.05966368610234,-1.3999576447508457,True,H5,chop,93,0.25,47,1.5,19,1.625,2,0,agotada
1773836100000,long,72700.0,258.13602413186277,-1.3528349610529733,True,H5,chop,3,0.25,1,1.25,7,1.0625,0,4,agotada
1773864900000,long,70710.0,359.1030561389329,0.48045829318720285,True,H5,chop,4,0.25,3,1.25,2,1.0625,2,1,fresca
1773924300000,short,69620.0,265.96316401070555,2.475455420789228,True,H5,chop,96,0.25,47,1.75,19,1.1875,0,0,agotada
1773933300000,short,69680.0,382.4744818731965,-1.1698856848146642,True,H5,trend,94,0.25,47,1.25,19,1.8125,4,1,agotada
1774016100000,long,69770.0,315.31368941282057,-1.2331589709152104,True,H5,chop,30,0.25,16,1.25,6,3.5625,10,6,agotada
1774232100000,long,67820.0,313.4904025068352,-1.50000000000002,True,H5,trend,18,0.25,6,1.25,1,1.5625,5,0,fresca
1774251000000,long,67760.0,334.5764230815429,3.471397464195562,True,H5,trend,22,0.25,7,1.5,2,1.875,6,1,fresca
1774461600000,long,70730.0,314.07765058303926,1.3798742432708535,True,H5,chop,58,0.25,39,2.0,19,1.5,19,12,agotada
1774620000000,long,66130.0,311.9145568931536,-1.2025391032770958,True,H5,chop,4,0.25,2,3.0,1,1.5,2,0,fresca
1774635300000,long,65550.0,328.21910454854554,7.934490211035054,True,H5,chop,6,0.25,2,1.25,1,1.5625,1,0,fresca
1774823400000,short,66360.0,221.28959148018967,2.8732077530557625,True,H5,trend,96,0.25,47,1.5,19,1.625,6,7,agotada
1774829700000,long,65820.0,367.66019804841824,4.565699503047548,True,H5,chop,7,0.25,4,1.25,5,1.0625,3,4,agotada
1774884600000,long,67490.0,302.52424416568385,-1.2587395873157508,True,H5,chop,91,0.25,47,1.5,19,1.875,6,2,agotada
1774921500000,short,67910.0,291.90400896784257,0.6871420101190716,True,H5,chop,23,0.25,7,10.75,3,3.4375,7,3,confirmada
1774949400000,long,66380.0,252.3735919136795,-1.2823985502060373,True,H5,chop,18,0.25,22,9.5,14,2.375,18,13,agotada
1775021400000,short,68570.0,252.3795582418066,-1.189005754878664,True,H5,chop,6,0.25,4,1.5,3,2.375,3,3,confirmada
1775055600000,short,68570.0,292.9284397838984,-1.3387129377197955,True,H5,chop,42,0.25,13,2.0,5,1.75,7,4,agotada
1775518200000,long,68480.0,251.95213145120096,1.8727998442367388,True,H5,chop,2,0.25,24,24.5,14,6.875,2,2,agotada
1775571300000,long,67850.0,274.5800904883532,8.082423202318878,True,H5,chop,3,0.25,10,2.25,11,1.5625,4,2,agotada
1775603700000,long,71420.0,511.0690542962081,-1.1314906836893215,True,H5,trend,96,0.25,47,1.25,19,1.8125,0,0,agotada
1775616300000,long,71270.0,361.20469072850824,5.902544461002724,True,H5,chop,90,0.25,46,1.75,19,1.6875,3,1,agotada
1775660400000,long,70830.0,356.40669748105233,1.1916135923926647,True,H5,chop,34,0.25,32,17.0,16,4.75,2,2,agotada
1775743200000,long,70770.0,206.65760248396745,-1.239557888592376,True,H5,chop,44,0.25,22,6.0,16,1.5,13,7,agotada
1775753100000,long,71910.0,320.0785229882394,0.6251462155506586,True,H5,chop,96,0.25,47,1.75,19,1.1875,4,3,agotada
1775836800000,long,72380.0,298.99872640897564,4.722011926203043,True,H5,chop,91,0.25,47,2.0,19,2.0,3,3,agotada
1775959200000,long,71600.0,297.16550715607264,-1.1321061234415142,True,H5,chop,2,0.25,7,40.0,10,10.5,6,7,agotada
1776033000000,long,70630.0,232.39438858268423,0.8853894346057642,True,H5,chop,14,0.25,4,6.5,2,1.625,4,1,fresca
1776087900000,long,70960.0,218.2668464215397,12.473140213832787,True,H5,trend,94,0.25,25,1.75,6,1.4375,10,3,agotada
1776098700000,short,72290.0,290.07030668950273,-1.493255961797707,True,H5,chop,4,0.25,11,1.75,11,1.1875,3,2,agotada
1776194100000,short,74230.0,359.39110240801085,0.8674341721645831,True,H5,chop,84,0.25,21,1.25,5,1.8125,2,1,agotada
1776239100000,long,73550.0,196.1175779212199,1.5237593473827862,True,H5,chop,3,0.25,16,9.75,13,2.9375,3,3,agotada
1776259800000,short,74350.0,224.29771971384605,-1.5000000000000262,True,H5,trend,72,0.25,37,1.5,10,1.375,16,6,agotada
1776352500000,short,74280.0,320.0471948401122,-1.2653971827327362,True,H5,chop,89,0.25,45,1.25,16,1.8125,20,7,agotada
1776422700000,long,75130.0,289.0280501244893,4.975519875611355,True,H5,chop,91,0.25,46,2.75,19,1.6875,5,5,agotada
1776440700000,long,77450.0,438.1553959738635,3.346214118469785,True,H5,chop,96,0.25,47,1.75,19,1.9375,1,0,agotada
1776618900000,long,75210.0,256.8335533295183,-1.1842127849834456,True,H5,chop,35,0.25,14,1.25,11,1.3125,9,7,agotada
1776774600000,short,76340.0,281.91636255102304,-1.5000000000000229,True,H5,trend,36,0.25,13,1.5,9,1.125,9,8,agotada
1776792600000,long,75250.0,365.8320671930395,-1.1685919295967468,True,H5,trend,7,0.25,26,2.5,14,1.375,9,10,agotada
1776957300000,long,78050.0,273.87315044766444,-1.3109259702869538,True,H5,chop,64,0.25,38,1.25,18,1.8125,9,6,agotada
1776968100000,short,77950.0,352.90239692602205,-1.2454081349300627,True,H5,chop,79,0.25,35,1.25,9,1.5625,10,4,agotada
1777239900000,long,77920.0,229.8552923300631,4.7872932125232674,True,H5,trend,95,0.25,47,1.75,19,1.4375,5,7,agotada
1777478400000,long,75860.0,268.2631843843837,-1.2144021604781203,True,H5,chop,12,0.25,7,21.0,3,6.0,6,3,confirmada
1777487400000,long,75100.0,343.14660057937516,7.532362344555667,True,H5,chop,2,0.25,0,0.0,0,0.0,0,0,virgen
1777510800000,short,76230.0,217.17985674630597,-1.3773887819108719,True,H5,chop,67,0.25,43,4.0,19,1.25,11,5,agotada
1777555800000,long,76120.0,202.4928730203178,17.862235067438522,True,H5,trend,91,0.25,35,1.5,12,1.375,9,6,agotada
1777639500000,short,77920.0,176.76198978286536,-1.2197897275811151,True,H5,chop,2,0.25,0,0.0,1,13.1875,0,1,fresca
1777844700000,long,78630.0,157.6199696048549,4.595769214464097,True,H5,chop,95,0.25,47,1.75,19,1.4375,2,2,agotada
1777860900000,short,79910.0,325.30884094423317,-1.2030734473858273,True,H5,chop,2,0.25,1,1.25,0,0.0,0,0,virgen
1777866300000,long,79960.0,354.9965904604471,2.6981847653221656,True,H5,chop,96,0.25,47,1.75,19,1.9375,1,0,agotada
1777952700000,short,80890.0,230.4960477077168,-1.2619223261668455,True,H5,chop,6,0.25,2,1.75,1,2.9375,1,1,fresca
1777990500000,long,81050.0,256.70108303904715,1.96606004523963,True,H5,chop,95,0.25,47,1.25,19,1.5625,2,1,agotada
1778067000000,short,82650.0,243.4358522966672,4.61476171984882,True,H5,chop,2,0.25,0,0.0,0,0.0,0,0,virgen
1778076900000,long,81380.0,299.4778078855113,0.4256368885601689,True,H5,chop,77,0.25,43,1.25,19,1.5625,8,5,agotada
1778167800000,long,79800.0,266.06658307681886,-1.2585127294028875,True,H5,chop,3,0.25,1,1.5,5,15.875,0,5,agotada
1778254200000,long,79650.0,278.12638239853925,4.0861013189208,True,H5,chop,73,0.25,20,1.5,6,1.875,12,4,agotada
1778470200000,long,80560.0,294.3974514279082,2.125801493391628,True,H5,chop,44,0.25,37,5.5,18,1.875,18,7,agotada
1778594400000,long,80410.0,203.5814163825174,-1.4999999999999782,True,H5,chop,12,0.25,11,2.0,13,1.5,10,11,agotada
1778779800000,long,81410.0,331.39642061789897,-1.216631874586002,True,H5,chop,96,0.25,47,1.5,19,1.375,1,3,agotada
1778853600000,long,78710.0,306.45413821169143,-1.3605841151814873,True,H5,trend,1,0.25,4,34.0,4,8.5,4,4,confirmada
1779061500000,long,77200.0,262.490893829506,-1.0974546128501246,True,H5,chop,1,0.25,0,0.0,0,0.0,0,0,virgen
1779068700000,long,76790.0,279.885746274823,-1.4270177694048798,True,H5,chop,6,0.25,2,1.75,1,1.4375,1,0,fresca
1779121800000,long,76210.0,300.4592063835919,1.4099571359838754,True,H5,chop,9,0.25,2,1.5,1,1.125,1,0,fresca
1779159600000,long,76580.0,217.20865100337375,1.3190258553147824,True,H5,chop,51,0.25,18,2.0,7,1.75,13,6,agotada
1779326100000,short,78100.0,180.20960729272238,1.5001493811353837,True,H5,chop,2,0.25,1,1.25,1,19.3125,0,1,fresca
1779361200000,long,77150.0,181.47386011174905,-1.499999999999975,True,H5,chop,32,0.25,34,12.0,17,3.75,16,7,agotada
1779572700000,long,76640.0,287.3374336796005,-1.2713440842588049,True,H5,chop,96,0.25,31,1.75,9,1.4375,5,2,agotada
1779633000000,long,76370.0,180.80146530371377,-1.2112778406619369,True,H5,chop,35,0.25,32,14.5,10,3.625,7,4,agotada
1779805800000,short,77940.0,330.1074912790045,14.861857023472451,True,H5,trend,6,0.25,4,21.5,2,5.625,4,2,fresca
1779920100000,long,74350.0,248.35498533867445,-1.3798826639806872,True,H5,chop,3,0.25,1,1.25,0,0.0,0,0,virgen
1779941700000,long,73020.0,303.3423036683214,0.5325527765587093,True,H5,chop,2,0.25,1,1.25,1,1.0625,0,0,fresca
1779979500000,long,72780.0,287.59676113811304,-1.500000000000008,True,H5,chop,17,0.25,4,1.75,1,2.6875,3,1,fresca
1780070400000,long,73770.0,297.0863108388743,-1.3321545053527524,True,H5,chop,96,0.25,36,2.0,9,2.0,0,0,agotada
1780271100000,long,73550.0,158.53052897054405,1.2211864526393446,True,H5,chop,38,0.25,26,1.75,16,1.9375,7,11,agotada
1780279200000,long,73230.0,205.2051895247913,1.4050958168327685,True,H5,chop,7,0.25,5,7.0,10,2.5,5,10,agotada
1780330500000,long,70830.0,316.12850761132023,0.7648808072259243,True,H5,chop,2,0.25,1,1.25,1,1.0625,0,0,fresca
1780366500000,long,70280.0,304.0436541070993,-1.180445158188752,True,H5,trend,1,0.25,0,0.0,0,0.0,0,0,virgen
1780394400000,long,69370.0,279.8142082499925,-1.5000000000000338,True,H5,chop,4,0.25,0,0.0,0,0.0,0,0,virgen
1780450200000,short,66990.0,396.6000096256331,-0.3790535358827331,True,H5,trend,93,0.25,47,1.5,19,1.375,4,2,agotada
1780466400000,short,67320.0,398.6819719261903,-1.3162137164932246,True,H5,chop,71,0.25,42,6.0,19,1.5,7,4,agotada
1780537500000,short,62790.0,483.52142415229775,-1.1002223212672118,True,H5,trend,96,0.25,47,1.75,19,1.4375,0,0,agotada
1780563600000,short,63600.0,421.47921105273537,0.6007056557859651,True,H5,chop,91,0.25,47,2.0,19,1.25,5,2,agotada
1780622100000,long,63280.0,336.3251522064513,-1.1327621936764087,True,H5,chop,53,0.25,19,1.25,6,1.3125,16,5,agotada
1780648200000,short,62800.0,500.61715173512727,0.7178716287297102,True,H5,chop,89,0.25,46,1.5,19,1.125,10,5,agotada
1780729200000,long,60740.0,428.2552862746564,0.9455383023718594,True,H5,chop,51,0.25,14,2.0,4,1.75,11,3,confirmada
1780877700000,long,63190.0,417.7976260862986,-1.257219281704711,True,H5,trend,96,0.25,47,1.25,19,1.0625,2,3,agotada
1780926300000,long,63440.0,363.6176429687804,0.8045685506258655,True,H5,chop,95,0.25,47,1.75,19,1.4375,4,3,agotada
1781133300000,long,61170.0,272.6122298451877,13.58593264672264,True,H5,chop,37,0.25,15,1.25,8,2.8125,14,8,agotada
1781275500000,long,63480.0,245.1577935613611,-1.4318602589294167,True,H5,trend,92,0.25,47,1.75,19,1.6875,12,5,agotada
1781544600000,long,66790.0,218.5954669735262,-1.4606254897184303,True,H5,chop,92,0.25,46,2.5,19,1.375,2,1,agotada
1736790300000,long,91640.0,678.9554687393137,0.6361659243062474,False,H21,chop,28,0.25,7,1.75,2,1.4375,3,1,fresca
1736864100000,long,96300.0,420.30444335758534,-1.286399541814005,False,H21,trend,93,0.25,47,1.25,19,1.5625,5,1,agotada
1736988300000,long,99710.0,387.66690080773907,-1.321506684579738,False,H21,chop,92,0.25,47,1.75,19,1.1875,2,1,agotada
1737136800000,long,104040.0,480.0587167905951,3.8627271383184216,False,H21,chop,91,0.25,47,2.0,19,1.5,1,0,agotada
1737673200000,long,103840.0,1020.6584541182391,-1.1271728064136166,False,H21,chop,78,0.25,31,2.0,15,1.75,14,8,agotada
1738566000000,long,93830.0,780.7116091020362,6.317433598397158,False,H21,chop,21,0.25,5,2.0,1,1.75,4,0,fresca
1738942200000,long,98270.0,556.7454696814303,1.0716888581205173,False,H21,chop,92,0.25,46,2.5,18,1.875,8,6,agotada
1740506400000,long,87240.0,724.525538244572,-1.1505122928643967,False,H21,chop,14,0.25,4,2.0,2,1.5,3,1,fresca
1740630600000,long,84700.0,512.5382482354279,0.601945320299872,False,H21,chop,40,0.25,10,1.5,3,1.125,6,2,confirmada
1740767400000,long,83700.0,721.7079257775958,1.1846447426482714,False,H21,chop,79,0.25,25,1.5,8,1.625,11,5,agotada
1741040100000,long,86050.0,867.9312369064437,0.3537554631182818,False,H21,chop,10,0.25,20,1.25,13,1.5625,9,5,agotada
1741065300000,long,83760.0,760.8680793385007,0.47020634682301027,False,H21,chop,15,0.25,4,1.25,2,1.3125,3,1,fresca
1741372200000,long,88100.0,871.7729947000862,0.4011795526200292,False,H21,chop,53,0.25,17,1.5,13,1.625,13,10,agotada
1741569300000,long,80820.0,640.286014798388,1.1694734582572304,False,H21,chop,10,0.5,3,1.25,1,1.3125,1,0,fresca
1741605300000,long,82090.0,573.2416295786829,0.5447041303731497,False,H21,chop,62,0.25,18,1.25,4,1.8125,12,3,confirmada
1741802400000,long,81780.0,584.6972413544227,1.348432905504502,False,H21,chop,30,0.25,32,2.0,14,1.5,7,9,agotada
1743696000000,long,81980.0,423.9384246939373,-1.2417214246950636,False,H21,chop,15,0.25,4,2.0,4,4.0,3,4,confirmada
1744028100000,long,76620.0,608.722581936562,-1.1573376819622947,False,H21,trend,26,0.25,8,1.25,2,1.0625,4,1,fresca
1744047000000,long,78310.0,961.6597689770335,-1.1017901581805039,False,H21,trend,75,0.25,20,1.5,5,1.375,7,2,agotada
1744214400000,long,77140.0,586.9121408797871,11.400049390876545,False,H21,trend,91,0.25,24,2.0,11,2.0,9,8,agotada
1744308900000,long,79230.0,555.7271443697384,0.7139077525475428,False,H21,chop,11,0.25,26,1.25,15,1.5625,4,7,agotada
1744596000000,long,84150.0,455.6785783020887,0.7374121423893429,False,H21,chop,55,0.25,30,2.0,17,1.5,12,6,agotada
1745282700000,long,87200.0,287.5061523365306,4.713049868050369,False,H21,chop,83,0.25,46,1.75,19,1.1875,13,6,agotada
1745351100000,long,91140.0,362.39679268547803,2.108848685819638,False,H21,chop,95,0.25,47,1.75,19,1.9375,2,0,agotada
1746727200000,long,100950.0,407.47044500497026,2.7252508256227537,False,H21,chop,96,0.25,47,2.0,19,1.5,2,1,agotada
1746785700000,long,103000.0,400.56686164582266,-1.3214194990344366,False,H21,chop,91,0.25,47,1.25,19,1.5625,3,2,agotada
1747037700000,long,104180.0,411.9654016409135,-1.3161066426483747,False,H21,chop,90,0.25,47,1.25,19,1.0625,14,8,agotada
1750638600000,long,100550.0,480.09610512646015,0.15345219086400702,False,H21,trend,44,0.25,12,1.5,4,1.125,4,2,confirmada
1752800400000,long,119780.0,475.447679186993,-1.3149137256407069,False,H21,trend,93,0.25,47,2.0,19,1.25,2,1,agotada
1756141200000,long,112180.0,420.7743678827919,-1.3332546150697562,False,H21,chop,53,0.25,15,2.0,7,1.25,5,5,agotada
1758703500000,long,112510.0,212.2594721305442,1.8004725505881192,False,H21,chop,91,0.25,46,1.75,13,1.1875,17,7,agotada
1758893400000,long,109050.0,335.3866555224246,1.0549825925011267,False,H21,chop,65,0.25,19,1.5,5,1.375,17,4,agotada
1759338900000,long,117240.0,332.0008874419518,-1.4414144827417812,False,H21,chop,94,0.25,47,1.25,19,1.3125,2,1,agotada
1760238000000,long,110040.0,543.2875530814413,16.26753631639926,False,H21,trend,19,0.25,7,2.0,4,1.75,5,3,confirmada
1760454900000,long,111130.0,566.9836284802058,0.8631414713774753,False,H21,chop,26,0.25,9,1.25,9,1.8125,5,6,agotada
1762308900000,long,101020.0,757.3854340182999,2.465419080075559,False,H21,chop,37,0.25,9,1.25,2,1.5625,5,1,fresca
1762317000000,long,101530.0,627.8221126936152,0.6798442446838285,False,H21,chop,44,0.25,11,1.5,3,1.125,3,2,confirmada
1762455600000,long,101630.0,591.3849219424798,-1.2148135593020049,False,H21,chop,16,0.25,22,2.0,7,1.75,13,5,agotada
1763490600000,long,93180.0,520.4517030385283,-1.223795982067092,False,H21,chop,96,0.25,29,1.5,7,1.625,6,1,agotada
1763752500000,long,84460.0,806.7630101771053,-1.130862469731752,False,H21,chop,45,0.25,12,1.25,3,1.8125,5,1,confirmada
1763759700000,long,84460.0,698.7254180861745,-1.1510965498996328,False,H21,trend,53,0.25,14,1.25,4,1.3125,6,2,confirmada
1764109800000,long,87050.0,407.9758140368792,0.8415378351381846,False,H21,chop,47,0.25,34,1.5,17,1.625,18,9,agotada
1764789300000,long,92540.0,476.12496804429446,3.4164874963009644,False,H21,chop,70,0.25,43,1.25,19,1.8125,12,4,agotada
1764819900000,long,93430.0,366.4994729391066,-1.3186566656247416,False,H21,chop,95,0.25,47,1.75,19,1.9375,6,2,agotada
1764947700000,long,90960.0,418.6602003473916,-1.2715806276919928,False,H21,chop,25,0.25,7,1.25,7,1.8125,5,5,agotada
1764962100000,long,89030.0,511.38281577647496,0.5827589576199754,False,H21,chop,13,0.25,3,1.25,1,19.8125,2,1,fresca
1765873800000,long,86160.0,268.788345150186,1.3727033679994398,False,H21,chop,64,0.25,16,1.5,4,1.125,6,3,confirmada
1766094300000,long,85250.0,603.2800068677246,4.1673054878555,False,H21,chop,12,0.25,4,1.75,6,1.4375,2,5,agotada
1767016800000,long,87300.0,263.3607466120683,2.0997972316704177,False,H21,chop,28,0.25,17,2.0,12,1.5,11,7,agotada
1768229100000,long,90620.0,287.8016011518498,6.5800653149741475,False,H21,chop,60,0.25,40,1.75,18,1.6875,12,7,agotada
1768869900000,long,92670.0,227.62855028991268,-1.4999999999999831,False,H21,chop,68,0.25,21,1.75,6,1.1875,12,4,agotada
1769438700000,long,87810.0,270.9786104653319,1.2097126390790465,False,H21,chop,91,0.25,22,1.75,5,1.6875,1,1,agotada
1769783400000,long,82760.0,372.41364033349527,-1.2777825213581355,False,H21,trend,51,0.25,13,1.5,3,1.625,6,2,confirmada
1769798700000,long,83050.0,619.5785639314115,-1.1675534081445298,False,H21,trend,69,0.25,17,1.75,4,1.6875,4,1,confirmada
1769895000000,long,77760.0,739.4200169589578,-1.1314543801502146,False,H21,trend,13,0.25,3,1.5,1,1.375,2,0,fresca
1770237000000,long,73500.0,675.1705652294173,-1.136076725988168,False,H21,chop,18,0.25,6,1.5,2,1.125,5,1,fresca
1770480000000,long,69000.0,548.5345213837027,-1.1572371412147975,False,H21,trend,39,0.25,34,2.0,10,2.0,4,2,agotada
1770653700000,long,69150.0,522.9789980408141,0.49924327932499835,False,H21,chop,25,0.25,21,1.25,11,1.0625,16,9,agotada
1772578800000,long,68270.0,399.98469427449055,-1.2133519137645745,True,H21,trend,83,0.25,37,2.0,17,1.75,8,4,agotada
1772635500000,long,71290.0,452.98934888771373,3.2395298114697013,True,H21,chop,95,0.25,47,1.75,19,1.6875,3,1,agotada
1773033300000,long,67120.0,353.6535159325815,0.734739855895768,True,H21,chop,82,0.25,31,1.25,9,1.3125,17,8,agotada
1773044100000,long,67380.0,328.7009602014565,17.143064210135098,True,H21,trend,88,0.25,38,1.25,12,1.0625,8,6,agotada
1773242100000,long,70080.0,458.32119978022695,-1.1911323326130334,True,H21,chop,82,0.25,40,1.25,18,1.8125,12,5,agotada
1773714600000,long,75120.0,413.05966368610234,-1.227327934085956,True,H21,chop,93,0.25,47,1.5,19,1.625,2,0,agotada
1773762300000,long,73800.0,356.9197284355701,0.7360852102092659,True,H21,chop,50,0.25,38,1.75,18,1.9375,19,7,agotada
1775108700000,long,66540.0,259.0339226819167,-1.3210969402727017,True,H21,chop,14,0.25,12,1.75,8,1.4375,9,7,agotada
1776823200000,long,76210.0,270.40221702666327,12.787947615636387,True,H21,trend,95,0.25,47,2.0,19,1.5,9,4,agotada
1777555800000,long,76090.0,202.4928730203178,17.033788803951563,True,H21,trend,90,0.25,34,1.5,11,1.375,13,7,agotada
1777897800000,long,78910.0,273.31252057703324,-1.360896382616307,True,H21,chop,64,0.25,39,1.5,18,1.125,6,4,agotada
1777990500000,long,81050.0,256.70108303904715,1.55189417960524,True,H21,chop,95,0.25,47,1.25,19,1.5625,2,1,agotada
1779799500000,long,77060.0,177.57380292141758,-1.500000000000015,True,H21,chop,70,0.25,39,1.75,18,1.1875,16,9,agotada
1780470000000,long,66940.0,376.19979175822345,-1.2224217073830235,True,H21,chop,43,0.25,12,2.0,4,1.75,6,3,confirmada
1780599600000,long,63650.0,439.5203268311026,0.6816190250554373,True,H21,chop,61,0.25,16,2.0,4,1.75,9,3,confirmada
1780926300000,long,63440.0,363.6176429687804,0.7397880856487877,True,H21,chop,95,0.25,47,1.75,19,1.4375,4,3,agotada
1781275500000,long,63460.0,245.1577935613611,-0.7915050177420899,True,H21,trend,88,0.25,47,1.75,19,1.6875,12,5,agotada
1736366400000,short,94270.0,640.2934905832494,-1.184036698378207,False,H21s,trend,95,0.25,47,2.0,19,2.0,2,0,agotada
1736460000000,short,92170.0,539.6919882568282,-1.2134782477911732,False,H21s,trend,95,0.25,47,2.0,19,1.5,4,2,agotada
1737217800000,short,104070.0,449.6623604302943,-1.2893003983600348,False,H21s,trend,59,0.25,18,1.5,6,1.125,6,3,agotada
1737322200000,short,105250.0,567.0025755273746,5.481610014898703,False,H21s,trend,62,0.25,20,1.5,8,1.375,16,7,agotada
1737408600000,short,103760.0,1036.9429837900038,0.3528609310121571,False,H21s,chop,65,0.25,40,1.5,18,1.375,7,9,agotada
1738541700000,short,97370.0,772.8760302554466,6.5531604466453865,False,H21s,trend,95,0.25,47,1.25,19,1.0625,6,2,agotada
1738556100000,short,94000.0,1008.6812264522556,-1.116488734913084,False,H21s,trend,96,0.25,47,1.25,19,1.0625,3,1,agotada
1738682100000,short,99250.0,595.3093842618214,-1.2084000408524294,False,H21s,chop,76,0.25,22,1.25,15,1.8125,11,7,agotada
1738699200000,short,99310.0,728.2906281511029,0.5406609629532109,False,H21s,trend,82,0.25,24,2.0,15,2.0,13,9,agotada
1738767600000,short,98330.0,421.00918236988275,1.0229794694159564,False,H21s,chop,62,0.25,42,2.0,16,1.75,15,9,agotada
1740415500000,short,94900.0,433.0373527964108,-1.2739371078128954,False,H21s,chop,94,0.25,47,1.75,19,1.1875,2,1,agotada
1740428100000,short,94440.0,428.4606999540679,2.562689335998362,False,H21s,chop,95,0.25,47,1.25,19,1.0625,2,2,agotada
1740510000000,short,87240.0,704.7337801385681,0.4882789449925506,False,H21s,chop,96,0.25,47,2.0,19,1.75,4,2,agotada
1740585600000,short,87680.0,636.7758738875352,7.882251374842391,False,H21s,trend,87,0.25,47,2.0,19,2.0,9,3,agotada
1740722400000,short,80360.0,844.3575014040507,-1.118966195992769,False,H21s,trend,94,0.75,47,2.0,19,1.5,2,1,agotada
1740781800000,short,84280.0,533.6790710028156,-1.1974032817176814,False,H21s,chop,37,0.25,34,1.5,17,1.625,12,8,agotada
1740995100000,short,92000.0,508.4984009590404,-1.2261560700743719,False,H21s,chop,69,0.25,17,1.75,4,1.4375,4,1,confirmada
1741185000000,short,89780.0,615.8219136849034,-0.8222687110997907,False,H21s,trend,17,0.25,8,1.5,8,1.625,3,3,agotada
1741317300000,short,87570.0,919.8005671306522,0.32452188804125814,False,H21s,chop,93,0.25,46,1.25,14,1.8125,4,3,agotada
1741362300000,short,89150.0,824.1893291888289,3.5764208686949877,False,H21s,chop,55,0.25,40,1.75,13,1.9375,13,7,agotada
1741545900000,short,82910.0,562.0501847540718,0.6731301348690119,False,H21s,chop,95,0.25,47,1.75,19,1.6875,2,0,agotada
1741797000000,short,82140.0,582.7670565126612,-1.1761853194214849,False,H21s,trend,77,0.25,24,1.5,15,1.125,8,9,agotada
1742433300000,short,86260.0,422.67043548759125,0.7902157456270285,False,H21s,chop,11,0.25,3,1.25,1,1.3125,1,0,fresca
1743374700000,short,82530.0,273.97499178035514,4.225449529087153,False,H21s,chop,94,0.25,47,1.75,19,1.6875,10,5,agotada
1743442200000,short,83330.0,421.2035537451673,-1.2472972962213396,False,H21s,trend,15,0.25,16,1.5,11,1.375,12,6,agotada
1743732900000,short,83030.0,299.7034444245911,-1.3463006579696248,False,H21s,chop,58,0.25,39,1.25,18,1.5625,8,6,agotada
1743975000000,short,79340.0,520.1785976081364,2.231054241760554,False,H21s,chop,96,0.25,47,1.5,19,1.375,3,1,agotada
1743994800000,short,78400.0,592.8025049754722,4.256026718827514,False,H21s,trend,94,0.25,47,2.0,19,1.75,3,1,agotada
1744382700000,short,82200.0,505.15536917514936,0.6930260563299222,False,H21s,chop,22,0.25,23,1.75,7,1.6875,13,5,agotada
1744572600000,short,84470.0,384.7512432520168,-0.47761367438407343,False,H21s,trend,85,0.25,29,1.5,8,1.875,6,3,agotada
1746781200000,short,103090.0,413.88405786751383,0.8485599046172579,False,H21s,chop,38,0.25,11,2.0,3,1.25,8,2,confirmada
1747067400000,short,102950.0,470.546800046374,0.8207818010066514,False,H21s,chop,96,0.25,47,1.5,19,1.125,2,2,agotada
1748569500000,short,105830.0,394.81593876184286,-1.3350611943754283,False,H21s,chop,95,0.25,47,1.75,19,1.4375,2,1,agotada
1750135500000,short,107310.0,342.669668112006,6.3729415037869925,False,H21s,chop,69,0.25,19,1.75,6,1.1875,9,4,agotada
1750269600000,short,104510.0,395.2870611615318,1.2587128837575208,False,H21s,chop,91,0.25,47,2.0,19,1.5,12,5,agotada
1750626900000,short,99360.0,497.4838788544483,-1.2496563311478437,False,H21s,chop,92,0.25,47,1.25,19,1.3125,5,2,agotada
1752606900000,short,117090.0,526.6746523052025,-1.2778992673358887,False,H21s,chop,92,0.25,47,1.25,19,1.8125,10,3,agotada
1752848100000,short,119060.0,401.4655710462665,2.25317252153775,False,H21s,trend,94,0.25,38,1.25,13,1.5625,17,10,agotada
1753672500000,short,119370.0,255.73718763790382,-1.5000000000000195,False,H21s,chop,41,0.25,11,1.25,2,1.8125,6,1,fresca
1758581100000,short,112600.0,231.73687069430775,-1.5000000000000173,False,H21s,chop,94,0.25,47,1.75,19,1.6875,6,3,agotada
1759278600000,short,114010.0,247.48531871898382,-1.5000000000000018,False,H21s,chop,55,0.25,25,1.5,8,1.125,7,4,agotada
1759521600000,short,122600.0,542.8418466212429,0.7563743827456895,False,H21s,chop,16,0.25,4,2.0,1,2.0,3,0,fresca
1760032800000,short,120950.0,536.5315541239703,-1.2817867818545274,False,H21s,chop,93,0.25,47,2.0,19,1.5,1,1,agotada
1760137200000,short,113630.0,1941.1070535737485,1.8626078573788662,False,H21s,chop,93,0.25,47,2.0,19,1.75,2,0,agotada
1760359500000,short,114740.0,401.7485469371083,-1.3570019134940423,False,H21s,chop,67,0.25,18,1.75,9,1.1875,6,5,agotada
1760564700000,short,111120.0,505.7194307887978,0.9531174217454712,False,H21s,chop,92,0.25,47,1.75,19,1.4375,11,4,agotada
1760712300000,short,105550.0,714.2339454909268,-1.1847258882512421,False,H21s,chop,90,0.25,46,1.75,19,1.6875,5,1,agotada
1761804000000,short,110230.0,575.2194612337455,-1.2395390095190284,False,H21s,chop,92,0.25,47,2.0,19,1.5,4,3,agotada
1762284600000,short,101320.0,673.5743977776774,2.547162331279134,False,H21s,chop,95,0.25,47,1.5,19,1.875,2,0,agotada
1762302600000,short,101020.0,662.7961782097531,-1.1905186000635593,False,H21s,trend,91,0.25,47,1.5,19,1.125,5,2,agotada
1762466400000,short,101240.0,500.37494008068995,-1.2529103475477714,False,H21s,chop,95,0.25,47,2.0,19,1.5,8,4,agotada
1762884000000,short,103470.0,399.258570336103,1.1417193865526096,False,H21s,chop,96,0.25,47,2.0,13,1.5,1,1,agotada
1763046900000,short,102850.0,572.9586247349251,3.7330487886268706,False,H21s,chop,40,0.25,35,1.25,17,1.8125,8,5,agotada
1763106300000,short,97450.0,657.3727338819638,0.7326811084620086,False,H21s,chop,94,0.25,47,1.75,19,1.9375,3,0,agotada
1763163900000,short,94850.0,620.4996359683607,-1.191075857466004,False,H21s,chop,95,0.25,47,1.75,19,1.9375,4,1,agotada
1763689500000,short,87220.0,525.9334191532864,2.438559622365766,False,H21s,chop,90,0.25,47,1.75,19,1.4375,7,2,agotada
1764086400000,short,87000.0,397.2463596505144,-1.273759588623221,False,H21s,chop,95,0.25,42,2.0,13,2.0,14,9,agotada
1764097200000,short,87200.0,405.14989513917345,0.8205193616528709,False,H21s,chop,92,0.25,40,2.0,12,1.75,16,8,agotada
1764774000000,short,92880.0,534.7789922766339,0.9529450620909903,False,H21s,chop,51,0.25,12,2.0,3,1.75,3,2,confirmada
1767584700000,short,92900.0,263.5121697115975,-1.4406817344606817,False,H21s,chop,11,0.25,2,1.75,0,0.0,0,0,virgen
1768196700000,short,92070.0,246.3953284819175,1.2387765298984106,False,H21s,chop,14,0.25,3,1.75,2,1.4375,2,1,fresca
1768415400000,short,97000.0,490.8899775168103,1.0497090799720414,False,H21s,chop,15,0.25,4,1.5,1,1.625,3,0,fresca
1768460400000,short,96200.0,245.45889891961866,-1.4898987183975487,False,H21s,chop,66,0.25,18,2.0,5,1.75,3,2,agotada
1768487400000,short,96750.0,298.29370853395676,0.7630212659380791,False,H21s,trend,80,0.25,23,1.5,7,1.625,10,5,agotada
1768925700000,short,90840.0,361.0226044906028,3.4672990493201676,False,H21s,chop,95,0.25,47,1.25,19,1.0625,2,1,agotada
1769893200000,short,77960.0,758.7652267689684,-1.1284323484550913,False,H21s,chop,95,0.25,47,2.0,19,1.25,2,1,agotada
1769998500000,short,77410.0,672.0711549589955,2.6887926771834856,False,H21s,chop,91,0.25,46,1.25,19,1.5625,11,5,agotada
1770160500000,short,75810.0,570.047844235196,-1.1662360466026147,False,H21s,chop,86,0.25,45,1.25,19,1.8125,7,3,agotada
1770310800000,short,68270.0,911.0805535510978,8.573108176383242,False,H21s,trend,94,0.25,47,2.0,19,1.25,1,1,agotada
1770365700000,short,65080.0,711.6300738253981,0.5349537360334566,False,H21s,chop,74,0.25,43,1.25,19,1.0625,8,3,agotada
1770910200000,short,67890.0,424.40437687491897,5.533276268163276,False,H21s,chop,39,0.25,27,1.5,17,1.875,13,6,agotada
1771248600000,short,68820.0,382.2244764081003,-0.017934075769028862,False,H21s,trend,72,0.25,43,1.5,18,1.375,11,6,agotada
1772481600000,short,69080.0,461.4842121336444,0.521615894262236,True,H21s,chop,18,0.25,4,2.0,1,2.0,2,0,fresca
1772657100000,short,73460.0,442.8972735643182,-0.28518311423695525,True,H21s,trend,19,0.25,5,1.75,2,1.1875,3,1,fresca
1773322200000,short,70370.0,286.5162986649847,1.0523586897903636,True,H21s,chop,62,0.25,28,1.5,13,1.375,16,11,agotada
1773414900000,short,72730.0,409.76610265935426,5.195946914224342,True,H21s,chop,14,0.25,4,1.25,1,1.8125,2,0,fresca
1774218600000,short,68250.0,293.0284505479192,-1.2911406719739351,True,H21s,chop,93,0.25,47,1.5,19,1.625,2,0,agotada
1774447200000,short,71590.0,294.6123733188477,0.8182262700570833,True,H21s,chop,19,0.25,8,2.0,4,1.5,6,3,confirmada
1774930500000,short,67820.0,266.3302841715686,0.9762533545221778,True,H21s,chop,41,0.25,13,1.25,5,1.0625,10,4,agotada
1775656800000,short,71640.0,335.61809777081,0.705946237425872,True,H21s,chop,58,0.25,15,2.0,4,1.5,7,3,confirmada
1779120900000,short,76600.0,299.3714530284842,0.9350423935490185,True,H21s,chop,94,0.25,47,1.25,19,1.0625,2,1,agotada
1780314300000,short,72710.0,194.31301639429574,10.531250532485773,True,H21s,trend,96,0.25,47,1.75,19,1.9375,0,1,agotada
1780421400000,short,67800.0,372.7019580837255,2.6521638677428223,True,H21s,chop,94,0.25,47,1.5,19,1.375,3,1,agotada
