sym,ts,ts_ms,session,direction,close,range_bars,range_pct,cvd_rng,vr,ext_pct,pre_cvd_ok,score,result_r,bars_held,reason,cum_delta,last5_delta,avg_obi,avg_vpin,expansion_n,stacked_bear,stacked_bull,oi_mom_n,vr_brk,dz_dir,obi_brk,flags
BTCUSDT,06-06 08:27,1780734420000,London,Long,61185.7,15,0.288,179.0,2.32,0.024,True,3.0,0.262,60,TIMEOUT,329.0,136.0,0.183,0.264,11,19,6,19,2.32,-1.73,-0.044,presion_compradora_fuerte|pre_cvd_ok|vr_bajo(2.3x)
BTCUSDT,06-06 09:47,1780739220000,London,Short,60961.7,15,0.425,-67.0,4.01,0.099,True,3.0,2.0,43,TARGET,82.0,-21.0,0.251,0.212,4,16,9,10,4.01,-2.22,-0.811,pre_cvd_ok|vr_ok(4.0x)|obi_alineado
BTCUSDT,06-06 11:02,1780743720000,London,Long,60737.3,15,0.496,319.0,2.82,0.199,True,2.0,0.454,60,TIMEOUT,703.0,104.0,-0.227,0.221,2,18,7,0,2.82,-1.77,-0.705,rango_ok|presion_compradora_fuerte|pre_cvd_ok|vr_bajo(2.8x)|VPIN_TOXICO
BTCUSDT,06-06 12:03,1780747380000,London,Long,60935.1,15,0.378,200.0,3.06,0.003,True,4.0,-1.0,26,STOP,273.0,326.0,-0.114,0.277,6,16,9,0,3.06,-2.71,-0.084,presion_compradora_fuerte|pre_cvd_ok|vr_ok(3.1x)
BTCUSDT,06-06 14:58,1780757880000,LondonNyOverlap,Short,60788.6,15,0.212,-44.0,2.41,0.096,False,4.0,2.0,20,TARGET,-42.0,19.0,0.215,0.235,0,18,7,1,2.41,-0.26,-0.969,rango_limpio|presion_vendedora_leve|vr_bajo(2.4x)|obi_alineado
BTCUSDT,06-06 16:26,1780763160000,LondonNyOverlap,Short,60582.5,15,0.276,-36.0,7.51,0.078,True,3.0,1.0,20,STOP,61.0,-23.0,0.098,0.202,2,16,9,6,7.51,-6.36,-0.335,rango_ok|pre_cvd_ok|vr_fuerte(7.5x)|obi_alineado|VPIN_TOXICO
BTCUSDT,06-06 18:28,1780770480000,NewYork,Long,60698.8,20,0.496,21.0,2.03,0.057,False,3.0,0.172,60,TIMEOUT,-3.0,-36.0,-0.187,0.225,0,17,8,8,2.03,0.82,-0.546,rango_limpio|dz_ok(0.8)|vr_bajo(2.0x)
BTCUSDT,06-07 08:02,1780819320000,London,Long,62399.7,15,0.344,1488.0,2.7,0.032,False,0,2.0,46,TARGET,1210.0,-30.0,0.052,0.288,10,17,8,0,2.7,-2.16,-0.594,presion_compradora_fuerte|vr_bajo(2.7x)|VPIN_TOXICO
BTCUSDT,06-07 09:47,1780825620000,London,Short,62400.5,15,0.211,-415.0,5.45,0.101,True,6.0,1.0,5,STOP,-793.0,-22.0,0.178,0.291,17,16,9,1,5.45,-5.4,-0.418,presion_vendedora_fuerte|pre_cvd_ok|vr_fuerte(5.4x)|obi_alineado
BTCUSDT,06-07 11:36,1780832160000,London,Long,62595.2,15,0.196,182.0,2.84,0.094,False,5.0,-1.0,33,STOP,218.0,-7.0,0.089,0.326,0,17,8,15,2.84,-1.82,0.324,rango_limpio|presion_compradora_fuerte|vr_bajo(2.8x)|obi_alineado
BTCUSDT,06-07 14:17,1780841820000,LondonNyOverlap,Long,61877.0,15,0.139,133.0,2.33,0.131,False,4.0,2.0,13,TARGET,131.0,-33.0,0.153,0.286,0,13,12,6,2.33,-2.26,0.818,rango_limpio|presion_compradora_leve|vr_bajo(2.3x)|obi_alineado
BTCUSDT,06-07 15:28,1780846080000,LondonNyOverlap,Long,61932.6,15,0.294,197.0,3.79,0.101,True,4.0,0.943,60,TIMEOUT,431.0,110.0,-0.147,0.274,9,18,7,7,3.79,-4.02,-0.092,presion_compradora_fuerte|pre_cvd_ok|vr_ok(3.8x)
BTCUSDT,06-07 16:55,1780851300000,LondonNyOverlap,Short,62077.5,15,0.155,-69.0,2.19,0.075,False,2.0,1.0,9,STOP,-105.0,13.0,0.155,0.215,1,17,8,8,2.19,-1.96,0.007,rango_ok|presion_vendedora_leve|vr_bajo(2.2x)
BTCUSDT,06-07 18:49,1780858140000,NewYork,Short,62093.0,15,0.172,-26.0,2.44,0.06,False,1.0,2.0,9,TARGET,12.0,10.0,-0.128,0.288,4,15,10,15,2.44,-2.13,-0.414,vr_bajo(2.4x)|obi_alineado
BTCUSDT,06-07 20:21,1780863660000,NewYork,Long,61798.4,15,0.42,264.0,3.57,0.184,True,5.0,-0.212,60,TIMEOUT,237.0,185.0,-0.003,0.31,16,12,13,16,3.57,-3.17,0.814,presion_compradora_fuerte|pre_cvd_ok|vr_ok(3.6x)|obi_alineado
BTCUSDT,06-08 08:21,1780906860000,London,Short,62979.0,15,0.304,-38.0,3.2,0.05,True,4.0,1.0,41,STOP,-91.0,-65.0,0.251,0.222,6,15,10,0,3.2,-3.84,-0.66,presion_vendedora_leve|pre_cvd_ok|vr_ok(3.2x)|obi_alineado
BTCUSDT,06-08 09:34,1780911240000,London,Short,63160.1,15,0.445,-203.0,2.02,0.165,True,2.0,-0.312,60,TIMEOUT,241.0,-144.0,-0.132,0.239,19,20,5,12,2.02,-1.3,-0.485,COMPRADORES_DOMINAN|pre_cvd_ok|vr_bajo(2.0x)|obi_alineado
BTCUSDT,06-08 11:10,1780917000000,London,Long,63418.6,15,0.33,15.0,2.56,0.299,True,2.0,-1.0,53,STOP,-275.0,273.0,0.053,0.347,4,12,13,9,2.56,-2.57,0.989,pre_cvd_ok|vr_bajo(2.6x)|obi_alineado
BTCUSDT,06-08 14:57,1780930620000,LondonNyOverlap,Long,64030.7,15,0.251,150.0,9.92,0.182,True,5.0,-1.045,60,TIMEOUT,319.0,102.0,0.038,0.231,0,19,6,14,9.92,-6.71,-0.529,rango_limpio|presion_compradora_fuerte|pre_cvd_ok|vr_fuerte(9.9x)|VPIN_TOXICO
BTCUSDT,06-08 16:24,1780935840000,LondonNyOverlap,Long,64007.0,15,0.352,80.0,3.27,0.047,True,4.0,-1.0,8,STOP,-117.0,87.0,0.052,0.247,0,21,4,17,3.27,-4.03,-0.076,rango_limpio|pre_cvd_ok|vr_ok(3.3x)
BTCUSDT,06-08 18:50,1780944600000,NewYork,Short,63332.2,15,0.289,-28.0,3.94,0.005,True,1.0,1.0,13,STOP,-90.0,-33.0,-0.06,0.256,11,17,8,0,3.94,-5.22,0.355,presion_vendedora_leve|pre_cvd_ok|vr_ok(3.9x)|VPIN_TOXICO
BTCUSDT,06-08 20:09,1780949340000,NewYork,Short,63301.6,15,0.174,-107.0,2.41,0.018,False,4.0,1.0,47,STOP,-91.0,12.0,-0.021,0.246,0,21,4,0,2.36,-1.67,-0.851,rango_limpio|presion_vendedora_leve|vr_bajo(2.4x)|obi_alineado
BTCUSDT,06-08 21:43,1780954980000,NewYork,Long,63787.2,15,0.286,69.0,3.04,0.008,True,3.0,-1.0,17,STOP,86.0,35.0,0.136,0.308,5,14,11,4,3.04,-1.08,-0.793,presion_compradora_leve|pre_cvd_ok|vr_ok(3.0x)
BTCUSDT,06-09 08:05,1780992300000,London,Short,62968.0,15,0.235,-82.0,5.1,0.106,True,5.0,0.712,60,TIMEOUT,-32.0,-83.0,-0.046,0.258,9,16,9,0,5.1,-0.1,-0.783,presion_vendedora_leve|pre_cvd_ok|vr_fuerte(5.1x)|obi_alineado
BTCUSDT,06-09 09:08,1780996080000,London,Short,62690.3,15,0.329,-139.0,3.24,0.084,True,4.0,0.297,60,TIMEOUT,-145.0,-99.0,-0.363,0.335,6,17,8,3,3.24,-3.01,-0.6,presion_vendedora_leve|pre_cvd_ok|vr_ok(3.2x)|obi_alineado
BTCUSDT,06-09 10:55,1781002500000,London,Long,62750.2,15,0.218,140.0,5.5,0.0,True,6.0,-1.0,8,STOP,99.0,169.0,-0.181,0.259,1,14,11,8,5.5,-3.82,0.672,rango_ok|presion_compradora_leve|pre_cvd_ok|vr_fuerte(5.5x)|obi_alineado
BTCUSDT,06-09 12:01,1781006460000,London,Long,62750.0,20,0.262,57.0,3.56,0.078,True,5.0,-1.0,33,STOP,-7.0,84.0,0.09,0.341,0,15,10,18,3.56,-1.0,0.844,rango_limpio|pre_cvd_ok|vr_ok(3.6x)|obi_alineado
BTCUSDT,06-09 13:19,1781011140000,LondonNyOverlap,Short,62344.3,15,0.401,-227.0,12.71,0.121,True,6.0,1.658,60,TIMEOUT,-162.0,-141.0,-0.044,0.239,1,14,11,12,12.71,-6.56,-0.734,rango_ok|presion_vendedora_leve|pre_cvd_ok|vr_fuerte(12.7x)|obi_alineado
BTCUSDT,06-09 15:55,1781020500000,LondonNyOverlap,Short,61119.3,30,0.483,-111.0,2.86,0.085,False,1.0,-0.531,60,TIMEOUT,59.0,26.0,0.009,0.202,7,17,8,11,2.86,-2.46,-0.098,vr_bajo(2.9x)|obi_alineado
BTCUSDT,06-09 18:18,1781029080000,NewYork,Long,61934.5,30,0.415,46.0,4.17,0.177,False,3.0,-1.0,26,STOP,-61.0,-32.0,-0.212,0.271,0,14,11,5,4.17,-4.2,-0.995,rango_limpio|vr_ok(4.2x)
BTCUSDT,06-09 19:31,1781033460000,NewYork,Long,61969.3,15,0.326,10.0,6.02,0.132,True,4.0,0.101,60,TIMEOUT,-182.0,1.0,0.031,0.239,6,17,8,0,6.02,-4.82,0.603,pre_cvd_ok|vr_fuerte(6.0x)|obi_alineado
BTCUSDT,06-09 21:18,1781039880000,NewYork,Short,61972.6,15,0.218,-322.0,4.61,0.051,True,7.0,2.0,46,TARGET,-580.0,-235.0,0.06,0.391,0,15,10,0,4.33,-3.39,-0.739,rango_limpio|presion_vendedora_fuerte|pre_cvd_ok|vr_ok(4.3x)|obi_alineado
BTCUSDT,06-10 08:24,1781079840000,London,Short,61481.2,30,0.346,-412.0,2.38,0.037,True,2.0,2.0,55,TARGET,-196.0,-25.0,0.112,0.267,3,17,8,7,2.38,-1.6,0.574,presion_vendedora_leve|pre_cvd_ok|vr_bajo(2.4x)
BTCUSDT,06-10 10:30,1781087400000,London,Long,61376.9,15,0.358,67.0,2.2,0.071,True,4.0,-1.0,34,STOP,117.0,27.0,-0.02,0.253,8,16,9,13,2.2,1.15,0.507,presion_compradora_leve|pre_cvd_ok|dz_ok(1.1)|vr_bajo(2.2x)|obi_alineado
BTCUSDT,06-10 12:30,1781094600000,London,Long,61491.2,30,0.47,41.0,23.2,0.444,True,7.0,0.4,60,TIMEOUT,32.0,15.0,0.104,0.214,0,13,12,3,23.2,-6.82,0.792,rango_limpio|presion_compradora_leve|pre_cvd_ok|vr_fuerte(23.2x)|obi_alineado
BTCUSDT,06-10 13:31,1781098260000,LondonNyOverlap,Long,61753.9,15,0.501,435.0,2.56,0.062,True,4.0,0.248,60,TIMEOUT,447.0,398.0,0.156,0.205,6,13,12,13,2.56,-0.38,0.662,presion_compradora_fuerte|pre_cvd_ok|vr_bajo(2.6x)|obi_alineado
BTCUSDT,06-10 14:59,1781103540000,LondonNyOverlap,Long,62170.8,15,0.42,83.0,2.28,0.2,True,4.0,1.126,60,TIMEOUT,178.0,30.0,-0.251,0.182,0,21,4,1,2.28,-0.78,-0.298,rango_limpio|presion_compradora_leve|pre_cvd_ok|vr_bajo(2.3x)
BTCUSDT,06-10 16:47,1781110020000,LondonNyOverlap,Short,61959.2,15,0.541,-43.0,4.99,0.146,True,5.0,0.454,60,TIMEOUT,-334.0,-109.0,0.045,0.247,4,19,6,4,4.99,-4.56,-0.083,presion_vendedora_fuerte|pre_cvd_ok|vr_ok(5.0x)|obi_alineado
BTCUSDT,06-10 21:09,1781125740000,NewYork,Short,61591.1,20,0.328,-22.0,2.92,0.018,True,2.0,2.0,49,TARGET,-46.0,-101.0,0.093,0.276,3,15,10,0,2.92,-0.84,0.268,presion_vendedora_leve|pre_cvd_ok|vr_bajo(2.9x)
ETHUSDT,06-06 17:23,1780766580000,NewYork,Short,1556.74,20,0.401,-872.0,2.18,0.03,False,2.0,1.0,11,STOP,1245.0,526.0,-0.089,0.303,1,14,11,9,2.18,-2.56,-0.378,rango_ok|COMPRADORES_DOMINAN|PRE_CVD_CONTRA|vr_bajo(2.2x)|obi_alineado
ETHUSDT,06-06 18:26,1780770360000,NewYork,Long,1559.52,15,0.48,2329.0,2.36,0.17,True,5.0,-0.365,60,TIMEOUT,1524.0,4507.0,-0.217,0.284,0,16,9,6,2.36,-2.28,-0.74,rango_limpio|presion_compradora_fuerte|pre_cvd_ok|vr_bajo(2.4x)
ETHUSDT,06-06 21:11,1780780260000,NewYork,Long,1561.5,15,0.269,534.0,5.56,0.131,True,3.0,-1.0,53,STOP,-198.0,647.0,-0.076,0.291,6,10,15,1,5.56,-1.66,-0.457,pre_cvd_ok|vr_fuerte(5.6x)
ETHUSDT,06-07 08:05,1780819500000,London,Short,1610.19,15,0.34,-356.0,3.75,0.017,True,7.0,1.0,23,STOP,-723.0,-587.0,-0.166,0.229,0,13,12,0,3.75,-2.9,-0.264,rango_limpio|presion_vendedora_fuerte|pre_cvd_ok|vr_ok(3.8x)|obi_alineado
ETHUSDT,06-07 09:15,1780823700000,London,Long,1644.6,15,0.404,4099.0,3.91,0.124,True,4.0,-1.0,9,STOP,6005.0,3975.0,-0.107,0.176,17,11,14,0,3.91,-4.31,-0.038,presion_compradora_fuerte|pre_cvd_ok|vr_ok(3.9x)
ETHUSDT,06-07 10:48,1780829280000,London,Short,1625.11,15,0.423,-5591.0,6.98,0.079,True,6.0,1.0,59,STOP,-5473.0,-2008.0,0.26,0.262,2,13,12,8,6.98,-5.41,0.25,rango_ok|presion_vendedora_fuerte|pre_cvd_ok|vr_fuerte(7.0x)
ETHUSDT,06-07 12:09,1780834140000,London,Short,1619.6,15,0.401,-4139.0,15.14,0.337,True,5.0,0.217,60,TIMEOUT,-5701.0,-5933.0,-0.201,0.316,9,15,10,8,15.14,-6.68,0.165,presion_vendedora_fuerte|pre_cvd_ok|vr_fuerte(15.1x)
ETHUSDT,06-07 14:18,1780841880000,LondonNyOverlap,Long,1621.7,15,0.231,3758.0,2.18,0.075,True,6.0,2.0,4,TARGET,6305.0,1089.0,-0.11,0.226,0,16,9,5,2.18,-2.37,0.425,rango_limpio|presion_compradora_fuerte|pre_cvd_ok|vr_bajo(2.2x)|obi_alineado
ETHUSDT,06-07 15:45,1780847100000,LondonNyOverlap,Short,1627.29,15,0.395,-300.0,3.97,0.099,False,1.0,-0.226,60,TIMEOUT,5435.0,85.0,-0.0,0.213,12,10,15,10,3.97,-0.62,-0.534,COMPRADORES_DOMINAN|vr_ok(4.0x)|obi_alineado|STACKED_CONTRA
ETHUSDT,06-07 20:20,1780863600000,NewYork,Long,1622.57,15,0.441,8917.0,2.29,0.029,False,2.0,0.513,60,TIMEOUT,9004.0,-885.0,0.137,0.317,13,12,13,0,2.29,-2.06,-0.939,presion_compradora_fuerte|PRE_CVD_CONTRA|vr_bajo(2.3x)
ETHUSDT,06-07 21:40,1780868400000,NewYork,Short,1624.75,15,0.234,-1200.0,2.84,0.054,True,3.0,1.0,12,STOP,-3810.0,-1846.0,-0.106,0.3,3,15,10,0,2.84,-1.57,0.145,presion_vendedora_fuerte|pre_cvd_ok|vr_bajo(2.8x)
ETHUSDT,06-08 08:01,1780905660000,London,Short,1667.24,15,0.48,-2835.0,2.04,0.105,True,4.0,0.48,60,TIMEOUT,-4553.0,-1943.0,0.02,0.255,3,16,9,7,2.04,-1.46,-0.138,presion_vendedora_fuerte|pre_cvd_ok|vr_bajo(2.0x)|obi_alineado
ETHUSDT,06-08 09:16,1780910160000,London,Long,1670.23,15,0.525,2457.0,2.94,0.287,True,4.0,-1.0,19,STOP,2447.0,1215.0,0.266,0.26,4,14,11,11,2.94,-2.27,0.903,presion_compradora_fuerte|pre_cvd_ok|vr_bajo(2.9x)|obi_alineado
ETHUSDT,06-08 11:10,1780917000000,London,Long,1680.95,15,0.336,4768.0,4.72,0.505,True,3.0,-0.555,60,TIMEOUT,4092.0,6429.0,0.126,0.234,3,13,12,4,4.72,-4.16,0.707,presion_compradora_fuerte|pre_cvd_ok|vr_ok(4.7x)|obi_alineado|VPIN_TOXICO
ETHUSDT,06-08 14:57,1780930620000,LondonNyOverlap,Long,1692.47,15,0.497,8353.0,3.89,0.162,True,7.0,-0.207,60,TIMEOUT,7892.0,2898.0,0.076,0.195,0,14,11,13,3.89,-4.96,0.897,rango_limpio|presion_compradora_fuerte|pre_cvd_ok|vr_ok(3.9x)|obi_alineado
ETHUSDT,06-08 16:21,1780935660000,LondonNyOverlap,Long,1701.35,15,0.483,4067.0,3.58,0.041,True,4.0,-1.0,11,STOP,1956.0,4007.0,-0.002,0.272,9,14,11,16,3.58,-2.28,-0.066,presion_compradora_fuerte|pre_cvd_ok|vr_ok(3.6x)
ETHUSDT,06-08 18:00,1780941600000,NewYork,Long,1688.71,15,0.388,5478.0,2.97,0.169,True,4.0,-1.0,47,STOP,2435.0,736.0,0.067,0.304,10,15,10,6,2.97,-2.71,0.985,presion_compradora_fuerte|pre_cvd_ok|vr_bajo(3.0x)|obi_alineado
ETHUSDT,06-08 19:02,1780945320000,NewYork,Long,1685.93,15,0.488,1565.0,2.06,0.018,False,2.0,-0.237,60,TIMEOUT,2236.0,-1651.0,0.243,0.272,7,14,11,0,2.06,-2.35,-0.372,presion_compradora_fuerte|PRE_CVD_CONTRA|vr_bajo(2.1x)
ETHUSDT,06-08 21:00,1780952400000,NewYork,Long,1689.81,15,0.233,298.0,2.26,0.068,True,3.0,2.0,4,TARGET,2402.0,854.0,0.054,0.27,12,10,15,0,2.26,-2.69,-0.995,presion_compradora_fuerte|pre_cvd_ok|vr_bajo(2.3x)
ETHUSDT,06-09 08:05,1780992300000,London,Short,1674.83,30,0.309,-4968.0,4.67,0.07,True,4.0,-0.079,60,TIMEOUT,-343.0,-1595.0,-0.358,0.232,5,15,10,3,4.67,-0.36,0.917,presion_vendedora_fuerte|pre_cvd_ok|vr_ok(4.7x)
ETHUSDT,06-09 09:16,1780996560000,London,Long,1677.84,15,0.339,1268.0,2.61,0.033,True,3.0,-1.0,17,STOP,3069.0,429.0,0.03,0.29,4,12,13,12,2.61,-1.27,-0.949,presion_compradora_fuerte|pre_cvd_ok|vr_bajo(2.6x)
ETHUSDT,06-09 10:52,1781002320000,London,Long,1673.33,15,0.191,1181.0,3.61,0.063,False,2.0,-1.0,11,STOP,1896.0,-356.0,-0.114,0.251,2,14,11,7,3.61,-3.62,-0.971,rango_ok|presion_compradora_fuerte|PRE_CVD_CONTRA|vr_ok(3.6x)|VPIN_TOXICO
ETHUSDT,06-09 11:58,1781006280000,London,Long,1672.18,15,0.194,955.0,9.28,0.047,True,4.0,2.0,5,TARGET,4206.0,1551.0,-0.005,0.337,1,9,16,15,9.28,-6.49,-0.277,rango_ok|presion_compradora_fuerte|pre_cvd_ok|vr_fuerte(9.3x)|VPIN_TOXICO
ETHUSDT,06-09 12:59,1781009940000,London,Long,1675.93,15,0.308,2223.0,2.59,0.019,True,3.0,-1.0,20,STOP,-184.0,1589.0,0.235,0.278,2,17,8,0,2.59,-2.73,0.935,rango_ok|pre_cvd_ok|vr_bajo(2.6x)|obi_alineado
ETHUSDT,06-09 18:18,1781029080000,NewYork,Long,1654.15,15,0.511,3037.0,6.52,0.424,False,7.0,-0.378,60,TIMEOUT,4342.0,-27.0,-0.066,0.228,0,13,12,12,6.52,-4.97,0.7,rango_limpio|presion_compradora_fuerte|vr_fuerte(6.5x)|obi_alineado
ETHUSDT,06-09 21:18,1781039880000,NewYork,Short,1654.44,15,0.289,-2013.0,2.53,0.047,True,5.0,1.005,60,TIMEOUT,-6155.0,-2288.0,-0.192,0.375,1,15,10,4,2.54,-1.35,-0.941,rango_ok|presion_vendedora_fuerte|pre_cvd_ok|vr_bajo(2.5x)|obi_alineado
ETHUSDT,06-10 08:32,1781080320000,London,Short,1631.48,15,0.456,-1324.0,4.07,0.001,False,0,2.0,36,TARGET,288.0,541.0,0.18,0.274,8,12,13,9,4.07,-3.44,0.895,COMPRADORES_DOMINAN|PRE_CVD_CONTRA|vr_ok(4.1x)|STACKED_CONTRA
ETHUSDT,06-10 09:56,1781085360000,London,Long,1624.79,30,0.529,7061.0,2.5,0.118,True,2.0,0.358,60,TIMEOUT,-32.0,2804.0,-0.097,0.219,13,17,8,14,2.5,-0.26,0.75,pre_cvd_ok|vr_bajo(2.5x)|obi_alineado
ETHUSDT,06-10 12:05,1781093100000,London,Long,1622.99,15,0.474,4583.0,2.12,0.018,True,4.0,2.0,25,TARGET,7625.0,5783.0,-0.049,0.258,7,12,13,11,2.12,-0.87,0.597,presion_compradora_fuerte|pre_cvd_ok|vr_bajo(2.1x)|obi_alineado
ETHUSDT,06-10 13:21,1781097660000,LondonNyOverlap,Long,1636.57,15,0.265,5215.0,3.0,0.096,True,0,2.0,14,TARGET,-749.0,108.0,0.016,0.293,9,14,11,7,3.0,-5.55,0.87,pre_cvd_ok|vr_bajo(3.0x)|obi_alineado|VPIN_TOXICO
ETHUSDT,06-10 18:50,1781117400000,NewYork,Short,1623.7,15,0.421,-6840.0,3.93,0.034,True,2.0,1.0,10,STOP,1830.0,-2873.0,0.049,0.238,7,17,8,0,3.93,-1.28,0.986,COMPRADORES_DOMINAN|pre_cvd_ok|vr_ok(3.9x)
BNBUSDT,06-06 08:00,1780732800000,London,Short,578.57,20,0.548,-4531.0,2.08,0.102,True,5.0,1.0,30,STOP,-3964.0,-376.0,0.0,0.0,0,0,0,0,0.56,0.0,0.0,rango_limpio|presion_vendedora_fuerte|pre_cvd_ok|vr_bajo(0.6x)
BNBUSDT,06-06 09:45,1780739100000,London,Short,576.79,20,0.505,-1127.0,9.29,0.553,True,3.0,0.796,60,TIMEOUT,76.0,-526.0,0.0,0.0,0,0,0,0,2.31,0.0,0.0,rango_limpio|pre_cvd_ok|vr_bajo(2.3x)
BNBUSDT,06-06 12:20,1780748400000,London,Short,573.26,45,0.452,-690.0,2.72,0.075,True,3.0,1.0,30,STOP,1286.0,-112.0,0.0,0.0,0,0,0,0,0.56,0.0,0.0,rango_limpio|COMPRADORES_DOMINAN|pre_cvd_ok|vr_bajo(0.6x)
BNBUSDT,06-06 15:02,1780758120000,LondonNyOverlap,Short,574.29,15,0.374,-396.0,2.76,0.141,True,6.0,-0.875,60,TIMEOUT,-291.0,-224.0,-0.004,0.291,2,14,11,6,3.85,-3.91,-0.941,rango_ok|presion_vendedora_fuerte|pre_cvd_ok|vr_ok(3.8x)|obi_alineado
BNBUSDT,06-06 16:19,1780762740000,LondonNyOverlap,Short,574.39,15,0.534,-767.0,2.32,0.094,True,3.0,0.069,60,TIMEOUT,-1017.0,-99.0,0.081,0.303,0,17,8,0,2.32,-2.9,0.881,rango_limpio|presion_vendedora_fuerte|pre_cvd_ok|vr_bajo(2.3x)|VPIN_TOXICO
BNBUSDT,06-06 18:26,1780770360000,NewYork,Long,575.65,15,0.309,273.0,4.62,0.092,True,7.0,-0.922,60,TIMEOUT,511.0,70.0,-0.234,0.249,0,12,13,0,4.62,0.55,-0.681,rango_limpio|presion_compradora_fuerte|pre_cvd_ok|dz_ok(0.5)|vr_ok(4.6x)
BNBUSDT,06-07 08:28,1780820880000,London,Long,590.73,15,0.406,483.0,4.1,0.102,True,2.0,2.0,20,TARGET,-1617.0,276.0,-0.192,0.334,14,11,13,0,4.1,-3.25,-0.327,pre_cvd_ok|vr_ok(4.1x)
BNBUSDT,06-07 09:34,1780824840000,London,Short,594.44,15,0.449,-3808.0,2.66,0.106,True,3.0,0.473,60,TIMEOUT,-4281.0,-1736.0,0.03,0.378,0,16,9,0,2.66,-3.42,0.878,rango_limpio|presion_vendedora_fuerte|pre_cvd_ok|vr_bajo(2.7x)|VPIN_TOXICO
BNBUSDT,06-07 11:06,1780830360000,London,Long,594.42,15,0.36,598.0,5.42,0.088,True,6.0,-0.342,60,TIMEOUT,350.0,168.0,-0.092,0.276,2,13,12,4,5.42,-4.66,-0.625,rango_ok|presion_compradora_fuerte|pre_cvd_ok|vr_fuerte(5.4x)
BNBUSDT,06-07 12:07,1780834020000,London,Short,593.34,15,0.182,-211.0,2.29,0.002,True,2.0,2.0,2,TARGET,172.0,-249.0,0.203,0.265,0,10,15,5,2.29,-1.85,0.641,rango_limpio|pre_cvd_ok|vr_bajo(2.3x)|STACKED_CONTRA
BNBUSDT,06-07 13:50,1780840200000,LondonNyOverlap,Long,589.9,15,0.234,356.0,2.14,0.141,True,4.0,0.294,60,TIMEOUT,660.0,549.0,0.184,0.294,0,11,14,9,2.14,-3.04,0.574,rango_limpio|presion_compradora_fuerte|pre_cvd_ok|vr_bajo(2.1x)|obi_alineado|VPIN_TOXICO
BNBUSDT,06-07 15:39,1780846740000,LondonNyOverlap,Long,593.21,15,0.373,1693.0,2.04,0.035,True,2.0,-1.0,10,STOP,1827.0,957.0,-0.081,0.341,5,9,16,15,2.04,-2.04,0.155,presion_compradora_fuerte|pre_cvd_ok|vr_bajo(2.0x)|obi_alineado|VPIN_TOXICO
BNBUSDT,06-07 17:22,1780852920000,NewYork,Long,597.58,20,0.407,1372.0,3.22,0.102,True,3.0,-0.115,60,TIMEOUT,1228.0,65.0,-0.112,0.291,13,11,14,5,3.22,-2.58,0.401,presion_compradora_fuerte|pre_cvd_ok|vr_ok(3.2x)|obi_alineado|VPIN_TOXICO
BNBUSDT,06-07 19:17,1780859820000,NewYork,Short,589.18,15,0.309,-264.0,2.14,1.003,True,3.0,-0.222,60,TIMEOUT,-592.0,-43.0,-0.115,0.273,9,13,12,0,0.77,0.17,0.99,presion_vendedora_fuerte|pre_cvd_ok|vr_bajo(0.8x)
BNBUSDT,06-07 21:12,1780866720000,NewYork,Long,595.19,15,0.323,265.0,2.44,0.066,True,3.0,-1.0,29,STOP,526.0,55.0,0.001,0.374,14,9,16,3,2.44,-0.81,-0.93,presion_compradora_fuerte|pre_cvd_ok|vr_bajo(2.4x)
BNBUSDT,06-08 08:00,1780905600000,London,Short,595.63,20,0.297,-94.0,2.28,0.079,True,4.0,-0.138,60,TIMEOUT,-43.0,-71.0,-0.041,0.339,0,15,10,14,2.28,-1.38,0.75,rango_limpio|presion_vendedora_leve|pre_cvd_ok|vr_bajo(2.3x)
BNBUSDT,06-08 09:01,1780909260000,London,Long,596.6,15,0.421,200.0,2.6,0.077,True,2.0,0.902,60,TIMEOUT,-618.0,742.0,0.047,0.344,3,12,13,10,2.6,0.52,-0.542,pre_cvd_ok|dz_ok(0.5)|vr_bajo(2.6x)
BNBUSDT,06-08 10:18,1780913880000,London,Short,597.88,15,0.248,-530.0,4.5,0.144,True,4.0,1.0,16,STOP,-716.0,-397.0,0.125,0.24,10,14,11,12,4.5,-3.67,0.716,presion_vendedora_fuerte|pre_cvd_ok|vr_ok(4.5x)
BNBUSDT,06-08 11:35,1780918500000,London,Long,603.77,15,0.404,1130.0,3.64,0.113,True,3.0,-1.0,27,STOP,996.0,862.0,0.009,0.316,17,11,14,1,3.64,-3.65,0.083,presion_compradora_fuerte|pre_cvd_ok|vr_ok(3.6x)|obi_alineado|VPIN_TOXICO
BNBUSDT,06-08 12:36,1780922160000,London,Long,601.9,15,0.449,902.0,2.78,0.07,False,0,-1.0,56,STOP,102.0,-288.0,-0.035,0.274,13,12,13,0,2.78,-2.57,-0.827,presion_compradora_leve|PRE_CVD_CONTRA|vr_bajo(2.8x)|VPIN_TOXICO
BNBUSDT,06-08 14:56,1780930560000,LondonNyOverlap,Long,602.86,15,0.31,46.0,3.69,0.056,True,4.0,0.765,60,TIMEOUT,238.0,53.0,0.004,0.276,0,13,12,4,3.69,-5.12,-0.449,rango_limpio|presion_compradora_fuerte|pre_cvd_ok|vr_ok(3.7x)|VPIN_TOXICO
BNBUSDT,06-08 16:18,1780935480000,LondonNyOverlap,Long,607.54,15,0.395,211.0,6.49,0.097,True,3.0,-1.0,34,STOP,-290.0,87.0,-0.074,0.33,8,13,12,15,6.49,-4.99,-0.514,pre_cvd_ok|vr_fuerte(6.5x)
BNBUSDT,06-08 18:00,1780941600000,NewYork,Long,608.46,15,0.521,137.0,3.02,0.021,True,3.0,-0.148,60,TIMEOUT,-137.0,194.0,-0.004,0.282,12,9,16,0,3.02,1.29,-0.113,pre_cvd_ok|dz_ok(1.3)|vr_ok(3.0x)
BNBUSDT,06-08 20:09,1780949340000,NewYork,Short,606.93,15,0.226,-488.0,2.88,0.02,False,2.0,1.0,55,STOP,121.0,3.0,0.032,0.375,0,13,12,9,2.83,-2.32,0.434,rango_limpio|vr_bajo(2.8x)
BNBUSDT,06-09 08:05,1780992300000,London,Short,603.05,20,0.269,-142.0,2.24,0.023,True,0,0.443,60,TIMEOUT,83.0,-471.0,0.033,0.336,12,9,15,7,2.24,-0.5,0.355,pre_cvd_ok|vr_bajo(2.2x)|STACKED_CONTRA
BNBUSDT,06-09 09:33,1780997580000,London,Short,600.33,15,0.375,-293.0,4.77,0.195,True,4.0,0.395,60,TIMEOUT,-480.0,-88.0,0.132,0.34,15,13,12,7,4.77,-5.23,0.906,presion_vendedora_fuerte|pre_cvd_ok|vr_ok(4.8x)
BNBUSDT,06-09 11:14,1781003640000,London,Short,598.92,15,0.252,-37.0,3.36,0.013,True,3.0,1.0,49,STOP,-152.0,-103.0,-0.013,0.344,4,13,12,9,3.36,-2.67,0.916,presion_vendedora_leve|pre_cvd_ok|vr_ok(3.4x)
BNBUSDT,06-09 13:19,1781011140000,LondonNyOverlap,Short,595.34,15,0.45,-125.0,7.63,0.136,True,3.0,1.544,60,TIMEOUT,-10.0,-227.0,-0.137,0.246,2,13,12,10,7.63,-4.48,0.915,rango_ok|presion_vendedora_leve|pre_cvd_ok|vr_fuerte(7.6x)|VPIN_TOXICO
BNBUSDT,06-09 16:05,1781021100000,LondonNyOverlap,Short,585.76,15,0.526,-1354.0,3.34,0.082,True,4.0,1.0,31,STOP,-1462.0,-466.0,0.082,0.291,0,19,6,7,3.34,-4.44,0.17,rango_limpio|presion_vendedora_fuerte|pre_cvd_ok|vr_ok(3.3x)|VPIN_TOXICO
BNBUSDT,06-09 18:18,1781029080000,NewYork,Long,595.42,20,0.39,30.0,5.11,0.258,True,1.0,-0.431,60,TIMEOUT,-201.0,185.0,0.032,0.281,6,10,15,0,5.11,-5.19,-0.605,pre_cvd_ok|vr_fuerte(5.1x)|VPIN_TOXICO
BNBUSDT,06-09 19:56,1781034960000,NewYork,Long,597.02,15,0.439,379.0,3.49,0.023,True,3.0,0.011,60,TIMEOUT,11.0,36.0,-0.155,0.315,9,14,11,0,3.47,-2.31,-0.04,presion_compradora_leve|pre_cvd_ok|vr_ok(3.5x)
BNBUSDT,06-10 08:02,1781078520000,London,Short,587.43,15,0.214,-762.0,7.15,0.105,True,6.0,1.362,60,TIMEOUT,-856.0,-450.0,0.112,0.292,0,16,8,10,7.15,-3.73,-0.545,rango_limpio|presion_vendedora_fuerte|pre_cvd_ok|vr_fuerte(7.2x)|obi_alineado|VPIN_TOXICO
BNBUSDT,06-10 09:13,1781082780000,London,Short,583.68,45,0.487,-1219.0,5.91,0.057,True,3.0,-0.262,60,TIMEOUT,867.0,-195.0,-0.069,0.319,3,10,15,3,5.91,-4.02,-0.453,COMPRADORES_DOMINAN|pre_cvd_ok|vr_fuerte(5.9x)|obi_alineado|STACKED_CONTRA
BNBUSDT,06-10 10:30,1781087400000,London,Long,585.9,15,0.341,18.0,2.25,0.089,True,0,-1.0,33,STOP,-13.0,19.0,-0.14,0.293,9,11,14,2,2.25,-2.3,0.241,pre_cvd_ok|vr_bajo(2.2x)|obi_alineado|VPIN_TOXICO
BNBUSDT,06-10 12:30,1781094600000,London,Long,588.38,15,0.348,206.0,19.71,0.492,True,7.0,0.582,60,TIMEOUT,234.0,227.0,0.032,0.265,0,14,11,15,19.71,-6.46,-0.134,rango_limpio|presion_compradora_fuerte|pre_cvd_ok|vr_fuerte(19.7x)
BNBUSDT,06-10 13:53,1781099580000,LondonNyOverlap,Short,593.79,15,0.504,-3840.0,2.19,0.037,True,1.0,0.667,60,TIMEOUT,101.0,-1985.0,-0.227,0.293,23,11,14,19,2.19,-1.58,-0.925,pre_cvd_ok|vr_bajo(2.2x)|obi_alineado|STACKED_CONTRA
BNBUSDT,06-10 15:01,1781103660000,LondonNyOverlap,Long,594.78,15,0.526,158.0,3.68,0.175,False,3.0,0.369,60,TIMEOUT,-289.0,-290.0,-0.218,0.341,0,16,9,0,3.68,-3.95,-0.476,rango_limpio|PRE_CVD_CONTRA|vr_ok(3.7x)
BNBUSDT,06-10 17:12,1781111520000,NewYork,Short,591.69,15,0.433,-78.0,2.66,0.027,True,4.0,0.577,60,TIMEOUT,-252.0,-52.0,0.037,0.327,19,14,9,6,2.68,-2.2,-0.616,presion_vendedora_fuerte|pre_cvd_ok|vr_bajo(2.7x)|obi_alineado
BNBUSDT,06-10 18:50,1781117400000,NewYork,Short,587.77,15,0.357,-725.0,5.56,0.015,False,3.0,1.0,7,STOP,-188.0,167.0,0.02,0.383,10,16,9,2,5.56,-2.56,0.893,presion_vendedora_leve|PRE_CVD_CONTRA|vr_fuerte(5.6x)
BNBUSDT,06-10 21:11,1781125860000,NewYork,Short,584.72,15,0.434,-1194.0,3.07,0.048,True,4.0,0.383,60,TIMEOUT,-1514.0,-1782.0,0.096,0.422,13,16,9,0,3.07,-0.89,0.453,presion_vendedora_fuerte|pre_cvd_ok|vr_ok(3.1x)
SOLUSDT,06-06 14:58,1780757880000,LondonNyOverlap,Short,62.39,15,0.449,-18159.0,2.45,0.288,True,5.0,2.0,20,TARGET,-12138.0,-14473.0,0.039,0.231,0,13,11,16,2.95,-3.19,0.242,rango_limpio|presion_vendedora_fuerte|pre_cvd_ok|vr_bajo(2.9x)
SOLUSDT,06-07 08:05,1780819500000,London,Short,64.61,15,0.433,-18513.0,5.93,0.031,True,8.0,1.0,31,STOP,-27618.0,-41112.0,0.049,0.278,0,12,11,10,5.93,-3.33,-0.17,rango_limpio|presion_vendedora_fuerte|pre_cvd_ok|vr_fuerte(5.9x)|obi_alineado
SOLUSDT,06-07 09:15,1780823700000,London,Long,66.01,15,0.439,51136.0,2.31,0.076,False,3.0,-1.0,8,STOP,257305.0,-5789.0,0.089,0.259,15,7,15,9,2.31,-2.14,0.397,presion_compradora_fuerte|PRE_CVD_CONTRA|vr_bajo(2.3x)|obi_alineado
SOLUSDT,06-07 11:36,1780832160000,London,Long,64.97,15,0.508,11177.0,2.46,0.185,True,6.0,-1.0,33,STOP,18256.0,6972.0,0.082,0.24,0,10,12,15,2.46,-0.43,0.155,rango_limpio|presion_compradora_fuerte|pre_cvd_ok|vr_bajo(2.5x)|obi_alineado
SOLUSDT,06-07 14:17,1780841820000,LondonNyOverlap,Long,64.55,20,0.434,11686.0,2.6,0.031,False,3.0,2.0,14,TARGET,7003.0,-2354.0,-0.013,0.28,5,14,6,16,2.6,-2.94,0.153,presion_compradora_fuerte|PRE_CVD_CONTRA|vr_bajo(2.6x)|obi_alineado
SOLUSDT,06-07 18:49,1780858140000,NewYork,Short,65.02,15,0.277,-14636.0,3.8,0.276,True,2.0,2.0,9,TARGET,-15590.0,-2908.0,0.005,0.28,5,12,6,12,3.8,-3.59,0.07,presion_vendedora_fuerte|pre_cvd_ok|vr_ok(3.8x)|VPIN_TOXICO
SOLUSDT,06-08 08:20,1780906800000,London,Short,65.64,15,0.366,-12291.0,3.98,0.107,False,4.0,1.0,56,STOP,-35319.0,16286.0,-0.014,0.313,0,16,8,4,3.98,-4.97,-0.167,rango_limpio|presion_vendedora_fuerte|PRE_CVD_CONTRA|vr_ok(4.0x)|obi_alineado|VPIN_TOXICO
SOLUSDT,06-08 11:10,1780917000000,London,Long,66.46,15,0.316,3729.0,3.8,0.378,True,4.0,-0.457,60,TIMEOUT,-10643.0,16961.0,0.113,0.292,1,12,7,4,3.8,-2.57,0.489,rango_ok|pre_cvd_ok|vr_ok(3.8x)|obi_alineado
SOLUSDT,06-08 16:55,1780937700000,LondonNyOverlap,Short,66.92,15,0.523,-30318.0,2.64,0.075,True,4.0,-0.625,60,TIMEOUT,-89386.0,-6842.0,-0.02,0.358,12,16,9,0,2.64,-2.97,-0.079,presion_vendedora_fuerte|pre_cvd_ok|vr_bajo(2.6x)|obi_alineado
SOLUSDT,06-08 19:39,1780947540000,NewYork,Short,67.49,15,0.415,-11396.0,3.23,0.03,True,6.0,0.767,60,TIMEOUT,-6651.0,-30851.0,0.289,0.316,0,11,11,0,3.27,-2.95,-0.034,rango_limpio|presion_vendedora_fuerte|pre_cvd_ok|vr_ok(3.3x)
SOLUSDT,06-09 08:06,1780992360000,London,Short,66.58,15,0.436,-15949.0,4.67,0.06,True,5.0,-0.182,60,TIMEOUT,-8767.0,-22613.0,-0.061,0.285,2,9,12,0,4.67,-1.46,-0.513,rango_ok|presion_vendedora_fuerte|pre_cvd_ok|vr_ok(4.7x)|obi_alineado|STACKED_CONTRA
SOLUSDT,06-09 09:16,1780996560000,London,Long,66.74,15,0.405,4749.0,4.73,0.03,True,5.0,-1.0,12,STOP,9704.0,2016.0,-0.064,0.32,2,8,12,12,4.73,-4.21,0.019,rango_ok|presion_compradora_fuerte|pre_cvd_ok|vr_ok(4.7x)
SOLUSDT,06-09 10:52,1781002320000,London,Long,66.3,15,0.241,8037.0,3.42,0.181,True,6.0,-1.0,22,STOP,4579.0,5244.0,-0.082,0.292,0,8,10,13,3.42,-3.97,-0.08,rango_limpio|presion_compradora_fuerte|pre_cvd_ok|vr_ok(3.4x)
SOLUSDT,06-09 11:58,1781006280000,London,Long,66.16,15,0.272,5335.0,4.43,0.076,True,6.0,-1.0,47,STOP,14937.0,11838.0,-0.086,0.242,0,13,6,10,4.43,-2.65,-0.201,rango_limpio|presion_compradora_fuerte|pre_cvd_ok|vr_ok(4.4x)
SOLUSDT,06-09 12:59,1781009940000,London,Long,66.17,15,0.257,19404.0,3.51,0.136,True,4.0,-1.0,20,STOP,12702.0,16524.0,0.061,0.318,11,9,14,6,3.51,-1.78,-0.03,presion_compradora_fuerte|pre_cvd_ok|vr_ok(3.5x)
SOLUSDT,06-09 16:19,1781021940000,LondonNyOverlap,Short,63.8,15,0.549,-106803.0,2.14,0.141,False,2.0,1.0,16,STOP,-183751.0,5112.0,-0.073,0.252,6,15,10,0,2.14,-2.42,-0.045,presion_vendedora_fuerte|PRE_CVD_CONTRA|vr_bajo(2.1x)
SOLUSDT,06-09 21:19,1781039940000,NewYork,Short,65.26,20,0.444,-1890.0,2.59,0.122,True,4.0,0.135,60,TIMEOUT,-4385.0,-15045.0,0.025,0.417,0,9,10,0,2.56,-2.72,0.033,rango_limpio|presion_vendedora_fuerte|pre_cvd_ok|vr_bajo(2.6x)|STACKED_CONTRA
SOLUSDT,06-10 08:02,1781078520000,London,Short,64.3,15,0.389,-69745.0,2.29,0.078,True,4.0,2.0,30,TARGET,-95022.0,-34095.0,0.049,0.369,0,17,3,5,2.29,-2.63,-0.057,rango_limpio|presion_vendedora_fuerte|pre_cvd_ok|vr_bajo(2.3x)|obi_alineado|VPIN_TOXICO
SOLUSDT,06-10 13:30,1781098200000,LondonNyOverlap,Long,64.77,15,0.525,7249.0,11.91,0.575,True,6.0,0.254,60,TIMEOUT,30981.0,10334.0,0.011,0.223,4,13,10,15,11.91,-6.18,0.133,presion_compradora_fuerte|pre_cvd_ok|vr_fuerte(11.9x)|obi_alineado
SOLUSDT,06-10 17:29,1781112540000,NewYork,Short,64.06,15,0.531,-16408.0,4.35,0.404,True,5.0,0.05,60,TIMEOUT,-64152.0,-10154.0,0.064,0.288,10,20,4,7,4.66,-0.61,-0.057,presion_vendedora_fuerte|pre_cvd_ok|vr_ok(4.7x)|obi_alineado
SOLUSDT,06-10 20:22,1781122920000,NewYork,Long,63.59,15,0.503,44875.0,2.93,0.205,True,5.0,-1.0,34,STOP,12601.0,17790.0,0.014,0.291,0,5,19,7,2.93,-2.04,0.023,rango_limpio|presion_compradora_fuerte|pre_cvd_ok|vr_bajo(2.9x)
XRPUSDT,06-06 12:25,1780748700000,London,Short,1.0824,15,0.545,-1519421.0,3.41,0.102,True,5.0,1.0,24,STOP,-1747216.0,-586836.0,0.0,0.0,0,0,0,0,0.89,0.0,0.0,rango_limpio|presion_vendedora_fuerte|pre_cvd_ok|vr_bajo(0.9x)
XRPUSDT,06-06 13:45,1780753500000,LondonNyOverlap,Long,1.0975,15,0.519,396400.0,6.31,0.046,True,3.0,1.806,60,TIMEOUT,-433700.0,192017.0,0.0,0.0,0,0,0,0,1.99,-0.0,0.0,rango_limpio|pre_cvd_ok|vr_bajo(2.0x)
XRPUSDT,06-06 20:00,1780776000000,NewYork,Short,1.0774,45,0.529,-349611.0,7.98,0.195,True,5.0,-0.859,60,TIMEOUT,-157542.0,-304640.0,0.0,0.0,0,0,0,0,1.56,0.0,0.0,rango_limpio|presion_vendedora_fuerte|pre_cvd_ok|vr_bajo(1.6x)
XRPUSDT,06-07 08:45,1780821900000,London,Long,1.1459,15,0.55,1546997.0,9.75,0.473,True,6.0,2.0,36,TARGET,2663120.0,209384.0,0.0,0.0,0,0,0,0,3.59,-0.0,0.0,rango_limpio|presion_compradora_fuerte|pre_cvd_ok|vr_ok(3.6x)
XRPUSDT,06-07 14:20,1780842000000,LondonNyOverlap,Long,1.1316,30,0.548,1045262.0,9.5,0.408,True,5.0,0.065,60,TIMEOUT,1332698.0,223710.0,0.0,0.0,0,0,0,0,1.7,-0.0,0.0,rango_limpio|presion_compradora_fuerte|pre_cvd_ok|vr_bajo(1.7x)
XRPUSDT,06-07 15:35,1780846500000,LondonNyOverlap,Long,1.1359,15,0.511,910815.0,4.9,0.097,True,5.0,-0.203,60,TIMEOUT,1003963.0,34291.0,0.0,0.0,0,0,0,0,1.41,-0.0,0.0,rango_limpio|presion_compradora_fuerte|pre_cvd_ok|vr_bajo(1.4x)
XRPUSDT,06-07 17:00,1780851600000,NewYork,Long,1.1406,45,0.509,487832.0,4.99,0.167,False,2.0,0.286,60,TIMEOUT,-803494.0,-455895.0,0.0,0.0,0,0,0,0,1.35,-0.0,0.0,rango_limpio|PRE_CVD_CONTRA|vr_bajo(1.4x)
XRPUSDT,06-07 18:35,1780857300000,NewYork,Short,1.1434,15,0.464,-207517.0,5.21,0.14,True,3.0,2.0,36,TARGET,82561.0,-69044.0,0.0,0.0,0,0,0,0,1.77,0.0,0.0,rango_limpio|COMPRADORES_DOMINAN|pre_cvd_ok|vr_bajo(1.8x)
XRPUSDT,06-08 08:00,1780905600000,London,Short,1.1439,30,0.428,-831918.0,5.05,0.122,True,5.0,1.063,60,TIMEOUT,-835754.0,-56222.0,0.0,0.0,0,0,0,0,1.5,0.0,0.0,rango_limpio|presion_vendedora_fuerte|pre_cvd_ok|vr_bajo(1.5x)
XRPUSDT,06-08 09:10,1780909800000,London,Long,1.1436,15,0.472,955662.0,2.93,0.096,True,5.0,1.0,60,TIMEOUT,1479484.0,54503.0,0.0,0.0,0,0,0,0,0.81,-0.0,0.0,rango_limpio|presion_compradora_fuerte|pre_cvd_ok|vr_bajo(0.8x)
XRPUSDT,06-08 10:20,1780914000000,London,Short,1.1461,15,0.41,-903263.0,3.2,0.061,True,5.0,1.0,12,STOP,-147964.0,-282967.0,0.0,0.0,0,0,0,0,1.13,0.0,0.0,rango_limpio|presion_vendedora_fuerte|pre_cvd_ok|vr_bajo(1.1x)
XRPUSDT,06-08 18:35,1780943700000,NewYork,Short,1.1726,30,0.546,-2055171.0,3.37,0.026,True,5.0,1.0,42,STOP,-1793716.0,-197801.0,0.0,0.0,0,0,0,0,1.05,0.0,0.0,rango_limpio|presion_vendedora_fuerte|pre_cvd_ok|vr_bajo(1.1x)
XRPUSDT,06-09 09:30,1780997400000,London,Short,1.1595,15,0.457,-1866688.0,10.18,0.438,True,6.0,0.25,60,TIMEOUT,-1563523.0,-709018.0,0.0,0.0,0,0,0,0,3.03,0.0,0.0,rango_limpio|presion_vendedora_fuerte|pre_cvd_ok|vr_ok(3.0x)
XRPUSDT,06-09 10:30,1781001000000,London,Short,1.1548,30,0.442,-185860.0,3.65,0.061,False,2.0,0.224,60,TIMEOUT,286055.0,147405.0,0.0,0.0,0,0,0,0,1.36,0.0,0.0,rango_limpio|COMPRADORES_DOMINAN|PRE_CVD_CONTRA|vr_bajo(1.4x)
XRPUSDT,06-09 13:15,1781010900000,LondonNyOverlap,Short,1.1565,20,0.484,-57775.0,5.71,0.328,True,3.0,0.106,60,TIMEOUT,457992.0,-199262.0,0.0,0.0,0,0,0,0,1.98,0.0,0.0,rango_limpio|COMPRADORES_DOMINAN|pre_cvd_ok|vr_bajo(2.0x)
XRPUSDT,06-09 17:34,1781026440000,NewYork,Long,1.1452,15,0.506,527416.0,2.01,0.035,True,4.0,-1.0,13,STOP,1817445.0,392140.0,0.026,0.262,25,8,17,10,1.95,-1.27,0.139,presion_compradora_fuerte|pre_cvd_ok|vr_bajo(1.9x)|obi_alineado
XRPUSDT,06-09 19:50,1781034600000,NewYork,Long,1.1441,15,0.542,499326.0,6.28,0.07,False,5.0,-0.371,60,TIMEOUT,1008341.0,-226.0,0.207,0.276,12,12,10,0,6.39,-2.7,0.258,presion_compradora_fuerte|PRE_CVD_CONTRA|vr_fuerte(6.4x)|obi_alineado
XRPUSDT,06-09 21:00,1781038800000,NewYork,Long,1.144,15,0.201,39112.0,2.78,0.052,True,5.0,-1.0,4,STOP,339361.0,202437.0,0.016,0.326,9,6,19,0,2.77,1.07,0.344,presion_compradora_fuerte|pre_cvd_ok|dz_ok(1.1)|vr_bajo(2.8x)|obi_alineado
XRPUSDT,06-10 08:01,1781078460000,London,Short,1.1133,15,0.252,-1164046.0,2.08,0.179,True,6.0,2.0,36,TARGET,-1123372.0,-546707.0,0.105,0.329,0,16,7,0,2.08,-2.77,-0.149,rango_limpio|presion_vendedora_fuerte|pre_cvd_ok|vr_bajo(2.1x)|obi_alineado
XRPUSDT,06-10 10:18,1781086680000,London,Short,1.105,45,0.416,-135185.0,2.34,0.027,True,0,1.0,12,STOP,527920.0,-218467.0,-0.008,0.337,1,9,14,1,2.34,-3.24,-0.296,rango_ok|COMPRADORES_DOMINAN|pre_cvd_ok|vr_bajo(2.3x)|obi_alineado|VPIN_TOXICO|STACKED_CONTRA
XRPUSDT,06-10 11:46,1781091960000,London,Long,1.105,15,0.226,351146.0,2.24,0.118,True,5.0,2.0,44,TARGET,476236.0,447701.0,-0.081,0.226,3,12,10,12,2.24,1.63,0.355,presion_compradora_fuerte|pre_cvd_ok|dz_ok(1.6)|vr_bajo(2.2x)|obi_alineado
XRPUSDT,06-10 18:40,1781116800000,NewYork,Short,1.1014,15,0.527,-104373.0,3.9,0.054,True,4.0,0.172,60,TIMEOUT,-306232.0,-578286.0,-0.013,0.236,4,11,14,10,3.9,-0.75,-0.275,presion_vendedora_fuerte|pre_cvd_ok|vr_ok(3.9x)|obi_alineado|STACKED_CONTRA
XRPUSDT,06-10 21:10,1781125800000,NewYork,Short,1.0918,15,0.513,-606210.0,8.1,0.137,True,7.0,-0.169,60,TIMEOUT,-969821.0,-336419.0,-0.011,0.239,1,17,6,6,8.1,-4.81,-0.194,rango_ok|presion_vendedora_fuerte|pre_cvd_ok|vr_fuerte(8.1x)|obi_alineado
