num,fecha,symbol,session,range_bars,range_pct,range_cvd,pre_cvd_flip,cvd_flip_ratio,vr_at_breakout,breakout_delta,close_loc,bear_body,upper_wick,entry_price,stop_price,target_price,rr,result_r,exit_reason,bars_held,exit_price,pnl_usd,balance_after
1,2026-01-03 11:09,XRPUSDT,London,8,0.0021490329351792656,51734.39999999996,-65470.50000000004,1.2655119224345908,2.7796790295106497,-92195.39999999997,0.235,0.706,0.059,1.9996,2.0047,1.9960999999999998,0.6862745098039625,-0.059,TIME_STOP,30,1.9999,-0.59,499.41
2,2026-01-04 09:24,BNBUSDT,London,8,0.001342948392411839,103.54000000000002,-298.51,2.8830403708711603,3.076818521030764,-384.32,0.078,0.856,0.067,885.34,886.83,884.4499999999999,0.5973154362416743,-1.0,STOP,26,886.83,-9.99,489.42
3,2026-01-05 14:35,ETHUSDT,LondonNyOverlap,8,0.004478304537422017,2718.838999999999,-1496.5729999999999,0.5504456129987838,7.246462506437376,-6642.597,0.167,0.699,0.134,3137.28,3156.8,3128.62,0.4436475409836228,-1.0,STOP,3,3156.8,-9.79,479.63
4,2026-01-07 14:19,BTCUSDT,LondonNyOverlap,8,0.0023914401954230383,106.83500000000002,-109.72099999999996,1.0270136191323063,4.900281078921107,-239.69399999999996,0.17,0.777,0.053,91470.3,91719.3,91281.49999999999,0.7582329317269778,-1.0,STOP,16,91719.3,-9.59,470.04
5,2026-01-09 12:44,SOLUSDT,LondonNyOverlap,8,0.0022502903600464742,3395.2400000000025,-9436.470000000001,2.779323405709168,2.6537360048122465,-5498.459999999999,0.278,0.722,0.0,137.63,138.01,137.39,0.6315789473684525,-1.0,STOP,25,138.01,-9.4,460.64
6,2026-01-09 14:44,BTCUSDT,LondonNyOverlap,8,0.005814856392348584,103.18599999999994,-228.24099999999996,2.211937665962438,2.7335927717703026,-0.24600000000003774,0.155,0.736,0.109,90050.6,90630.2,89581.8,0.808833678398913,-0.289,TIME_STOP,30,90217.9,-2.66,457.98
7,2026-01-10 12:43,XRPUSDT,LondonNyOverlap,8,0.0013318746135185919,39310.99999999994,-587037.8,14.93316883315105,2.7836935700666086,-418560.2,0.294,0.647,0.059,2.1012,2.1046,2.0989999999999998,0.6470588235294579,0.647,TARGET,9,2.099,5.93,463.9
8,2026-01-10 13:13,SOLUSDT,LondonNyOverlap,8,0.0014671361502346584,1164.7200000000012,-15988.150000000001,13.727033106669401,3.555706198152639,-12912.02,0.3,0.6,0.1,136.27,136.5,136.10000000000002,0.7391304347825872,0.739,TARGET,12,136.1,6.86,470.76
9,2026-01-11 15:21,BNBUSDT,LondonNyOverlap,8,0.002538489433949764,753.65,-353.31000000000006,0.4687985138990248,2.9248577092521297,-986.1499999999999,0.198,0.669,0.134,908.84,911.66,907.0400000000001,0.6382978723404238,0.638,TARGET,27,907.04,6.01,476.77
10,2026-01-12 14:16,ETHUSDT,LondonNyOverlap,8,0.0016699701400329663,1688.759,-2611.601,1.5464616324768663,6.640332163505701,-4074.972,0.122,0.878,0.0,3103.82,3109.32,3098.94,0.8872727272727471,0.887,TARGET,1,3098.94,8.46,485.22
11,2026-01-14 11:19,XRPUSDT,London,8,0.0017873100983020673,158477.50000000003,-280859.9,1.7722383303623541,3.964959177082093,-147686.5,0.34,0.66,0.0,2.123,2.128,2.1204,0.5200000000000427,-1.0,STOP,2,2.128,-9.7,475.52
12,2026-01-15 14:36,ETHUSDT,LondonNyOverlap,8,0.005718608710155838,4579.008000000002,-3126.811,0.682857728136749,3.5581795016458346,-2304.885,0.142,0.712,0.146,3351.9,3372.33,3333.9300000000003,0.8795888399412601,0.88,TARGET,6,3333.93,8.37,483.89
13,2026-01-16 15:32,SOLUSDT,LondonNyOverlap,8,0.005489864864864872,2112.4900000000107,-19929.03,9.433905012568058,6.5967891648741634,-48640.859999999986,0.151,0.83,0.019,141.64,142.61,141.05,0.6082474226803695,0.608,TARGET,1,141.05,5.88,489.77
14,2026-01-17 15:05,XRPUSDT,LondonNyOverlap,8,0.0017856281067515152,114841.19999999995,-226294.90000000002,1.9705027464011184,4.497280011378102,-892522.7,0.214,0.607,0.179,2.0704,2.0749,2.0675000000000003,0.6444444444442997,-1.0,STOP,9,2.0749,-9.8,479.98
15,2026-01-21 11:53,BNBUSDT,London,8,0.002108423380581785,64.87999999999998,-194.35999999999999,2.9956843403205924,4.161886062847549,-559.28,0.315,0.685,0.0,871.95,874.53,870.8500000000001,0.4263565891472636,0.426,TARGET,4,870.85,4.09,484.07
16,2026-01-21 12:06,ETHUSDT,LondonNyOverlap,8,0.003655467899891186,620.8589999999954,-22723.365,36.59988016602831,4.222852935996605,-5258.415999999999,0.257,0.67,0.074,2933.06,2945.6,2924.1,0.7145135566188248,0.715,TARGET,5,2924.1,6.92,490.99
17,2026-01-21 12:10,SOLUSDT,LondonNyOverlap,8,0.00456908775799589,9553.369999999995,-10680.840000000002,1.1180180397074548,4.398510551218054,-45854.149999999994,0.0,0.875,0.125,126.66,127.27,126.11,0.9016393442622913,0.902,TARGET,3,126.11,8.86,499.85
18,2026-01-22 11:35,XRPUSDT,London,8,0.001899676541561861,31568.10000000002,-378000.5,11.974128946626491,7.166788455810646,-1093377.9,0.02,0.98,0.0,1.9429,1.9479,1.9405,0.48000000000004617,-0.34,TIME_STOP,30,1.9446,-3.4,496.45
19,2026-01-22 13:52,SOLUSDT,LondonNyOverlap,8,0.001853281853281704,5489.720000000002,-5291.710000000003,0.9639307651392058,2.5897763880846365,-9322.449999999997,0.179,0.679,0.143,129.3,129.64,129.16000000000003,0.4117647058823431,0.412,TARGET,1,129.16,4.09,500.54
20,2026-01-23 09:59,XRPUSDT,London,8,0.0009955984070425554,118408.29999999996,-116202.50000000003,0.9813712383337998,6.203200672816877,-825118.6000000001,0.261,0.696,0.043,1.9067,1.9088,1.905,0.8095238095238296,-1.0,STOP,1,1.9088,-10.01,490.53
21,2026-01-23 13:29,ETHUSDT,LondonNyOverlap,8,0.002091125467527928,1125.145,-752.3830000000004,0.6686987010563087,3.0378666582555858,-2330.7749999999996,0.0,1.0,0.0,2936.12,2942.93,2930.6300000000006,0.806167400880965,0.806,TARGET,9,2930.63,7.91,498.44
22,2026-01-23 13:30,XRPUSDT,LondonNyOverlap,8,0.0012051349227142733,71411.20000000004,-114761.4,1.6070504346657097,3.485081589524893,-84206.90000000002,0.167,0.833,0.0,1.9075,1.9103,1.9056999999999997,0.6428571428571995,0.643,TARGET,7,1.9057,6.41,504.85
23,2026-01-26 09:50,BTCUSDT,London,8,0.0017012138976965868,36.553,-17.364999999999995,0.47506360627034705,2.741589321042938,-93.41199999999999,0.287,0.691,0.022,87590.8,87774.7,87476.50000000001,0.6215334420880477,-1.0,STOP,14,87774.7,-10.1,494.75
24,2026-01-27 12:36,XRPUSDT,LondonNyOverlap,8,0.0013775564268305265,128223.40000000005,-65156.799999999974,0.508150618373869,4.340068889601998,-540740.1000000001,0.3,0.65,0.05,1.8861,1.8898,1.8846,0.40540540540544107,0.405,TARGET,5,1.8846,4.01,498.76
25,2026-01-27 13:10,SOLUSDT,LondonNyOverlap,8,0.0018605403656366604,452.849999999999,-22711.539999999997,50.152456663354414,5.74677493393212,-14592.43,0.182,0.727,0.091,123.53,123.83,123.36999999999999,0.5333333333333744,0.533,TARGET,10,123.37,5.32,504.07
26,2026-01-29 08:00,SOLUSDT,London,8,0.0022633578530434173,2966.530000000002,-3073.5699999999993,1.0360825611067466,3.6528885736874708,-2826.369999999999,0.143,0.81,0.048,123.55,123.9,123.34,0.5999999999999676,0.6,TARGET,7,123.34,6.05,510.12
27,2026-01-29 08:01,XRPUSDT,London,8,0.0018585386576041093,132421.20000000007,-55002.29999999999,0.41535871899665583,3.0034676798637947,-193752.69999999995,0.0,1.0,0.0,1.8819,1.8867,1.8797,0.458333333333316,0.458,TARGET,5,1.8797,4.67,514.79
28,2026-01-30 09:25,ETHUSDT,London,8,0.003156690644316904,2449.7519999999995,-5552.465999999999,2.2665420826271396,2.8934657715881666,-3057.039,0.142,0.799,0.059,2721.14,2732.88,2715.66,0.46678023850084394,0.467,TARGET,24,2715.66,4.81,519.6
29,2026-01-31 12:01,XRPUSDT,LondonNyOverlap,8,0.0019997647335607987,202825.19999999998,-108743.39999999997,0.5361434377976699,2.597238721825712,-130786.0,0.029,0.794,0.176,1.6975,1.7016,1.6947999999999999,0.6585365853658907,0.659,TARGET,10,1.6948,6.85,526.45
30,2026-01-31 13:34,XRPUSDT,LondonNyOverlap,8,0.004934601664684884,118416.89999999972,-82004.90000000002,0.692510106243283,4.862669174878366,-597147.4999999998,0.265,0.735,0.0,1.6784,1.6883,1.6717,0.6767676767676681,0.677,TARGET,9,1.6717,7.13,533.58
31,2026-02-01 13:50,BNBUSDT,LondonNyOverlap,8,0.0027947848015702497,55.36000000000006,-315.15,5.692738439306352,2.8528931387469174,-661.29,0.274,0.726,0.0,768.75,771.31,767.01,0.6796875000000181,0.68,TARGET,2,767.01,7.26,540.84
32,2026-02-01 14:10,BTCUSDT,LondonNyOverlap,8,0.0038502528924817567,53.97400000000005,-22.738000000000014,0.4212769111053469,3.2208969076370755,-134.706,0.163,0.837,0.0,78093.3,78402.3,77799.7,0.9501618122977534,0.95,TARGET,18,77799.7,10.28,551.11
33,2026-02-04 13:33,BTCUSDT,LondonNyOverlap,8,0.0017624943315439966,49.32,-214.477,4.348682076236821,4.605293375477117,-251.09300000000002,0.108,0.669,0.223,75770.9,75915.2,75647.8,0.8530838530837753,0.853,TARGET,2,75647.8,9.4,560.51
34,2026-02-05 08:59,XRPUSDT,London,8,0.0041178112786153095,227708.40000000002,-169865.1999999999,0.7459768721751147,5.338236480219679,-1021552.3999999999,0.26,0.727,0.013,1.4271,1.4334,1.4216,0.8730158730158865,-1.0,STOP,7,1.4334,-11.21,549.3
35,2026-02-06 09:10,XRPUSDT,London,8,0.006391990758567558,110932.50000000009,-761953.2000000001,6.868620106821711,4.956840835713402,-649589.2999999998,0.232,0.681,0.087,1.2939,1.3025,1.2859,0.9302325581395421,-1.0,STOP,9,1.3025,-10.99,538.32
36,2026-02-10 08:15,BTCUSDT,London,8,0.002610491676514235,4.1699999999999875,-34.40499999999999,8.250599520383714,2.5642486592450333,-108.999,0.002,0.998,0.0,68709.8,68956.6,68597.4,0.4554294975689117,-1.0,STOP,8,68956.6,-10.77,527.55
37,2026-02-10 11:54,XRPUSDT,London,8,0.004333617504973,178797.39999999994,-1943270.0,10.86855849134272,2.8409405504907532,-768851.4,0.111,0.833,0.056,1.4062,1.4132,1.401,0.742857142857112,-0.5,TIME_STOP,30,1.4097,-5.28,522.28
38,2026-02-12 12:53,SOLUSDT,LondonNyOverlap,8,0.003451251078515976,4412.25,-3867.750000000002,0.8765935747067827,4.6383640818551,-35699.64,0.214,0.786,0.0,80.91,81.28,80.72,0.513513513513501,-0.378,TIME_STOP,30,81.05,-3.95,518.33
39,2026-02-12 12:54,XRPUSDT,LondonNyOverlap,8,0.003378135556673562,27317.199999999997,-69694.59999999999,2.5513083332113102,7.79756362811832,-805175.2,0.045,0.955,0.0,1.3893,1.3953,1.3859000000000001,0.5666666666666408,0.567,TARGET,12,1.3859,5.88,524.2
40,2026-02-13 13:07,XRPUSDT,LondonNyOverlap,8,0.0024182910743075483,353370.69999999995,-259951.69999999992,0.7356345616656954,4.084590612459297,-313414.9,0.171,0.829,0.0,1.3617,1.3664,1.3598,0.4042553191489261,-1.0,STOP,11,1.3664,-10.48,513.72
41,2026-02-14 08:20,BNBUSDT,London,8,0.0015533918390878663,37.290000000000106,-401.13,10.757039420756204,4.8438013950813525,-1003.7300000000002,0.331,0.586,0.083,623.66,624.83,622.89,0.6581196581196016,-1.0,STOP,3,624.83,-10.27,503.45
42,2026-02-16 11:21,BTCUSDT,London,8,0.002132115259728287,185.80900000000003,-732.806,3.9438670893229064,3.654796558668467,-98.83500000000001,0.18,0.761,0.058,68390.5,68576.2,68284.00000000001,0.5735056542810292,-1.0,STOP,6,68576.2,-10.07,493.38
43,2026-02-17 15:33,SOLUSDT,LondonNyOverlap,8,0.005281478814068082,19531.03,-8276.939999999995,0.4237841015041191,3.285768637538886,-77542.54000000001,0.146,0.792,0.063,82.93,83.51,82.62999999999998,0.5172413793103905,-1.0,STOP,12,83.51,-9.87,483.51
44,2026-02-18 11:00,SOLUSDT,London,8,0.0021372595582996035,3580.779999999999,-31854.799999999996,8.896050581158297,2.8334195698452866,-5302.110000000001,0.214,0.714,0.071,84.11,84.3,83.94000000000001,0.8947368421052081,0.895,TARGET,7,83.94,8.65,492.16
45,2026-02-18 13:42,ETHUSDT,LondonNyOverlap,8,0.004170621856886066,1247.568,-673.807,0.5400964115783669,3.3321608330836217,-3316.4979999999996,0.096,0.849,0.056,1976.26,1987.1,1970.58,0.5239852398524083,0.524,TARGET,4,1970.58,5.16,497.32
46,2026-02-18 14:17,XRPUSDT,LondonNyOverlap,8,0.004103967168262657,82262.29999999999,-265972.50000000006,3.2332246970969702,3.1853035841170323,-409117.6,0.194,0.667,0.139,1.4597,1.4672,1.4552,0.5999999999999882,0.6,TARGET,30,1.4552,5.97,503.29
47,2026-02-19 08:15,BTCUSDT,London,8,0.0013425341674945628,3.5720000000000027,-51.30100000000001,14.361982082866733,2.9102301614277435,-36.212999999999994,0.304,0.564,0.132,67003.2,67098.0,66918.0,0.8987341772151316,0.899,TARGET,11,66918.0,9.05,512.34
48,2026-02-19 08:15,SOLUSDT,London,8,0.002431906614786027,12697.689999999997,-21231.35,1.6720639738409115,3.1857901502345904,-14605.43,0.143,0.857,0.0,82.07,82.31,81.91,0.6666666666666272,0.667,TARGET,12,81.91,6.83,519.17
49,2026-02-19 11:27,BTCUSDT,London,8,0.0007881953168933601,12.832000000000003,-31.769999999999996,2.475841645885286,2.9154866404595174,-48.782000000000004,0.293,0.707,0.0,66825.7,66881.7,66776.3,0.8821428571427532,0.882,TARGET,8,66776.3,9.16,528.33
50,2026-02-19 13:38,ETHUSDT,LondonNyOverlap,8,0.0027401368000373183,2548.3379999999993,-2417.128999999999,0.9485119320906409,3.409984382325916,-7991.575000000001,0.094,0.884,0.021,1927.94,1935.39,1924.7899999999997,0.42281879194634886,0.423,TARGET,2,1924.79,4.47,532.8
51,2026-02-20 11:44,SOLUSDT,London,8,0.004064554692169795,19177.299999999996,-20023.149999999998,1.0441068346430415,2.761726312054425,-6140.040000000001,0.071,0.821,0.107,83.42,83.89,83.21,0.4468085106383159,-0.787,TIME_STOP,30,83.79,-8.39,524.42
52,2026-02-20 13:24,ETHUSDT,LondonNyOverlap,8,0.003689466470169867,956.7549999999995,-3944.125,4.1223981060982196,3.8281405094245513,-491.5,0.241,0.665,0.094,1938.89,1947.8,1933.4800000000002,0.6071829405162674,0.607,TARGET,11,1933.48,6.37,530.78
53,2026-02-21 15:46,BNBUSDT,LondonNyOverlap,8,0.0019193553504013776,42.95000000000009,-60.400000000000034,1.4062863795110572,5.364788212027036,-547.8499999999999,0.0,0.991,0.009,629.28,630.84,628.42,0.5512820512820391,0.551,TARGET,4,628.42,5.85,536.63
54,2026-02-22 08:23,BTCUSDT,London,8,0.0005031579783641642,7.226000000000005,-16.835,2.329781345142539,10.400196194794473,-313.286,0.003,0.997,0.0,67933.8,67978.5,67910.1,0.5302013422818486,0.53,TARGET,3,67910.1,5.69,542.32
55,2026-02-22 12:05,XRPUSDT,LondonNyOverlap,8,0.003384094754653227,89891.00000000004,-159891.2,1.7787231202233809,4.702161721284681,-33647.0,0.067,0.8,0.133,1.4172,1.4231,1.4134999999999998,0.6271186440678387,0.627,TARGET,1,1.4135,6.8,549.12
56,2026-02-23 14:36,BTCUSDT,LondonNyOverlap,8,0.004756170525375078,133.19999999999993,-67.24799999999999,0.504864864864865,3.7258610526287073,-40.42500000000001,0.032,0.968,0.0,65870.0,66192.0,65564.0,0.9503105590062112,0.95,TARGET,6,65564.0,10.43,559.55
57,2026-02-24 13:16,ETHUSDT,LondonNyOverlap,8,0.0020821461447420083,2714.9940000000006,-3341.4120000000003,1.2307253717687772,3.3414741497908698,-2079.532,0.272,0.681,0.047,1822.6,1826.83,1819.23,0.7966903073285759,0.797,TARGET,6,1819.23,8.92,568.47
58,2026-02-25 10:54,XRPUSDT,London,8,0.002254381499527382,36515.300000000025,-176923.89999999997,4.845199135704755,2.6835766317249408,-265990.89999999997,0.077,0.923,0.0,1.3739,1.3781,1.3719,0.4761904761904535,0.476,TARGET,11,1.3719,5.41,573.88
59,2026-02-26 10:30,BNBUSDT,London,8,0.0019600031869969,56.62999999999997,-418.17999999999995,7.384425216316443,6.335985403784212,-742.29,0.21,0.765,0.025,626.94,628.68,626.2200000000001,0.4137931034482511,0.414,TARGET,19,626.22,4.75,578.64
60,2026-02-26 13:55,ETHUSDT,LondonNyOverlap,8,0.0038093855127180674,252.84000000000003,-434.9829999999998,1.7203883879133037,2.625028557739288,-2810.9549999999995,0.149,0.848,0.003,2062.98,2073.31,2057.57,0.5237173281703671,0.524,TARGET,12,2057.57,6.06,584.7
61,2026-02-27 09:21,XRPUSDT,London,8,0.002106002106002186,352676.9,-242574.1,0.6878083027269435,3.57565511220148,-116849.80000000005,0.235,0.608,0.157,1.4215,1.4247,1.4186999999999999,0.8750000000000173,0.875,TARGET,2,1.4187,10.23,594.93
62,2026-02-27 09:54,ETHUSDT,London,8,0.004582436643588827,5193.089000000002,-10134.849999999999,1.9516033713267757,2.6520284276483306,-2587.8550000000005,0.31,0.578,0.112,2008.68,2018.16,1999.72,0.9451476793248965,0.945,TARGET,17,1999.72,11.24,606.18
63,2026-02-27 10:03,SOLUSDT,London,8,0.004408352668213404,18049.600000000006,-7816.519999999999,0.4330577962946545,3.674722198842733,-35301.22,0.323,0.613,0.065,86.02,86.47,85.71000000000001,0.688888888888858,0.689,TARGET,8,85.71,8.35,614.53
64,2026-02-27 10:20,BTCUSDT,London,8,0.003552106019460446,426.4340000000002,-406.86300000000006,0.9541054418737714,6.180410570900637,-153.12599999999998,0.079,0.778,0.144,66727.9,67032.8,66557.2,0.5598556903902663,0.56,TARGET,32,66557.2,6.88,621.41
65,2026-03-01 10:03,SOLUSDT,London,8,0.003644914756025894,4806.360000000007,-11915.429999999997,2.479096447207446,3.6092834197326495,-24647.59999999999,0.179,0.795,0.026,84.74,85.08,84.46,0.823529411764701,-1.0,STOP,9,85.08,-12.43,608.98
66,2026-03-01 12:47,XRPUSDT,LondonNyOverlap,8,0.0036469730123996303,161559.19999999998,-984357.5999999999,6.092860078534679,2.9013052753564725,-388527.99999999994,0.286,0.536,0.179,1.3695,1.375,1.3650000000000002,0.8181818181817595,0.818,TARGET,17,1.365,9.96,618.95
67,2026-03-02 13:39,BNBUSDT,LondonNyOverlap,8,0.0035131059706760798,732.8000000000001,-1450.1499999999999,1.9789164847161569,3.86506422239548,-1165.5100000000002,0.102,0.898,0.0,621.81,624.09,619.7099999999999,0.9210526315789225,0.921,TARGET,24,619.71,11.4,630.35
68,2026-03-03 08:08,BNBUSDT,London,8,0.0015940656565656421,323.7200000000001,-260.97,0.8061596441369083,3.1664640518693883,-597.1500000000001,0.024,0.976,0.0,632.8,634.22,632.2,0.4225352112675199,0.423,TARGET,6,632.2,5.33,635.68
69,2026-03-03 08:25,ETHUSDT,London,8,0.0044291214736894855,395.12699999999813,-12783.727,32.353463569940956,4.053898292750116,-6439.153,0.219,0.781,0.0,1982.1,1991.1,1973.5,0.9555555555555455,0.956,TARGET,13,1973.5,12.15,647.84
70,2026-03-03 11:17,ETHUSDT,London,8,0.003223759620108166,49.29299999999955,-1588.337,32.22236423021554,3.034144599317477,-5871.973,0.338,0.658,0.003,1952.1,1960.14,1947.5399999999997,0.5671641791044856,-1.0,STOP,8,1960.14,-12.96,634.88
71,2026-03-06 09:26,XRPUSDT,London,8,0.00393982808022927,293720.6,-364421.5000000001,1.2407080061800233,2.657810408793915,-71050.59999999998,0.056,0.778,0.167,1.3946,1.4007,1.3897,0.8032786885246116,-0.328,TIME_STOP,30,1.3966,-4.16,630.71
72,2026-03-06 12:06,ETHUSDT,LondonNyOverlap,8,0.0019525148391127773,4283.19,-7464.591000000002,1.742764388224665,2.6035537227402967,-310.28099999999995,0.284,0.494,0.222,2047.04,2051.6,2043.6,0.7543859649123017,0.754,TARGET,1,2043.6,9.51,640.23
73,2026-03-07 10:16,ETHUSDT,London,8,0.001071660369194599,1724.901,-794.4629999999997,0.4605846944259408,3.7183564946391283,-3253.506,0.0,0.995,0.005,1985.4,1987.99,1983.7299999999998,0.6447876447877811,0.645,TARGET,4,1983.73,8.26,648.48
74,2026-03-08 08:14,BTCUSDT,London,8,0.001105570052128352,62.91700000000001,-58.216999999999985,0.9252984090150512,3.4998590696840575,-47.774,0.086,0.643,0.271,67212.2,67307.6,67158.79999999999,0.5597484276729963,0.56,TARGET,2,67158.8,7.26,655.75
75,2026-03-12 09:15,SOLUSDT,London,8,0.0021030494216613227,2852.950000000001,-7970.039999999999,2.793613627999087,3.232380246284453,-8789.119999999999,0.231,0.538,0.231,85.53,85.72,85.36000000000001,0.8947368421052081,-1.0,STOP,22,85.72,-13.11,642.63
76,2026-03-13 14:44,XRPUSDT,LondonNyOverlap,8,0.004732739420935354,324984.10000000003,-279272.79999999993,0.8593429647788919,2.7343868984058326,-976020.4999999998,0.077,0.692,0.231,1.4342,1.4433,1.4297000000000002,0.49450549450545855,0.495,TARGET,2,1.4297,6.36,648.99
77,2026-03-14 09:32,XRPUSDT,London,8,0.0010036561760700178,75396.69999999995,-325850.60000000003,4.3218151457557195,3.510652431293548,-65853.39999999997,0.278,0.722,0.0,1.3937,1.3955,1.3926999999999998,0.5555555555556104,0.556,TARGET,3,1.3927,7.22,656.21
78,2026-03-15 11:22,BNBUSDT,London,8,0.001328602702498672,186.92999999999995,-278.18,1.488150644626331,3.7868949029226546,-355.72999999999996,0.143,0.857,0.0,661.99,662.91,661.15,0.9130434782609448,0.913,TARGET,13,661.15,11.98,668.19
79,2026-03-15 13:34,BNBUSDT,LondonNyOverlap,8,0.002004038441101083,219.57999999999987,-999.76,4.553055833864653,2.777411963872758,-1020.89,0.299,0.533,0.168,658.1,659.6,656.9599999999999,0.7600000000000667,0.76,TARGET,5,656.96,10.16,678.35
80,2026-03-16 14:41,BTCUSDT,LondonNyOverlap,8,0.005645991550811193,6.352999999999952,-2559.919,402.9464819770218,3.9075514697461995,-842.375,0.166,0.774,0.059,72981.5,73504.2,72677.2,0.5821695044958956,-1.0,STOP,16,73504.2,-13.57,664.78
81,2026-03-17 13:50,XRPUSDT,LondonNyOverlap,8,0.005657614483493046,719616.5,-9677205.7,13.447726254192336,2.5282070699125705,-1913127.2,0.21,0.71,0.081,1.498,1.5097,1.4927000000000001,0.4529914529914394,-1.0,STOP,9,1.5097,-13.3,651.49
82,2026-03-18 13:55,BTCUSDT,LondonNyOverlap,8,0.0036164609989362555,83.22599999999996,-57.905,0.6957561339004642,3.3669573918403466,-325.56100000000004,0.076,0.686,0.239,72041.1,72348.9,71827.30000000002,0.6946068875893322,0.695,TARGET,18,71827.3,9.06,660.54
83,2026-03-18 14:13,ETHUSDT,LondonNyOverlap,8,0.003805236580588466,3482.3080000000004,-1631.7620000000006,0.4685863513508858,2.818502156976662,-7988.2040000000015,0.018,0.769,0.212,2221.29,2232.88,2215.9399999999996,0.4616048317515355,0.462,TARGET,15,2215.94,6.1,666.65
84,2026-03-19 13:02,SOLUSDT,LondonNyOverlap,8,0.004659090909090871,7346.7099999999955,-61368.850000000006,8.353242471800309,4.113761516885626,-42183.86,0.062,0.906,0.031,87.72,88.3,87.48,0.41379310344826825,-1.0,STOP,18,88.3,-13.33,653.31
85,2026-03-19 13:12,BNBUSDT,LondonNyOverlap,8,0.0025713792941250042,448.0100000000002,-640.3599999999999,1.4293430950201995,2.9907164805436177,-1113.12,0.277,0.639,0.084,637.25,639.34,636.0600000000001,0.569377990430585,0.569,TARGET,1,636.06,7.43,660.75
86,2026-03-19 14:37,ETHUSDT,LondonNyOverlap,8,0.0042322475461968245,6554.182000000001,-6575.0419999999995,1.0031827007550291,4.768079643129105,-14021.095000000001,0.136,0.775,0.089,2103.19,2115.33,2097.4700000000003,0.47116968698516143,-1.0,STOP,5,2115.33,-13.21,647.53
87,2026-03-20 13:04,XRPUSDT,LondonNyOverlap,8,0.0020094235033258747,115085.4,-48879.8,0.42472633366178514,4.208512306172375,-739507.3999999999,0.073,0.878,0.049,1.4396,1.4435,1.4377000000000002,0.4871794871794317,-1.0,STOP,1,1.4435,-12.95,634.58
88,2026-03-23 08:49,XRPUSDT,London,8,0.0027690738176783685,67234.0,-359658.20000000007,5.349350031234198,8.446784571403319,-1312214.4000000001,0.048,0.952,0.0,1.3704,1.3757,1.3680999999999999,0.4339622641509908,0.434,TARGET,6,1.3681,5.51,640.09
89,2026-03-23 15:53,XRPUSDT,LondonNyOverlap,8,0.005678277127622731,344345.3999999999,-234243.10000000015,0.680256219481951,2.5101442460625423,-993427.1000000001,0.275,0.725,0.0,1.4391,1.4494,1.433,0.5922330097087387,0.592,TARGET,2,1.433,7.58,647.67
90,2026-03-24 13:19,ETHUSDT,LondonNyOverlap,8,0.0035740511800408997,1817.7019999999995,-3920.1279999999997,2.1566395371738607,5.216650516167561,-8573.306,0.144,0.801,0.055,2147.96,2158.74,2143.3600000000006,0.42671614100181476,-1.0,STOP,14,2158.74,-12.95,634.72
91,2026-03-24 13:39,SOLUSDT,LondonNyOverlap,8,0.005168242797448855,4848.300000000003,-11890.860000000002,2.452583379741352,3.1882458849004043,-5121.68,0.273,0.727,0.0,90.69,91.27,90.33,0.6206896551724146,0.621,TARGET,1,90.33,7.88,642.6
92,2026-03-25 14:00,BNBUSDT,LondonNyOverlap,8,0.0024933433887922743,600.1000000000001,-441.55999999999995,0.7358106982169635,2.9514971837089394,-435.3800000000001,0.269,0.614,0.117,648.84,651.1,647.86,0.4336283185840806,0.434,TARGET,24,647.86,5.58,648.18
93,2026-03-30 12:57,XRPUSDT,LondonNyOverlap,8,0.0014776505356483205,63573.19999999999,-38445.20000000001,0.6047391038991276,4.5116991834744,-135211.90000000002,0.188,0.812,0.0,1.3522,1.3543,1.3503,0.9047619047619149,0.905,TARGET,4,1.3503,11.73,659.91
94,2026-04-02 12:01,BTCUSDT,LondonNyOverlap,8,0.0018555370706993305,81.018,-85.195,1.0515564442469574,4.4653464493250965,-85.894,0.263,0.578,0.159,66090.7,66261.0,66015.4,0.44216089254258145,0.442,TARGET,8,66015.4,5.83,665.74
95,2026-04-03 10:19,XRPUSDT,London,8,0.00106837606837612,27251.599999999977,-97576.80000000002,3.5805897635368233,4.090509893886335,-394501.0,0.091,0.818,0.091,1.3095,1.3115,1.3087,0.40000000000006664,-1.0,STOP,1,1.3115,-13.31,652.43
96,2026-04-03 11:57,XRPUSDT,London,8,0.002267573696145043,337685.6000000001,-232296.6999999999,0.6879082199537079,14.815598566191175,-1343435.2999999998,0.163,0.653,0.184,1.3198,1.3233,1.3173000000000001,0.7142857142857324,-1.0,STOP,16,1.3233,-13.05,639.38
97,2026-04-03 13:49,BTCUSDT,LondonNyOverlap,8,0.0014313335758982233,9.050000000000004,-73.42800000000003,8.113591160220993,2.5180522758955854,-72.631,0.05,0.726,0.224,66480.6,66597.3,66406.90000000001,0.6315338474721416,-1.0,STOP,4,66597.3,-12.79,626.59
98,2026-04-04 10:04,BTCUSDT,London,8,0.0008108749833868129,8.20900000000001,-14.343,1.7472286514800806,4.055328432921794,-29.247999999999998,0.004,0.996,0.0,66937.7,66993.3,66884.7,0.9532374100718427,0.953,TARGET,10,66884.7,11.94,638.53
99,2026-04-04 14:39,XRPUSDT,LondonNyOverlap,8,0.0015278838808250588,38422.399999999994,-105834.90000000001,2.754510389772633,6.063324045859784,-263220.8,0.292,0.625,0.083,1.3074,1.3097,1.3057,0.739130434782466,0.739,TARGET,2,1.3057,9.44,647.97
100,2026-04-04 14:40,ETHUSDT,LondonNyOverlap,8,0.0014984746796827023,254.83700000000067,-522.794,2.0514838897020393,7.123994049484568,-2859.1560000000004,0.022,0.978,0.0,2046.56,2050.81,2044.67,0.4447058823529112,0.445,TARGET,1,2044.67,5.77,653.74
101,2026-04-06 14:38,BNBUSDT,LondonNyOverlap,8,0.0026299784670513384,262.00000000000006,-161.28,0.6155725190839694,6.8068344453161105,-874.3999999999999,0.199,0.684,0.117,606.62,608.65,605.4499999999999,0.5763546798029993,0.576,TARGET,11,605.45,7.53,661.27
102,2026-04-07 10:02,ETHUSDT,London,8,0.0023080792174155667,764.6149999999992,-972.804,1.2722795132190723,2.6925263209753116,-5041.984,0.211,0.784,0.004,2125.49,2130.78,2120.9599999999996,0.8563327032135807,0.856,TARGET,7,2120.96,11.32,672.59
103,2026-04-07 11:01,XRPUSDT,London,8,0.0022962112514352193,131620.29999999993,-281867.19999999995,2.1415176838223293,2.8162153526542335,-587770.3,0.238,0.714,0.048,1.305,1.3081,1.3020999999999998,0.9354838709677512,-1.0,STOP,3,1.3081,-13.45,659.14
104,2026-04-08 09:30,XRPUSDT,London,8,0.003043478260869713,247271.49999999994,-1202410.6999999997,4.8627144656784145,2.684687250774328,-229755.09999999998,0.3,0.6,0.1,1.3795,1.3841,1.3756999999999997,0.8260869565217643,-0.391,TIME_STOP,30,1.3813,-5.15,653.98
105,2026-04-09 11:26,SOLUSDT,London,8,0.00231425091352007,729.9900000000007,-37907.509999999995,51.92880724393479,2.6230330882273623,-14145.560000000001,0.167,0.75,0.083,82.01,82.25,81.87,0.5833333333333481,-1.0,STOP,5,82.25,-13.08,640.91
106,2026-04-09 12:31,SOLUSDT,LondonNyOverlap,8,0.0036554161082002824,11050.630000000001,-17661.53,1.598237385560823,5.329134858007574,-7386.9200000000055,0.316,0.421,0.263,81.99,82.32,81.72,0.8181818181818103,-1.0,STOP,10,82.32,-12.82,628.09
107,2026-04-09 13:56,SOLUSDT,LondonNyOverlap,8,0.003916768665850589,12439.210000000003,-30954.760000000006,2.4884827895019055,5.014203145260588,-38693.07,0.263,0.737,0.0,81.56,81.94,81.30000000000001,0.6842105263157737,-1.0,STOP,16,81.94,-12.56,615.53
108,2026-04-09 13:56,BNBUSDT,LondonNyOverlap,8,0.0016140035607914063,194.18999999999994,-470.2899999999999,2.421803388434008,2.529449422220894,-97.84000000000003,0.3,0.7,0.0,600.57,601.64,599.6999999999999,0.8130841121496916,0.813,TARGET,21,599.7,10.01,625.53
109,2026-04-12 13:37,XRPUSDT,LondonNyOverlap,8,0.0024056532852203363,122391.5,-1026741.1000000001,8.38899024850582,9.699111792706079,-1087693.9,0.078,0.667,0.255,1.3269,1.3307,1.3242999999999998,0.6842105263158264,0.684,TARGET,11,1.3243,8.56,634.09
110,2026-04-12 14:53,XRPUSDT,LondonNyOverlap,8,0.0031674208144796237,691189.8999999999,-845179.0,1.2227884116940946,10.938683771836482,-1565907.0,0.14,0.86,0.0,1.3218,1.3268,1.3184,0.6800000000000285,-0.14,TIME_STOP,30,1.3225,-1.78,632.32
111,2026-04-13 11:51,BNBUSDT,London,8,0.0011029780407098635,63.05999999999998,-81.67999999999998,1.2952743418966064,5.176842695062914,-478.89,0.082,0.902,0.016,597.82,598.51,597.19,0.9130434782609412,0.913,TARGET,9,597.19,11.55,643.86
112,2026-04-14 12:24,BTCUSDT,LondonNyOverlap,8,0.0015044129896238955,74.89399999999998,-105.25499999999998,1.4053862792747085,4.048741038245904,-79.612,0.286,0.714,0.0,74262.8,74384.8,74161.2,0.8327868852459493,-0.805,TIME_STOP,30,74361.0,-10.37,633.5
113,2026-04-18 13:39,XRPUSDT,LondonNyOverlap,8,0.002652890254118979,55092.100000000035,-146268.2,2.654975940289078,3.3232420476274243,-144217.80000000005,0.097,0.742,0.161,1.4301,1.4352,1.4276,0.49019607843135204,-1.0,STOP,11,1.4352,-12.67,620.83
114,2026-04-20 12:38,XRPUSDT,LondonNyOverlap,8,0.002113718030014876,184238.50000000012,-214685.3,1.1652575330346255,2.6946098716039946,-297807.5,0.033,0.833,0.133,1.4168,1.4206,1.4145999999999999,0.5789473684211018,-1.0,STOP,8,1.4206,-12.42,608.41
115,2026-04-21 11:09,BNBUSDT,London,8,0.0034533096833943605,4067.4900000000007,-2974.26,0.731227366262732,2.7306112566124146,-430.80999999999995,0.24,0.719,0.041,636.19,638.51,634.1099999999999,0.8965517241380223,0.897,TARGET,30,634.11,10.91,619.32
116,2026-04-21 11:10,XRPUSDT,London,8,0.0018030513176143799,32662.1,-993185.2999999999,30.40788253051702,3.959897603631726,-519226.0,0.133,0.833,0.033,1.4396,1.4433,1.4381000000000002,0.40540540540535674,0.405,TARGET,1,1.4381,5.02,624.34
117,2026-04-21 12:14,BTCUSDT,LondonNyOverlap,8,0.0023681868757625454,30.56799999999998,-112.47300000000001,3.679436011515313,2.5536354608942475,-82.9,0.055,0.944,0.001,76212.8,76430.9,76069.5,0.6570380559376829,-1.0,STOP,19,76430.9,-12.49,611.85
118,2026-04-22 15:25,SOLUSDT,LondonNyOverlap,8,0.0022650056625141885,26242.31,-12807.949999999995,0.4880648845318874,2.7253607877270953,-27785.96,0.263,0.632,0.105,88.17,88.43,88.03,0.53846153846153,0.538,TARGET,1,88.03,6.58,618.44
119,2026-04-24 09:22,BNBUSDT,London,8,0.0012909929625138726,481.62,-408.08000000000004,0.8473070055230265,4.253847372053901,-445.48999999999995,0.265,0.735,0.0,634.55,635.42,633.7800000000001,0.8850574712642116,0.885,TARGET,29,633.78,10.95,629.38
120,2026-04-24 10:45,BNBUSDT,London,8,0.0005983498141966295,20.690000000000005,-356.0,17.206379893668434,2.573118172335442,-357.82,0.194,0.806,0.0,634.84,635.26,634.5,0.8095238095239642,-1.0,STOP,1,635.26,-12.59,616.8
121,2026-04-24 13:47,SOLUSDT,LondonNyOverlap,8,0.0027868091035763453,15665.58,-8041.110000000002,0.5132979436446019,2.7267563888745303,-6836.110000000001,0.263,0.737,0.0,85.98,86.27,85.79,0.6551724137931136,0.655,TARGET,9,85.79,8.08,624.88
122,2026-04-26 08:59,BNBUSDT,London,8,0.0010135242137268969,47.7,-415.68999999999994,8.7146750524109,6.357221185377323,-318.24,0.28,0.707,0.013,630.92,631.63,630.35,0.8028169014083198,-0.127,TIME_STOP,30,631.01,-1.59,623.29
123,2026-04-27 15:17,BNBUSDT,LondonNyOverlap,8,0.0023878205128205275,147.81000000000003,-3163.1500000000005,21.400108247073945,3.5194635031711834,-507.05999999999995,0.21,0.672,0.118,623.21,625.05,622.0699999999999,0.6195652173913863,0.62,TARGET,1,622.07,7.73,631.02
124,2026-04-28 09:35,SOLUSDT,London,8,0.002030335602531968,587.2700000000002,-2866.6399999999976,4.8812982103632,4.362021703540951,-16724.64,0.143,0.857,0.0,83.68,83.87,83.53,0.7894736842105656,0.789,TARGET,15,83.53,9.96,640.97
125,2026-04-28 11:05,BTCUSDT,London,8,0.0014678971034194671,29.642999999999997,-53.523,1.8055864791013059,2.6525598182874135,-58.936,0.279,0.539,0.183,76492.2,76612.3,76387.7,0.8701082431306822,0.87,TARGET,10,76387.7,11.15,652.13
126,2026-04-28 11:15,BNBUSDT,London,8,0.0008033548096852457,151.09000000000003,-533.19,3.528956251240982,4.521527688159262,-60.0,0.194,0.722,0.083,622.13,622.77,621.77,0.5625000000000333,-1.0,STOP,4,622.77,-13.04,639.09
127,2026-04-28 11:48,SOLUSDT,London,8,0.0017983455221197181,9623.069999999998,-46114.54,4.792081944743207,3.3510699613785606,-13870.089999999998,0.2,0.7,0.1,83.33,83.53,83.22999999999999,0.5000000000000355,0.5,TARGET,6,83.23,6.39,645.48
128,2026-04-29 08:05,XRPUSDT,London,8,0.002158739296251071,134804.29999999993,-102680.19999999998,0.7616982544325369,3.1569819848219987,-261445.29999999993,0.133,0.733,0.133,1.3886,1.3925,1.3864999999999998,0.5384615384615911,-0.051,TIME_STOP,30,1.3888,-0.66,644.82
129,2026-04-29 12:20,SOLUSDT,LondonNyOverlap,8,0.004028436018957386,4859.940000000004,-9999.470000000001,2.057529516825309,9.429007209476788,-90468.83000000002,0.238,0.762,0.0,84.09,84.55,83.86999999999999,0.4782608695652523,-0.174,TIME_STOP,30,84.17,-2.24,642.57
130,2026-04-29 13:34,SOLUSDT,LondonNyOverlap,8,0.00285612281328091,32748.00999999999,-27576.399999999998,0.8420786484430659,5.4154264841100375,-37131.719999999994,0.062,0.875,0.062,83.75,84.05,83.57000000000001,0.5999999999999811,0.6,TARGET,12,83.57,7.71,650.28
131,2026-04-29 13:45,ETHUSDT,LondonNyOverlap,8,0.002864717321729192,2847.4010000000007,-15491.364999999996,5.440528046453588,3.0161709018732634,-3044.993999999999,0.085,0.62,0.295,2290.71,2299.8,2286.66,0.44554455445545843,-1.0,STOP,5,2299.8,-13.01,637.28
132,2026-04-29 15:38,XRPUSDT,LondonNyOverlap,8,0.0037395512538496148,189652.99999999994,-266114.19999999995,1.4031636726020682,2.5248278558310173,-749813.3,0.259,0.741,0.0,1.3619,1.3687,1.3584999999999998,0.500000000000049,0.5,TARGET,3,1.3585,6.37,643.65
133,2026-05-06 10:46,BNBUSDT,London,8,0.0017271689849798052,95.04,-50.54999999999998,0.5318813131313129,4.125244430544567,-119.25999999999999,0.031,0.719,0.25,647.07,648.46,646.22,0.6115107913669289,0.612,TARGET,1,646.22,7.88,651.53
134,2026-05-06 12:55,BTCUSDT,LondonNyOverlap,8,0.001950883914506311,26.253,-51.43700000000001,1.9592808440940088,3.0050401535137166,-93.957,0.281,0.433,0.285,82179.2,82385.5,82064.5,0.5559864275326973,0.556,TARGET,6,82064.5,7.25,658.78
135,2026-05-07 08:10,XRPUSDT,London,8,0.0011970145049993205,38259.59999999999,-189038.3,4.940937699296387,4.215996427756814,-379117.5,0.12,0.84,0.04,1.4181,1.4205,1.4171,0.4166666666665896,0.417,TARGET,1,1.4171,5.49,664.27
136,2026-05-09 14:37,ETHUSDT,LondonNyOverlap,8,0.001235633056002319,2358.554999999999,-11543.195,4.894180970975875,4.120266779435361,-5826.253,0.0,0.988,0.012,2304.86,2307.81,2302.11,0.9322033898305659,-1.0,STOP,6,2307.81,-13.29,650.98
137,2026-05-10 09:53,ETHUSDT,London,8,0.0006789858186505919,226.41000000000017,-1867.017,8.246177288988996,6.745297586667347,-3471.8400000000006,0.144,0.847,0.008,2325.99,2328.0,2324.84,0.572139303482344,0.572,TARGET,10,2324.84,7.45,658.43
138,2026-05-11 12:04,SOLUSDT,LondonNyOverlap,8,0.002731953346642754,2612.6799999999976,-20268.69,7.757815729442571,2.854167563634165,-7161.66,0.167,0.833,0.0,95.07,95.35,94.83000000000001,0.8571428571427846,0.857,TARGET,2,94.83,11.29,669.72
139,2026-05-12 10:42,ETHUSDT,London,8,0.0014527887417624967,1152.5829999999996,-2287.7940000000003,1.9849277665903462,2.589197825069767,-2970.224,0.0,0.994,0.006,2283.55,2287.03,2280.39,0.9080459770115784,0.908,TARGET,8,2280.39,12.16,681.88
140,2026-05-12 15:00,XRPUSDT,LondonNyOverlap,8,0.0018216212429061414,922089.1,-1249916.4000000001,1.3555267056079507,3.1641982732900558,-1282337.4,0.0,1.0,0.0,1.4251,1.4278,1.4226,0.925925925925932,-1.0,STOP,4,1.4278,-13.64,668.24
141,2026-05-13 12:20,XRPUSDT,LondonNyOverlap,8,0.0013825521913452244,236542.90000000002,-815728.2999999999,3.4485427379135025,2.5415385092129235,-346242.9,0.105,0.737,0.158,1.4452,1.448,1.444,0.4285714285714739,0.429,TARGET,2,1.444,5.73,673.97
142,2026-05-13 13:45,BNBUSDT,LondonNyOverlap,8,0.00271900629977422,289.3699999999998,-1116.1599999999999,3.857207035974706,2.7298351576522903,-276.18000000000006,0.241,0.723,0.036,672.05,673.97,670.31,0.9062499999999704,0.906,TARGET,1,670.31,12.21,686.19
143,2026-05-13 15:07,SOLUSDT,LondonNyOverlap,8,0.006126914660831534,9275.07999999999,-14187.37,1.5296223860063756,2.506059640132881,-9107.37999999999,0.235,0.529,0.235,91.3,91.88,90.75999999999999,0.9310344827586342,0.931,TARGET,18,90.76,12.78,698.96
144,2026-05-15 12:05,SOLUSDT,LondonNyOverlap,8,0.002196112880201918,7749.77,-3570.8399999999997,0.4607672227691918,3.9531297534929144,-9809.68,0.25,0.5,0.25,91.03,91.24,90.84000000000002,0.9047619047618533,0.905,TARGET,2,90.84,12.65,711.62
145,2026-05-15 12:14,ETHUSDT,LondonNyOverlap,8,0.002418063153597953,2410.5679999999998,-3091.081,1.2823040046993075,3.0616153504913877,-2091.389,0.003,0.997,0.0,2250.6,2256.89,2245.9900000000002,0.7329093799681556,-1.0,STOP,7,2256.89,-14.23,697.38
146,2026-05-15 13:51,SOLUSDT,LondonNyOverlap,8,0.006494960806270978,38470.109999999986,-34939.849999999984,0.9082336910396148,7.328308714331393,-108201.10000000003,0.284,0.701,0.015,88.82,89.64,88.48,0.4146341463414465,0.415,TARGET,9,88.48,5.79,703.17
147,2026-05-15 14:00,XRPUSDT,LondonNyOverlap,8,0.006986167388570636,1301042.5999999996,-4613254.7,3.545813718935876,2.5045994333962205,-1548224.7000000002,0.327,0.551,0.122,1.4288,1.4396,1.4196,0.8518518518518671,-0.898,TIME_STOP,30,1.4385,-12.63,690.54
148,2026-05-17 10:54,SOLUSDT,London,8,0.0006906872337976548,5368.420000000002,-4430.599999999999,0.8253080049623536,3.3979551834936323,-41342.76,0.167,0.667,0.167,86.83,86.9,86.78,0.7142857142855983,0.714,TARGET,2,86.78,9.86,700.4
149,2026-05-18 09:58,SOLUSDT,London,8,0.0021304296366434707,2471.2699999999995,-1355.7599999999995,0.5486086101478187,4.595404919213085,-11731.61,0.25,0.625,0.125,84.43,84.65,84.28999999999999,0.6363636363637069,0.636,TARGET,7,84.29,8.91,709.31
150,2026-05-19 09:21,BNBUSDT,London,8,0.001308900523560259,53.60000000000001,-118.83999999999997,2.217164179104477,3.415628241874044,-298.68,0.0,0.816,0.184,641.36,642.47,640.79,0.5135135135135522,0.514,TARGET,5,640.79,7.29,716.6
151,2026-05-19 12:18,BNBUSDT,LondonNyOverlap,8,0.0015135911119433687,66.40000000000015,-199.32,3.0018072289156557,17.773307698291863,-4434.78,0.129,0.857,0.014,640.26,641.35,639.41,0.779816513761466,-1.0,STOP,12,641.35,-14.33,702.27
152,2026-05-19 13:19,XRPUSDT,LondonNyOverlap,8,0.0017454545454545147,116362.69999999998,-203151.69999999995,1.7458489705034343,3.455840856591329,-336642.99999999994,0.111,0.889,0.0,1.3734,1.3759,1.3711,0.9200000000000071,0.92,TARGET,7,1.3711,12.92,715.19
153,2026-05-19 13:26,BTCUSDT,LondonNyOverlap,8,0.0023351501410221955,19.783000000000023,-9.219999999999992,0.4660567153616732,4.66679953249245,-91.535,0.111,0.889,0.0,76583.6,76814.0,76456.0,0.5538194444444837,-1.0,STOP,7,76814.0,-14.3,700.89
154,2026-05-19 14:34,BTCUSDT,LondonNyOverlap,8,0.002414952801030862,193.00100000000003,-189.82500000000007,0.9835441267143695,2.905839841045155,-376.254,0.224,0.761,0.015,76244.4,76497.9,76129.1,0.45483234713999354,-1.0,STOP,7,76497.9,-14.02,686.87
155,2026-05-20 08:08,XRPUSDT,London,8,0.0011695906432748872,348416.5,-257101.90000000002,0.7379153972329096,2.648472856601347,-250711.1,0.286,0.714,0.0,1.367,1.3688,1.3656,0.7777777777778052,0.778,TARGET,13,1.3656,10.69,697.56
156,2026-05-20 10:55,BNBUSDT,London,8,0.0010238431348214762,172.29999999999998,-106.44,0.6177597214161347,5.331885423208429,-120.54999999999995,0.281,0.719,0.0,644.18,645.1,643.7800000000001,0.4347826086954695,0.435,TARGET,26,643.78,6.07,703.63
157,2026-05-21 13:43,BNBUSDT,LondonNyOverlap,8,0.0038087307828715477,449.32000000000016,-260.07000000000005,0.5788079764978188,2.853443987482719,-448.86999999999995,0.043,0.957,0.0,647.39,650.48,645.54,0.5987055016181242,-1.0,STOP,19,650.48,-14.07,689.56
158,2026-05-22 11:18,SOLUSDT,London,8,0.0017279115309296819,1562.410000000002,-2372.62,1.51856426930191,5.601999253226536,-15111.84,0.333,0.667,0.0,86.76,86.95,86.64999999999999,0.5789473684211314,-1.0,STOP,18,86.95,-13.79,675.76
159,2026-05-22 13:42,XRPUSDT,LondonNyOverlap,8,0.003229831901930529,430092.2,-1374412.7,3.195623403539985,6.306474750727448,-418150.1000000001,0.167,0.722,0.111,1.3597,1.3645,1.3557000000000001,0.833333333333264,0.833,TARGET,22,1.3557,11.26,687.02
160,2026-05-24 08:06,BNBUSDT,London,8,0.0006391915748462274,220.63,-111.85,0.506957349408512,5.014926776041145,-260.57000000000005,0.25,0.75,0.0,656.82,657.26,656.4200000000001,0.9090909090909796,-1.0,STOP,9,657.26,-13.74,673.28
161,2026-05-24 13:24,BTCUSDT,LondonNyOverlap,8,0.0007318801273782105,35.96700000000001,-125.89399999999999,3.500264131008979,2.618590411174353,-27.688999999999993,0.136,0.862,0.002,77025.0,77094.9,76982.1,0.613733905579367,0.614,TARGET,4,76982.1,8.27,681.55
162,2026-05-25 12:01,XRPUSDT,LondonNyOverlap,8,0.0007369196757552615,160239.9,-733841.3,4.579641524988471,3.1776920639836748,-114871.70000000001,0.333,0.583,0.083,1.3563,1.3577,1.3557000000000001,0.42857142857142855,-1.0,STOP,14,1.3577,-13.63,667.92
163,2026-05-27 09:15,XRPUSDT,London,8,0.000974512743628245,250312.19999999995,-232825.7,0.9301412396199628,4.564763477923547,-445493.0,0.2,0.75,0.05,1.3325,1.3341,1.3315,0.6250000000000521,-1.0,STOP,3,1.3341,-13.36,654.56
164,2026-05-27 10:00,ETHUSDT,London,8,0.0009604671712320872,349.91000000000025,-5769.985,16.48991169157782,3.9906290971194616,-2951.696,0.147,0.58,0.273,2080.99,2083.0,2079.0,0.990049751243565,-1.0,STOP,8,2083.0,-13.09,641.47
165,2026-05-27 11:32,BNBUSDT,London,8,0.0020770335074376334,47.25999999999994,-461.25,9.759839187473563,3.568118132511185,-131.48999999999995,0.121,0.724,0.155,654.36,655.87,653.15,0.8013245033112872,-0.278,TIME_STOP,46,654.78,-3.57,637.9
166,2026-05-27 13:37,BNBUSDT,LondonNyOverlap,8,0.0021458898545392885,637.8899999999999,-406.89,0.637868598034144,6.467908471330179,-1155.8,0.25,0.711,0.039,651.87,653.65,650.85,0.573033707865167,0.573,TARGET,1,650.85,7.31,645.21
167,2026-05-27 13:38,BTCUSDT,LondonNyOverlap,8,0.0031211967072973783,19.45900000000003,-721.9499999999999,37.10108433115776,7.629862393323455,-677.6399999999999,0.263,0.737,0.0,74973.5,75298.8,74829.99999999999,0.44113126344916465,-0.048,TIME_STOP,30,74989.0,-0.62,644.59
168,2026-05-28 14:05,BTCUSDT,LondonNyOverlap,8,0.0032869635867566246,77.99000000000002,-53.27399999999999,0.6830875753301702,5.525082333411136,-687.002,0.349,0.651,0.0,72665.7,72999.5,72520.5,0.43499101258237216,-1.0,STOP,8,72999.5,-12.89,631.7
169,2026-05-29 10:30,XRPUSDT,London,8,0.0011362775547307453,52064.10000000003,-797748.1,15.322421783916356,2.5047421030374752,-301359.5,0.13,0.87,0.0,1.3182,1.3203,1.3173,0.428571428571489,-1.0,STOP,6,1.3203,-12.63,619.07
170,2026-05-29 11:49,BTCUSDT,London,8,0.0006995576726777023,7.262999999999996,-114.28599999999999,15.73537105879114,2.923004696632496,-64.431,0.136,0.862,0.002,73427.5,73500.0,73397.20000000001,0.41793103448259805,0.418,TARGET,2,73397.2,5.18,624.24
171,2026-05-29 12:33,XRPUSDT,LondonNyOverlap,8,0.0016052591346888785,212781.90000000002,-124978.30000000002,0.5873539995648126,5.814394432373555,-402875.1000000001,0.314,0.657,0.029,1.3059,1.3084,1.3042,0.6800000000000285,0.68,TARGET,1,1.3042,8.49,632.73
172,2026-05-31 14:01,SOLUSDT,LondonNyOverlap,8,0.0014513788098692588,17255.34,-7909.980000000001,0.458407658151042,4.262630812460511,-13320.439999999999,0.333,0.667,0.0,82.61,82.74,82.50000000000001,0.8461538461537621,0.846,TARGET,13,82.5,10.71,643.44
173,2026-05-31 15:41,BNBUSDT,LondonNyOverlap,8,0.0041437036423155015,641.24,-617.22,0.9625413261805252,2.6861051779789307,-1261.8899999999999,0.07,0.922,0.008,721.62,725.68,719.68,0.4778325123152908,0.478,TARGET,33,719.68,6.15,649.59
174,2026-06-01 12:08,ETHUSDT,LondonNyOverlap,8,0.003978726200948483,759.726000000001,-11504.587,15.143073950345235,6.2477616172905215,-4928.092000000001,0.158,0.842,0.0,1974.33,1983.98,1968.2399999999998,0.6310880829015635,0.631,TARGET,3,1968.24,8.2,657.79
175,2026-06-03 09:15,ETHUSDT,London,8,0.0021668068613775655,5546.740000000002,-4918.171999999999,0.8866779405560739,3.0222975725508516,-8194.405999999999,0.0,0.759,0.241,1877.27,1882.25,1874.1100000000001,0.6345381526104102,0.635,TARGET,21,1874.11,8.35,666.14
176,2026-06-03 11:46,ETHUSDT,London,8,0.0021858562865970845,318.0129999999997,-1849.5910000000001,5.81608613484355,2.8296865261089716,-2573.451,0.0,1.0,0.0,1878.41,1883.33,1875.1100000000001,0.670731707317085,0.671,TARGET,15,1875.11,8.94,675.08
177,2026-06-05 11:03,ETHUSDT,London,8,0.002933970720047717,66.54099999999994,-713.0799999999996,10.716400414781868,2.621248527199757,-1016.7790000000005,0.221,0.779,0.0,1671.13,1676.58,1666.7600000000002,0.8018348623853279,-1.0,STOP,16,1676.58,-13.5,661.58
178,2026-06-06 10:10,ETHUSDT,London,8,0.004458271858361548,830.9629999999984,-9776.503000000002,11.76526873037671,2.5746497427876993,-6011.771,0.306,0.554,0.14,1555.94,1563.33,1549.4300000000003,0.8809201623815799,0.881,TARGET,20,1549.43,11.66,673.24
179,2026-06-07 12:42,SOLUSDT,LondonNyOverlap,8,0.005791203631241267,8817.269999999997,-9330.550000000001,1.0582130296565722,3.1468645037583003,-40343.5,0.0,0.861,0.139,63.58,64.04,63.3,0.608695652173905,-1.0,STOP,3,64.04,-13.46,659.77
180,2026-06-08 08:20,SOLUSDT,London,8,0.0034954407294833434,17886.83,-25357.260000000002,1.4176497456508503,4.198497673875688,-36814.89,0.158,0.842,0.0,65.64,65.94,65.47999999999999,0.5333333333333744,0.533,TARGET,3,65.48,7.03,666.81
181,2026-06-09 11:14,BNBUSDT,London,8,0.0019353331776168178,66.82999999999996,-318.37999999999994,4.7640281310788595,3.514295498138589,-271.30999999999995,0.209,0.687,0.104,598.92,600.36,598.0400000000001,0.6111111111110058,0.611,TARGET,7,598.04,8.15,674.95
182,2026-06-09 14:29,XRPUSDT,LondonNyOverlap,8,0.004641793659134578,416593.80000000016,-1217788.2000000002,2.923202889721354,3.0103399545004117,-838550.8,0.35,0.45,0.2,1.14,1.1459,1.1353000000000002,0.7966101694914731,0.797,TARGET,13,1.1353,10.76,685.71
183,2026-06-10 11:03,BTCUSDT,London,8,0.00254094836011102,35.119,-20.20900000000001,0.5754434921267693,10.582840266950843,-206.63599999999997,0.208,0.751,0.042,61201.5,61406.0,61094.0,0.5256723716381418,0.526,TARGET,1,61094.0,7.21,692.93
184,2026-06-11 09:11,XRPUSDT,London,8,0.0024128686327077077,25336.300000000003,-226103.19999999995,8.924081258905204,7.101758702780513,-1605594.7,0.308,0.692,0.0,1.1181,1.1212,1.1158000000000001,0.7419354838709862,0.742,TARGET,6,1.1158,10.28,703.21
185,2026-06-11 14:56,SOLUSDT,LondonNyOverlap,8,0.003969465648854823,25781.690000000006,-12113.590000000002,0.469852441791054,3.801777750201996,-38639.869999999995,0.187,0.687,0.125,65.38,65.74,65.22000000000001,0.4444444444443962,0.0,TIMEOUT,2,65.34,0.0,703.21
