num,fecha,symbol,direction,session,score,result_r,pnl_usd,balance,reason
1,2026-06-02 08:48,BTCUSDT,Short,London,,2.0,18.0,468.0,TARGET
2,2026-06-02 10:11,BTCUSDT,Long,London,,-1.0,-9.0,459.0,STOP
3,2026-06-02 12:18,BTCUSDT,Short,London,,2.0,18.0,477.0,TARGET
4,2026-06-02 16:36,BTCUSDT,Short,LondonNyOverlap,,2.0,18.0,495.0,TARGET
5,2026-06-02 20:51,BTCUSDT,Long,NewYork,,-1.0,-9.0,486.0,STOP
6,2026-06-03 08:32,BTCUSDT,Long,London,,-1.0,-9.0,477.0,STOP
7,2026-06-03 09:48,BTCUSDT,Short,London,,-1.0,-9.0,468.0,STOP
8,2026-06-03 11:34,BTCUSDT,Short,London,,2.0,18.0,486.0,TARGET
9,2026-06-03 13:25,BTCUSDT,Short,LondonNyOverlap,,2.0,18.0,504.0,TARGET
10,2026-06-03 16:01,BTCUSDT,Short,LondonNyOverlap,,2.0,18.0,522.0,TARGET
11,2026-06-04 12:48,BTCUSDT,Long,London,,-1.0,-9.0,513.0,STOP
12,2026-06-04 16:30,BTCUSDT,Short,LondonNyOverlap,,2.0,18.0,531.0,TARGET
13,2026-06-05 08:55,BTCUSDT,Short,London,0,2.0,18.0,549.0,TARGET
14,2026-06-05 10:44,BTCUSDT,Long,London,0,-1.0,-9.0,540.0,STOP
15,2026-06-05 13:20,BTCUSDT,Long,LondonNyOverlap,0,-1.0,-9.0,531.0,STOP
16,2026-06-06 08:27,BTCUSDT,Long,London,0,0.996943,8.97,539.97,TRAILING_STOP
17,2026-06-06 09:47,BTCUSDT,Short,London,0,1.323646,11.91,551.89,TRAILING_STOP
18,2026-06-06 11:02,BTCUSDT,Long,London,0,-1.0,-9.0,542.89,STOP
19,2026-06-06 12:03,BTCUSDT,Long,London,0,-0.045304,-0.41,542.48,TIME_STOP
20,2026-06-06 16:19,BNBUSDT,Short,LondonNyOverlap,0,2.0,18.0,560.48,TARGET
21,2026-06-07 08:02,BTCUSDT,Long,London,0,-1.0,-9.0,551.48,STOP
22,2026-06-07 08:05,ETHUSDT,Short,London,4,-1.0,-9.0,542.48,STOP
23,2026-06-07 08:36,SOLUSDT,Long,London,5,1.8,16.2,558.68,TARGET
24,2026-06-07 09:47,ETHUSDT,Short,London,4,-1.0,-9.0,549.68,STOP
25,2026-06-07 09:47,BNBUSDT,Short,London,3,-1.0,-9.0,540.68,STOP
26,2026-06-07 11:36,BTCUSDT,Long,London,5,-0.046005,-0.41,540.26,TIME_STOP
27,2026-06-07 11:38,ETHUSDT,Long,London,5,-1.0,-9.0,531.26,STOP
28,2026-06-07 12:07,BNBUSDT,Short,London,3,2.0,18.0,549.26,TARGET
29,2026-06-07 14:17,SOLUSDT,Long,LondonNyOverlap,0,1.023327,9.21,558.47,TRAILING_STOP
30,2026-06-07 14:18,ETHUSDT,Long,LondonNyOverlap,6,1.8,16.2,574.67,TARGET
31,2026-06-07 14:18,BNBUSDT,Long,LondonNyOverlap,4,1.8,16.2,590.87,TARGET
32,2026-06-07 15:30,BTCUSDT,Long,LondonNyOverlap,4,-0.070351,-0.63,590.24,TIME_STOP
33,2026-06-07 15:39,BNBUSDT,Long,LondonNyOverlap,0,-1.0,-9.0,581.24,STOP
34,2026-06-07 15:45,ETHUSDT,Short,LondonNyOverlap,0,-1.0,-9.0,572.24,STOP
35,2026-06-08 08:00,BNBUSDT,Short,London,4,-1.0,-9.0,563.24,STOP
36,2026-06-08 08:01,ETHUSDT,Short,London,3,2.0,18.0,581.24,TARGET
37,2026-06-08 09:03,BTCUSDT,Long,London,6,1.8,16.2,597.44,TARGET
38,2026-06-08 10:17,BTCUSDT,Short,London,0,-0.012643,-0.11,597.33,TIME_STOP
39,2026-06-08 10:27,BNBUSDT,Short,London,0,-1.0,-9.0,588.33,STOP
40,2026-06-08 11:10,SOLUSDT,Long,London,6,1.8,16.2,604.53,TARGET
41,2026-06-08 11:36,BTCUSDT,Long,London,4,-1.0,-9.0,595.53,STOP
42,2026-06-08 12:01,BNBUSDT,Short,London,4,-1.0,-9.0,586.53,STOP
43,2026-06-08 12:57,BNBUSDT,Long,London,5,-1.0,-9.0,577.53,STOP
44,2026-06-08 13:29,BNBUSDT,Short,LondonNyOverlap,5,-1.0,-9.0,568.53,STOP
45,2026-06-08 15:01,BNBUSDT,Long,LondonNyOverlap,4,1.8,16.2,584.73,TARGET
46,2026-06-08 15:12,BTCUSDT,Long,LondonNyOverlap,5,-1.0,-9.0,575.73,STOP
47,2026-06-08 16:21,ETHUSDT,Long,LondonNyOverlap,4,-1.0,-9.0,566.73,STOP
48,2026-06-08 16:55,SOLUSDT,Short,LondonNyOverlap,3,2.0,18.0,584.73,TARGET
49,2026-06-09 08:06,SOLUSDT,Short,London,5,-0.300379,-2.7,582.02,TIME_STOP
50,2026-06-09 08:07,BNBUSDT,Short,London,3,2.0,18.0,600.02,TARGET
51,2026-06-09 09:16,ETHUSDT,Long,London,5,-1.0,-9.0,591.02,STOP
52,2026-06-09 10:56,BTCUSDT,Long,London,0,-1.0,-9.0,582.02,STOP
53,2026-06-09 10:56,SOLUSDT,Long,London,4,-1.0,-9.0,573.02,STOP
54,2026-06-09 11:14,BNBUSDT,Short,London,4,-1.0,-9.0,564.02,STOP
55,2026-06-09 11:14,ETHUSDT,Short,London,4,-1.0,-9.0,555.02,STOP
56,2026-06-09 11:58,SOLUSDT,Long,London,0,1.8,16.2,571.22,TARGET
57,2026-06-09 12:03,BTCUSDT,Long,London,3,-0.398609,-3.59,567.64,TIME_STOP
58,2026-06-09 12:59,SOLUSDT,Long,London,3,-0.060439,-0.54,567.09,TIME_STOP
59,2026-06-09 12:59,ETHUSDT,Long,London,5,-1.0,-9.0,558.09,STOP
60,2026-06-09 13:37,BTCUSDT,Short,LondonNyOverlap,4,-1.0,-9.0,549.09,STOP
61,2026-06-09 14:04,BNBUSDT,Short,LondonNyOverlap,0,0.801879,7.22,556.31,TRAILING_STOP
62,2026-06-09 15:55,BTCUSDT,Short,LondonNyOverlap,4,-2.42,-21.78,534.53,SESSION_END
63,2026-06-09 16:19,SOLUSDT,Short,LondonNyOverlap,4,-2.26,-20.34,514.19,SESSION_END
64,2026-06-09 20:42,XRPUSDT,Long,NewYork,4,-1.0,-9.0,505.19,STOP
65,2026-06-09 21:18,ETHUSDT,Short,NewYork,5,1.32249483737092,11.9,517.09,SESSION_END
66,2026-06-09 21:19,SOLUSDT,Short,NewYork,4,2.00000000000009,18.0,535.09,TARGET
67,2026-06-09 21:19,BTCUSDT,Short,NewYork,5,1.24974368913943,11.25,546.34,SESSION_END
68,2026-06-10 08:03,SOLUSDT,Short,London,0,-1.0,-9.0,537.34,STOP
69,2026-06-10 09:19,BNBUSDT,Short,London,5,1.0,9.0,546.34,TRAILING_STOP
70,2026-06-10 09:19,BTCUSDT,Short,London,5,1.0,9.0,555.34,TRAILING_STOP
71,2026-06-10 11:25,BNBUSDT,Short,London,4,-1.0,-9.0,546.34,STOP
72,2026-06-10 15:48,BNBUSDT,Short,LondonNyOverlap,3,-1.0,-9.0,537.34,STOP
